Data,Abertura,Maxima,Minima,Fechamento,Volume
2000-01-03,1.054027,1.054027,1.054027,1.054027,35389440000
2000-01-04,0.995719,0.995719,0.995719,0.995719,28861440000
2000-01-05,0.985672,0.985672,0.985672,0.985672,43033600000
2000-01-06,0.982264,0.982264,0.982264,0.982264,34055680000
2000-01-07,0.986748,0.986748,0.986748,0.986748,20912640000
2000-01-10,1.007022,1.007022,1.007022,1.007022,19563520000
2000-01-11,0.982264,0.982264,0.982264,0.982264,23987200000
2000-01-12,0.983699,0.983699,0.983699,0.983699,23301120000
2000-01-13,0.955352,0.955352,0.955352,0.955352,26383360000
2000-01-14,0.968808,0.968808,0.968808,0.968808,16657920000
2000-01-17,0.957684,0.957684,0.957684,0.957684,16573440000
2000-01-18,0.96217,0.96217,0.96217,0.96217,17925120000
2000-01-19,0.955352,0.955352,0.955352,0.955352,38883840000
2000-01-20,0.953199,0.953199,0.953199,0.953199,26268160000
2000-01-21,0.932926,0.932926,0.932926,0.932926,17512960000
2000-01-24,0.926288,0.926288,0.926288,0.926288,18385920000
2000-01-26,0.937411,0.937411,0.937411,0.937411,25917440000
2000-01-27,0.930773,0.930773,0.930773,0.930773,38379520000
2000-01-28,0.930773,0.930773,0.930773,0.930773,17894400000
2000-01-31,0.915164,0.915164,0.915164,0.915164,32266240000
2000-02-01,0.932926,0.932926,0.932926,0.932926,23672320000
2000-02-02,0.950866,0.950866,0.950866,0.950866,14272000000
2000-02-03,0.977778,0.977778,0.977778,0.977778,25950720000
2000-02-04,1.002536,1.002536,1.002536,1.002536,21199360000
2000-02-07,1.009175,1.009175,1.009175,1.009175,20613120000
2000-02-08,1.031601,1.031601,1.031601,1.031601,31498240000
2000-02-09,1.009175,1.009175,1.009175,1.009175,15600640000
2000-02-10,0.98011,0.98011,0.98011,0.98011,18600960000
2000-02-11,0.948714,0.948714,0.948714,0.948714,25297920000
2000-02-14,0.935258,0.935258,0.935258,0.935258,10119680000
2000-02-15,0.953199,0.953199,0.953199,0.953199,33546240000
2000-02-16,1.029448,1.029448,1.029448,1.029448,73564160000
2000-02-17,1.020477,1.020477,1.020477,1.020477,21411840000
2000-02-18,0.998052,0.998052,0.998052,0.998052,22484480000
2000-02-21,0.995719,0.995719,0.995719,0.995719,18700800000
2000-02-22,0.991234,0.991234,0.991234,0.991234,22474240000
2000-02-23,0.998052,0.998052,0.998052,0.998052,20334080000
2000-02-24,1.024963,1.024963,1.024963,1.024963,32931840000
2000-02-25,1.051874,1.051874,1.051874,1.051874,36958720000
2000-02-28,1.031601,1.031601,1.031601,1.031601,11596800000
2000-02-29,1.036086,1.036086,1.036086,1.036086,24322560000
2000-03-01,1.054027,1.054027,1.054027,1.054027,23828480000
2000-03-02,1.047388,1.047388,1.047388,1.047388,24053760000
2000-03-03,1.08327,1.08327,1.08327,1.08327,13217280000
2000-03-08,1.108926,1.108926,1.108926,1.108926,8337920000
2000-03-09,1.148037,1.148037,1.148037,1.148037,21578240000
2000-03-10,1.114667,1.114667,1.114667,1.114667,14763520000
2000-03-14,1.042904,1.042904,1.042904,1.042904,28421120000
2000-03-15,1.056359,1.056359,1.056359,1.056359,25216000000
2000-03-16,1.062998,1.062998,1.062998,1.062998,23298560000
2000-03-17,1.051874,1.051874,1.051874,1.051874,18447360000
2000-03-20,1.020477,1.020477,1.020477,1.020477,16012800000
2000-03-21,1.040571,1.040571,1.040571,1.040571,25492480000
2000-03-22,1.043083,1.043083,1.043083,1.043083,25113600000
2000-03-23,1.042904,1.042904,1.042904,1.042904,26447360000
2000-03-24,1.042904,1.042904,1.042904,1.042904,15249920000
2000-03-27,1.121305,1.121305,1.121305,1.121305,22727680000
2000-03-28,1.0743,1.0743,1.0743,1.0743,16906240000
2000-03-29,1.069815,1.069815,1.069815,1.069815,21788160000
2000-03-30,1.045057,1.045057,1.045057,1.045057,16432640000
2000-03-31,1.058512,1.058512,1.058512,1.058512,20659200000
2000-04-03,1.049542,1.049542,1.049542,1.049542,18083840000
2000-04-04,1.04398,1.04398,1.04398,1.04398,33208320000
2000-04-05,1.087756,1.087756,1.087756,1.087756,40258560000
2000-04-06,1.103364,1.103364,1.103364,1.103364,24975360000
2000-04-07,1.110182,1.110182,1.110182,1.110182,19161600000
2000-04-10,1.085424,1.085424,1.085424,1.085424,13194240000
2000-04-11,1.058512,1.058512,1.058512,1.058512,21875200000
2000-04-12,1.083091,1.083091,1.083091,1.083091,45626880000
2000-04-13,1.058512,1.058512,1.058512,1.058512,40263680000
2000-04-17,0.941897,0.941897,0.941897,0.941897,66396160000
2000-04-18,0.97114,0.97114,0.97114,0.97114,50900480000
2000-04-19,0.912832,0.912832,0.912832,0.912832,38799360000
2000-04-20,0.914985,0.914985,0.914985,0.914985,17896960000
2000-04-24,0.897044,0.897044,0.897044,0.897044,20638720000
2000-04-25,0.977778,0.977778,0.977778,0.977778,38284800000
2000-04-26,0.963246,0.963246,0.963246,0.963246,22627840000
2000-04-27,0.964323,0.964323,0.964323,0.964323,43991040000
2000-04-28,0.964502,0.964502,0.964502,0.964502,25940480000
2000-05-02,0.987825,0.987825,0.987825,0.987825,19975680000
2000-05-03,0.984596,0.984596,0.984596,0.984596,20416000000
2000-05-04,0.982264,0.982264,0.982264,0.982264,21488640000
2000-05-05,0.984596,0.984596,0.984596,0.984596,17635840000
2000-05-08,0.985672,0.985672,0.985672,0.985672,17551360000
2000-05-09,0.986569,0.986569,0.986569,0.986569,26621440000
2000-05-10,0.968808,0.968808,0.968808,0.968808,26841600000
2000-05-11,0.95302,0.95302,0.95302,0.95302,36037120000
2000-05-12,0.951943,0.951943,0.951943,0.951943,26560000000
2000-05-15,0.968808,0.968808,0.968808,0.968808,13186560000
2000-05-16,1.000204,1.000204,1.000204,1.000204,27993600000
2000-05-17,0.989081,0.989081,0.989081,0.989081,12966400000
2000-05-18,0.993566,0.993566,0.993566,0.993566,23644160000
2000-05-19,0.97114,0.97114,0.97114,0.97114,23654400000
2000-05-22,0.942973,0.942973,0.942973,0.942973,20034560000
2000-05-23,0.955352,0.955352,0.955352,0.955352,24501760000
2000-05-24,0.939743,0.939743,0.939743,0.939743,38970880000
2000-05-25,0.953199,0.953199,0.953199,0.953199,38474240000
2000-05-26,0.942076,0.942076,0.942076,0.942076,26065920000
2000-05-29,0.950866,0.950866,0.950866,0.950866,11112960000
2000-05-30,0.953737,0.953737,0.953737,0.953737,23626240000
2000-05-31,0.939743,0.939743,0.939743,0.939743,26045440000
2000-06-01,0.986748,0.986748,0.986748,0.986748,27148800000
2000-06-02,1.042904,1.042904,1.042904,1.042904,51576320000
2000-06-05,1.038777,1.038777,1.038777,1.038777,22650880000
2000-06-07,1.120229,1.120229,1.120229,1.120229,23697920000
2000-06-08,1.12597,1.12597,1.12597,1.12597,28997120000
2000-06-09,1.12579,1.12579,1.12579,1.12579,10813440000
2000-06-12,1.119152,1.119152,1.119152,1.119152,6832640000
2000-06-13,1.118076,1.118076,1.118076,1.118076,21562880000
2000-06-14,1.105696,1.105696,1.105696,1.105696,27604480000
2000-06-15,1.106594,1.106594,1.106594,1.106594,21391360000
2000-06-16,1.128123,1.128123,1.128123,1.128123,36892160000
2000-06-19,1.134761,1.134761,1.134761,1.134761,68078080000
2000-06-20,1.141578,1.141578,1.141578,1.141578,17233920000
2000-06-21,1.155034,1.155034,1.155034,1.155034,38213120000
2000-06-23,1.155168,1.155168,1.155168,1.155168,28073600
2000-06-26,1.177371,1.177371,1.177371,1.177371,23228800
2000-06-27,1.188583,1.188583,1.188583,1.188583,28342400
2000-06-28,1.231193,1.231193,1.231193,1.231193,25206400
2000-06-29,1.193069,1.193069,1.193069,1.193069,15392000
2000-06-30,1.222223,1.222223,1.222223,1.222223,15942400
2000-07-03,1.255862,1.255862,1.255862,1.255862,22694400
2000-07-04,1.282773,1.282773,1.282773,1.282773,21155200
2000-07-05,1.251377,1.251377,1.251377,1.251377,40316800
2000-07-06,1.251377,1.251377,1.251377,1.251377,29712000
2000-07-07,1.203161,1.203161,1.203161,1.203161,48684800
2000-07-10,1.207646,1.207646,1.207646,1.207646,26758400
2000-07-11,1.149338,1.149338,1.149338,1.149338,55961600
2000-07-12,1.132518,1.132518,1.132518,1.132518,48240000
2000-07-13,1.086321,1.086321,1.086321,1.086321,28204800
2000-07-14,1.110092,1.110092,1.110092,1.110092,27990400
2000-07-17,1.110092,1.110092,1.110092,1.110092,78153600
2000-07-18,1.098879,1.098879,1.098879,1.098879,37033600
2000-07-19,1.114577,1.114577,1.114577,1.114577,30892800
2000-07-20,1.175128,1.175128,1.175128,1.175128,37116800
2000-07-21,1.154945,1.154945,1.154945,1.154945,53036800
2000-07-24,1.143732,1.143732,1.143732,1.143732,26806400
2000-07-25,1.083181,1.083181,1.083181,1.083181,59932800
2000-07-26,1.093273,1.093273,1.093273,1.093273,39897600
2000-07-27,1.076229,1.076229,1.076229,1.076229,47590400
2000-07-28,1.036086,1.036086,1.036086,1.036086,36342400
2000-07-31,1.049991,1.049991,1.049991,1.049991,22048000
2000-08-01,1.020388,1.020388,1.020388,1.020388,77788800
2000-08-02,1.043038,1.043038,1.043038,1.043038,66147200
2000-08-03,1.045954,1.045954,1.045954,1.045954,48515200
2000-08-04,1.042814,1.042814,1.042814,1.042814,164937600
2000-08-07,1.066586,1.066586,1.066586,1.066586,69481600
2000-08-08,1.030479,1.030479,1.030479,1.030479,203132800
2000-08-09,1.010296,1.010296,1.010296,1.010296,136963200
2000-08-10,1.110092,1.110092,1.110092,1.110092,218003200
2000-08-11,1.119063,1.119063,1.119063,1.119063,93910400
2000-08-14,1.11682,1.11682,1.11682,1.11682,45708800
2000-08-15,1.130276,1.130276,1.130276,1.130276,48217600
2000-08-16,1.143732,1.143732,1.143732,1.143732,66998400
2000-08-17,1.188583,1.188583,1.188583,1.188583,55654400
2000-08-18,1.165933,1.165933,1.165933,1.165933,43158400
2000-08-21,1.14261,1.14261,1.14261,1.14261,46761600
2000-08-22,1.154945,1.154945,1.154945,1.154945,42275200
2000-08-23,1.181631,1.181631,1.181631,1.181631,54163200
2000-08-24,1.177371,1.177371,1.177371,1.177371,29488000
2000-08-25,1.199797,1.199797,1.199797,1.199797,37667200
2000-08-28,1.186341,1.186341,1.186341,1.186341,29004800
2000-08-29,1.21998,1.21998,1.21998,1.21998,53814400
2000-08-30,1.267075,1.267075,1.267075,1.267075,91404800
2000-08-31,1.235678,1.235678,1.235678,1.235678,49180800
2000-09-01,1.244648,1.244648,1.244648,1.244648,34025600
2000-09-04,1.236575,1.236575,1.236575,1.236575,17913600
2000-09-05,1.229175,1.229175,1.229175,1.229175,28764800
2000-09-06,1.276045,1.276045,1.276045,1.276045,38336000
2000-09-08,1.267075,1.267075,1.267075,1.267075,21145600
2000-09-11,1.291744,1.291744,1.291744,1.291744,39068800
2000-09-12,1.269542,1.269542,1.269542,1.269542,34668800
2000-09-13,1.255862,1.255862,1.255862,1.255862,45532800
2000-09-14,1.208767,1.208767,1.208767,1.208767,39596800
2000-09-15,1.224017,1.224017,1.224017,1.224017,27494400
2000-09-18,1.188359,1.188359,1.188359,1.188359,31660800
2000-09-19,1.180735,1.180735,1.180735,1.180735,43027200
2000-09-20,1.199797,1.199797,1.199797,1.199797,39939200
2000-09-21,1.1684,1.1684,1.1684,1.1684,28496000
2000-09-22,1.154945,1.154945,1.154945,1.154945,39763200
2000-09-25,1.166157,1.166157,1.166157,1.166157,34928000
2000-09-26,1.195311,1.195311,1.195311,1.195311,34464000
2000-09-27,1.193069,1.193069,1.193069,1.193069,62380800
2000-09-28,1.186341,1.186341,1.186341,1.186341,22048000
2000-09-29,1.175128,1.175128,1.175128,1.175128,28652800
2000-10-02,1.170642,1.170642,1.170642,1.170642,24534400
2000-10-03,1.175352,1.175352,1.175352,1.175352,25948800
2000-10-04,1.188583,1.188583,1.188583,1.188583,21932800
2000-10-06,1.161672,1.161672,1.161672,1.161672,37315200
2000-10-09,1.163915,1.163915,1.163915,1.163915,26342400
2000-10-10,1.18522,1.18522,1.18522,1.18522,40163200
2000-10-11,1.188583,1.188583,1.188583,1.188583,30969600
2000-10-13,1.202936,1.202936,1.202936,1.202936,33702400
2000-10-16,1.15943,1.15943,1.15943,1.15943,61683200
2000-10-17,1.110092,1.110092,1.110092,1.110092,30995200
2000-10-18,1.121305,1.121305,1.121305,1.121305,97750400
2000-10-19,1.13947,1.13947,1.13947,1.13947,55462400
2000-10-20,1.121305,1.121305,1.121305,1.121305,26928000
2000-10-23,1.075331,1.075331,1.075331,1.075331,39004800
2000-10-25,1.027116,1.027116,1.027116,1.027116,54582400
2000-10-26,1.096637,1.096637,1.096637,1.096637,48233600
2000-10-27,1.107176,1.107176,1.107176,1.107176,45820800
2000-10-30,1.137228,1.137228,1.137228,1.137228,25900800
2000-10-31,1.135658,1.135658,1.135658,1.135658,44307200
2000-11-01,1.147769,1.147769,1.147769,1.147769,31068800
2000-11-03,1.123548,1.123548,1.123548,1.123548,31468800
2000-11-06,1.147992,1.147992,1.147992,1.147992,26361600
2000-11-07,1.170642,1.170642,1.170642,1.170642,33436800
2000-11-08,1.154945,1.154945,1.154945,1.154945,34857600
2000-11-09,1.121305,1.121305,1.121305,1.121305,52691200
2000-11-10,1.124669,1.124669,1.124669,1.124669,33510400
2000-11-13,1.139246,1.139246,1.139246,1.139246,29878400
2000-11-16,1.150683,1.166157,1.141488,1.166157,23590400
2000-11-17,1.17737,1.179613,1.154944,1.166157,24732800
2000-11-20,1.143731,1.163915,1.142162,1.157411,18204800
2000-11-21,1.159429,1.179613,1.157187,1.171764,29494400
2000-11-22,1.17625,1.186341,1.1684,1.1684,46486400
2000-11-23,1.166158,1.1684,1.130276,1.143732,41798400
2000-11-24,1.154945,1.154945,1.121306,1.132743,25968000
2000-11-27,1.140816,1.143507,1.089908,1.098879,40777600
2000-11-28,1.089909,1.105607,1.083181,1.085424,41145600
2000-11-29,1.089909,1.105607,1.083181,1.084975,37433600
2000-11-30,1.080938,1.087666,1.058512,1.062998,36176000
2000-12-01,1.076229,1.078695,1.054027,1.058512,21267200
2000-12-04,1.054251,1.065016,1.045057,1.05627,13091200
2000-12-05,1.087666,1.092152,1.069725,1.074659,23529600
2000-12-06,1.071519,1.076453,1.000204,1.000204,69888000
2000-12-07,1.009399,1.02263,0.986748,1.012538,77657600
2000-12-08,1.024873,1.042814,1.011417,1.020388,59593600
2000-12-11,1.042814,1.042814,1.000204,1.006932,47737600
2000-12-13,1.018145,1.060755,1.009623,1.047299,55424000
2000-12-14,1.051784,1.076453,1.042814,1.06524,56918400
2000-12-15,1.060979,1.069725,1.043935,1.060531,29577600
2000-12-18,1.071968,1.073986,1.038329,1.047299,68486400
2000-12-19,1.04842,1.054027,1.036086,1.036086,36204800
2000-12-20,1.040347,1.040347,1.015005,1.018369,36201600
2000-12-21,1.031601,1.031601,0.998186,1.002447,43344000
2000-12-22,1.002447,1.027116,0.997962,1.009175,27811200
2000-12-26,1.009175,1.021509,1.002447,1.002447,10713600
2000-12-27,1.008053,1.02263,1.000428,1.015902,18809600
2000-12-28,1.011417,1.031601,1.011417,1.026667,16169600
2001-01-02,1.027116,1.071295,1.027116,1.060755,32521600
2001-01-03,1.056269,1.114577,1.045056,1.114577,60508800
2001-01-04,1.11525,1.124669,1.111662,1.119063,46118400
2001-01-05,1.121305,1.145974,1.105607,1.121305,41360000
2001-01-08,1.121305,1.128033,1.101122,1.107625,35968000
2001-01-09,1.121305,1.137003,1.112335,1.130948,43475200
2001-01-10,1.128033,1.137003,1.112335,1.12579,39264000
2001-01-11,1.123548,1.145749,1.121305,1.139246,34508800
2001-01-12,1.144852,1.161672,1.141488,1.145974,38777600
2001-01-15,1.154944,1.159429,1.143731,1.150459,9497600
2001-01-16,1.150459,1.184098,1.150459,1.1758,48595200
2001-01-17,1.187463,1.228951,1.18679,1.197554,75100800
2001-01-18,1.196433,1.21998,1.188584,1.216616,39398400
2001-01-19,1.222223,1.244424,1.179613,1.239491,60195200
2001-01-22,1.233435,1.237921,1.21998,1.224465,31462400
2001-01-23,1.231193,1.260347,1.22895,1.251377,44608000
2001-01-24,1.251601,1.262589,1.233435,1.235678,39036800
2001-01-26,1.233436,1.233436,1.204282,1.218859,26076800
2001-01-29,1.244649,1.244649,1.202039,1.21998,26550400
2001-01-30,1.21998,1.231193,1.210785,1.221101,24995200
2001-01-31,1.221101,1.242182,1.215495,1.222447,34620800
2001-02-01,1.222223,1.228951,1.197554,1.206524,43728000
2001-02-02,1.195311,1.218859,1.195311,1.206524,17532800
2001-02-05,1.206524,1.21101,1.195311,1.202039,21875200
2001-02-06,1.217738,1.233436,1.202039,1.215719,25504000
2001-02-07,1.214374,1.222223,1.188584,1.213477,29075200
2001-02-08,1.231193,1.251377,1.222223,1.249358,28233600
2001-02-09,1.249358,1.261469,1.240164,1.256086,23536000
2001-02-12,1.255862,1.27156,1.244649,1.249582,18220800
2001-02-13,1.250255,1.278288,1.244649,1.278288,26681600
2001-02-14,1.269317,1.307442,1.264832,1.305423,42454400
2001-02-15,1.278288,1.318431,1.278288,1.298696,37494400
2001-02-16,1.296229,1.302957,1.245097,1.265057,48470400
2001-02-19,1.264832,1.269318,1.240612,1.242406,27600000
2001-02-20,1.249134,1.262589,1.244873,1.260347,21920000
2001-02-21,1.273578,1.276045,1.233435,1.252498,27328000
2001-02-22,1.255862,1.260347,1.237921,1.255862,32787200
2001-02-23,1.25474,1.258104,1.233436,1.249134,22416000
2001-02-28,1.300714,1.300714,1.228951,1.231418,25795200
2001-03-01,1.232314,1.260347,1.220428,1.253619,19552000
2001-03-02,1.248013,1.278288,1.240164,1.267075,21686400
2001-03-05,1.269317,1.286137,1.260347,1.276045,20556800
2001-03-06,1.276045,1.291744,1.256086,1.277167,26265600
2001-03-07,1.289501,1.291744,1.267075,1.285016,17683200
2001-03-08,1.285016,1.296229,1.267075,1.285016,31801600
2001-03-09,1.282324,1.285015,1.26685,1.28053,19254400
2001-03-12,1.222671,1.28053,1.222671,1.222671,20553600
2001-03-13,1.233435,1.242406,1.222222,1.233435,33062400
2001-03-14,1.233435,1.242406,1.222222,1.233435,33062400
2001-03-15,1.129154,1.222223,1.11682,1.129154,102425600
2001-03-16,1.120633,1.170643,1.103364,1.145301,61993600
2001-03-19,1.15943,1.161448,1.121305,1.14575,31270400
2001-03-20,1.150459,1.154945,1.112335,1.119063,65955200
2001-03-21,1.114578,1.154945,1.10785,1.141489,45635200
2001-03-22,1.07421,1.121529,1.049542,1.07421,65008000
2001-03-23,1.087442,1.098879,1.031825,1.087442,47078400
2001-03-26,1.06524,1.076453,1.049542,1.06524,35705600
2001-03-27,1.089685,1.098431,1.054027,1.089685,32537600
2001-03-28,1.080938,1.109868,1.078696,1.083405,15862400
2001-03-29,1.054027,1.096636,1.042814,1.054027,22044800
2001-03-30,1.053354,1.056494,1.02263,1.053354,33091200
2001-04-02,1.008053,1.058288,1.000204,1.008053,31292800
2001-04-03,1.008053,1.01366,1.000204,1.008053,20960000
2001-04-04,1.038329,1.047299,1.01366,1.038329,31868800
2001-04-05,1.098879,1.098879,1.062997,1.098879,42636800
2001-04-06,1.139246,1.139246,1.092151,1.139246,28460800
2001-04-09,1.146422,1.166157,1.137003,1.146422,19420800
2001-04-10,1.153823,1.170642,1.141489,1.153823,27180800
2001-04-11,1.135882,1.172885,1.121305,1.135882,21728000
2001-04-12,1.110092,1.11682,1.083181,1.110092,46268800
2001-04-16,1.089685,1.121305,1.076677,1.089685,29756800
2001-04-17,1.106729,1.110093,1.084302,1.106729,28473600
2001-04-18,1.161672,1.161672,1.110092,1.161672,43968000
2001-04-19,1.121305,1.154945,1.121305,1.121305,32995200
2001-04-20,1.083181,1.101122,1.06524,1.083181,34720000
2001-04-23,1.098879,1.137003,1.06524,1.132294,28342400
2001-04-24,1.141264,1.1684,1.128033,1.162121,32963200
2001-04-25,1.152477,1.199797,1.143731,1.188583,62339200
2001-04-26,1.199797,1.224465,1.188584,1.206524,46521600
2001-04-27,1.222223,1.222223,1.197554,1.199797,31142400
2001-04-30,1.198003,1.21101,1.179614,1.197554,23430400
2001-05-03,1.211009,1.249134,1.199796,1.249134,47171200
2001-05-04,1.244424,1.262589,1.233211,1.244648,32300800
2001-05-07,1.237921,1.255862,1.206524,1.206524,13584000
2001-05-08,1.206524,1.21998,1.188583,1.211009,22355200
2001-05-10,1.246891,1.289277,1.246891,1.285016,49811200
2001-05-11,1.287259,1.287259,1.244649,1.267075,26524800
2001-05-14,1.278288,1.278288,1.233436,1.253619,5980800
2001-05-15,1.255638,1.267075,1.244649,1.246892,24659200
2001-05-16,1.246892,1.27156,1.237921,1.267075,24569600
2001-05-17,1.267075,1.302957,1.267075,1.275821,20745600
2001-05-18,1.278288,1.308563,1.278288,1.30049,30649600
2001-05-21,1.298471,1.32314,1.289501,1.316636,26534400
2001-05-22,1.320449,1.345566,1.309685,1.334353,36704000
2001-05-23,1.325383,1.356779,1.316412,1.338838,40876800
2001-05-24,1.341081,1.356779,1.296229,1.32314,23408000
2001-05-25,1.32314,1.327625,1.283222,1.298471,14288000
2001-05-28,1.301387,1.309461,1.264833,1.291744,7734400
2001-05-29,1.282773,1.309685,1.282773,1.293986,25516800
2001-05-31,1.311927,1.343324,1.300938,1.341081,26160000
2001-06-01,1.341081,1.352294,1.32314,1.351172,22905600
2001-06-04,1.354537,1.410153,1.354537,1.399389,29504000
2001-06-05,1.401407,1.401407,1.356779,1.367992,27952000
2001-06-06,1.367992,1.38369,1.318655,1.334129,38035200
2001-06-07,1.323589,1.350051,1.311927,1.311927,32985600
2001-06-08,1.31417,1.334354,1.282773,1.296229,17155200
2001-06-11,1.291743,1.31843,1.291743,1.314169,14409600
2001-06-12,1.300938,1.322916,1.275148,1.293986,53984000
2001-06-13,1.293986,1.34893,1.284119,1.305423,39091200
2001-06-15,1.311927,1.318206,1.260347,1.271784,18156800
2001-06-18,1.273802,1.273802,1.237921,1.264832,29548800
2001-06-19,1.264608,1.287258,1.264608,1.28053,34457600
2001-06-20,1.287258,1.316412,1.287258,1.302957,18460800
2001-06-21,1.289501,1.32314,1.289501,1.316188,25804800
2001-06-22,1.311927,1.332111,1.273803,1.282773,25600000
2001-06-25,1.300714,1.311703,1.244649,1.253619,23216000
2001-06-26,1.244873,1.26259,1.235678,1.242406,24390400
2001-06-27,1.249134,1.262589,1.199796,1.202263,21324800
2001-06-28,1.206525,1.21101,1.163915,1.186565,39520000
2001-06-29,1.188583,1.222222,1.170642,1.211009,35337600
2001-07-02,1.208767,1.21101,1.17737,1.188583,23337600
2001-07-03,1.155168,1.188583,1.143731,1.16055,24403200
2001-07-05,1.170643,1.186341,1.143732,1.167279,49251200
2001-07-06,1.166157,1.188583,1.158308,1.170642,25840000
2001-07-10,1.184098,1.208766,1.181855,1.201142,38672000
2001-07-11,1.188583,1.222671,1.186341,1.222447,32553600
2001-07-12,1.222223,1.22895,1.204282,1.216616,19961600
2001-07-13,1.208767,1.221999,1.188584,1.206524,13692800
2001-07-16,1.21101,1.21998,1.166157,1.168849,28064000
2001-07-17,1.175128,1.188583,1.143731,1.166157,78086400
2001-07-18,1.177371,1.177371,1.121305,1.1305,98438400
2001-07-19,1.166157,1.17737,1.121305,1.140367,106329600
2001-07-20,1.148217,1.188583,1.12579,1.188583,26937600
2001-07-23,1.195311,1.222223,1.188808,1.212131,38976000
2001-07-24,1.21101,1.222223,1.190826,1.199797,35964800
2001-07-25,1.199796,1.217737,1.199796,1.213252,29888000
2001-07-26,1.224465,1.228726,1.197106,1.197106,23657600
2001-07-27,1.209888,1.215495,1.190826,1.199797,17523200
2001-07-30,1.21101,1.221999,1.203161,1.206524,21692800
2001-07-31,1.21101,1.216616,1.199797,1.215495,21091200
2001-08-01,1.215495,1.215495,1.190826,1.194639,16336000
2001-08-02,1.206524,1.206524,1.152702,1.163691,24182400
2001-08-03,1.177371,1.188135,1.167279,1.18679,21552000
2001-08-06,1.195311,1.210786,1.188808,1.199797,18819200
2001-08-07,1.199796,1.199796,1.184098,1.188359,23920000
2001-08-08,1.186341,1.202039,1.181856,1.186341,28979200
2001-08-09,1.180286,1.193069,1.17737,1.188583,28003200
2001-08-10,1.190826,1.199572,1.186341,1.19733,24134400
2001-08-13,1.192844,1.199796,1.188583,1.190826,21443200
2001-08-14,1.174007,1.21101,1.174007,1.206524,26512000
2001-08-15,1.21101,1.226708,1.20047,1.217962,42790400
2001-08-16,1.208767,1.226708,1.206524,1.217513,24953600
2001-08-17,1.195311,1.219756,1.171315,1.179613,36291200
2001-08-20,1.161448,1.185219,1.154944,1.171764,38704000
2001-08-21,1.175128,1.188584,1.164139,1.171091,29315200
2001-08-22,1.190826,1.195311,1.184098,1.19419,34960000
2001-08-23,1.178492,1.197554,1.176249,1.188808,28947200
2001-08-24,1.184098,1.252722,1.184098,1.252722,37532800
2001-08-27,1.250255,1.269317,1.235678,1.256983,25913600
2001-08-28,1.249134,1.262141,1.244649,1.255862,18188800
2001-08-29,1.260347,1.278288,1.249134,1.253619,14563200
2001-08-30,1.258105,1.260348,1.237921,1.246892,18246400
2001-08-31,1.244648,1.244648,1.217737,1.233435,29907200
2001-09-03,1.226708,1.231193,1.213252,1.22895,14790400
2001-09-04,1.240164,1.273803,1.225587,1.27156,23164800
2001-09-05,1.276046,1.308563,1.244649,1.300714,42838400
2001-09-06,1.278288,1.296229,1.245994,1.251601,16166400
2001-09-10,1.240163,1.251376,1.22895,1.231193,24960000
2001-09-11,1.222222,1.32314,1.166157,1.211009,51689600
2001-09-12,1.240164,1.255638,1.21101,1.240164,32572800
2001-09-13,1.233435,1.240163,1.148216,1.166157,30736000
2001-09-14,1.143732,1.161672,1.076453,1.143732,29270400
2001-09-17,1.166157,1.240164,1.141489,1.240164,35782400
2001-09-18,1.204282,1.276046,1.199797,1.267075,40947200
2001-09-19,1.258329,1.273803,1.231193,1.258105,54476800
2001-09-20,1.231193,1.246891,1.188584,1.206524,44828800
2001-09-21,1.132518,1.199572,1.121305,1.19105,64665600
2001-09-25,1.144853,1.145974,1.083405,1.103364,77228800
2001-09-26,1.112335,1.11682,1.084078,1.094394,41785600
2001-09-27,1.112335,1.11682,1.084078,1.094394,41785600
2001-09-28,1.145974,1.161672,1.137003,1.150459,35132800
2001-10-01,1.139022,1.147992,1.105607,1.108971,23491200
2001-10-02,1.098879,1.112335,1.09103,1.103364,23139200
2001-10-03,1.094394,1.109644,1.077799,1.10785,31619200
2001-10-04,1.130276,1.137003,1.112335,1.12579,38275200
2001-10-05,1.132518,1.134761,1.11682,1.126912,24464000
2001-10-08,1.110092,1.134761,1.108971,1.123772,14188800
2001-10-09,1.132518,1.147095,1.121529,1.141264,23504000
2001-10-10,1.141489,1.179613,1.141265,1.177371,19126400
2001-10-11,1.184098,1.199797,1.177595,1.199797,30300800
2001-10-15,1.237921,1.240164,1.206525,1.23366,57232000
2001-10-16,1.22895,1.237921,1.211906,1.211906,33440000
2001-10-17,1.233436,1.234557,1.205403,1.207421,42982400
2001-10-18,1.195311,1.199796,1.161672,1.173334,36092800
2001-10-19,1.166158,1.177371,1.148217,1.1684,52867200
2001-10-22,1.175128,1.199797,1.157187,1.197554,39158400
2001-10-23,1.202039,1.210785,1.193069,1.202039,36684800
2001-10-24,1.190826,1.204282,1.179613,1.188135,27235200
2001-10-25,1.172885,1.193069,1.15943,1.175128,25059200
2001-10-26,1.175128,1.204282,1.170867,1.181856,33587200
2001-10-29,1.1684,1.200918,1.155169,1.15943,29628800
2001-10-30,1.15943,1.163691,1.137004,1.143732,20393600
2001-10-31,1.166157,1.177146,1.134761,1.163915,36697600
2001-11-01,1.145974,1.163915,1.128033,1.141489,36230400
2001-11-05,1.1684,1.17737,1.134761,1.137003,39996800
2001-11-06,1.15943,1.15943,1.108971,1.108971,70524800
2001-11-07,1.110092,1.128033,1.105607,1.121305,57398400
2001-11-08,1.135882,1.181856,1.132518,1.158308,56294400
2001-11-09,1.177146,1.21998,1.166157,1.213028,55292800
2001-11-12,1.193069,1.206524,1.152702,1.157411,38166400
2001-11-13,1.188584,1.188584,1.139246,1.15943,70003200
2001-11-14,1.123548,1.140367,1.106728,1.108074,72988800
2001-11-16,1.054027,1.06524,1.0242,1.027116,94425600
2001-11-19,1.045056,1.069725,1.031601,1.058288,63971200
2001-11-20,1.074211,1.084078,1.054027,1.076453,46310400
2001-11-21,1.080714,1.098655,1.07892,1.097533,25865600
2001-11-22,1.115923,1.141489,1.114802,1.141489,35689600
2001-11-23,1.105607,1.125791,1.099104,1.120633,36771200
2001-11-26,1.10785,1.120184,1.099328,1.103813,42128000
2001-11-27,1.119063,1.122875,1.094394,1.10785,36604800
2001-11-28,1.092152,1.101122,1.078696,1.085424,57350400
2001-11-29,1.103365,1.103365,1.076902,1.083181,39324800
2001-11-30,1.080938,1.117942,1.07892,1.110092,38652800
2001-12-03,1.098879,1.152702,1.091927,1.152477,41756800
2001-12-04,1.150459,1.163915,1.12579,1.137003,51075200
2001-12-05,1.162793,1.168399,1.147095,1.164139,53452800
2001-12-06,1.155168,1.166157,1.132294,1.139246,20790400
2001-12-07,1.123547,1.140367,1.105607,1.118614,19670400
2001-12-10,1.09103,1.10471,1.08789,1.101122,31552000
2001-12-11,1.114578,1.114578,1.087666,1.089909,35894400
2001-12-12,1.085423,1.098879,1.077574,1.086544,49542400
2001-12-13,1.076005,1.087666,1.061652,1.061652,27708800
2001-12-14,1.060755,1.069725,1.054027,1.058512,11177600
2001-12-17,1.073986,1.080939,1.053579,1.05627,39363200
2001-12-18,1.067483,1.092151,1.062997,1.079817,28460800
2001-12-19,1.080938,1.109868,1.062997,1.100897,36774400
2001-12-20,1.093273,1.094394,1.063446,1.067482,38003200
2001-12-21,1.085424,1.092152,1.071968,1.082508,24630400
2001-12-26,1.096637,1.10785,1.082508,1.10785,19299200
2001-12-27,1.121305,1.141489,1.121305,1.137003,33216000
2001-12-28,1.144853,1.154944,1.134761,1.147095,21328000
2002-01-02,1.157187,1.164363,1.147095,1.149338,23920000
2002-01-03,1.16369,1.166157,1.152701,1.157187,39043200
2002-01-04,1.143732,1.157187,1.134761,1.150011,21500800
2002-01-07,1.143731,1.184098,1.143731,1.175128,40406400
2002-01-08,1.146646,1.175127,1.146646,1.16055,34406400
2002-01-09,1.150459,1.166158,1.139246,1.148217,23942400
2002-01-10,1.143731,1.149338,1.132518,1.139246,28774400
2002-01-11,1.150459,1.154944,1.121305,1.12579,18777600
2002-01-14,1.108747,1.129603,1.076229,1.085424,21456000
2002-01-15,1.089909,1.105607,1.073089,1.082733,23222400
2002-01-16,1.06524,1.087666,1.06524,1.077799,20691200
2002-01-17,1.087891,1.101122,1.080938,1.097758,19884800
2002-01-18,1.098879,1.101122,1.087666,1.097309,7692800
2002-01-21,1.089909,1.093273,1.078696,1.087666,5014400
2002-01-22,1.102243,1.102243,1.074434,1.078695,18508800
2002-01-23,1.074211,1.087667,1.069726,1.069726,17168000
2002-01-24,1.076453,1.087666,1.038329,1.053354,39424000
2002-01-28,1.06524,1.093272,1.06524,1.092151,33878400
2002-01-29,1.080938,1.097758,1.061876,1.073538,26940800
2002-01-30,1.066137,1.076453,1.058512,1.071071,20822400
2002-01-31,1.07421,1.098879,1.060754,1.098879,40956800
2002-02-01,1.078696,1.092151,1.073089,1.080938,39302400
2002-02-04,1.069949,1.080938,1.06524,1.065912,23724800
2002-02-05,1.071744,1.076453,1.061876,1.069726,25769600
2002-02-06,1.069725,1.092151,1.069725,1.091927,25344000
2002-02-07,1.087666,1.092152,1.078696,1.083181,18947200
2002-02-08,1.076453,1.098879,1.066361,1.066586,11820800
2002-02-13,1.080938,1.114353,1.080938,1.114353,36764800
2002-02-14,1.10785,1.123548,1.103365,1.117941,31785600
2002-02-15,1.126015,1.13207,1.117942,1.13207,25017600
2002-02-18,1.112334,1.12579,1.105607,1.112334,38192000
2002-02-19,1.113456,1.132967,1.106729,1.123548,30416000
2002-02-20,1.116596,1.132518,1.10785,1.132518,27542400
2002-02-21,1.132967,1.150459,1.130724,1.139246,32355200
2002-02-22,1.139246,1.170642,1.137003,1.163915,54614400
2002-02-25,1.180734,1.193069,1.1684,1.184322,35603200
2002-02-26,1.190826,1.213252,1.186341,1.206524,46694400
2002-02-27,1.222223,1.242182,1.208991,1.237921,49126400
2002-03-01,1.264832,1.300714,1.264832,1.30049,49804800
2002-03-04,1.278288,1.309685,1.273803,1.300714,40256000
2002-03-05,1.298471,1.316412,1.276045,1.278064,47558400
2002-03-06,1.244648,1.276045,1.23792,1.25317,46963200
2002-03-07,1.267075,1.287259,1.255862,1.267075,36435200
2002-03-08,1.273802,1.273802,1.251376,1.264832,24204800
2002-03-11,1.282773,1.28524,1.264832,1.280755,27676800
2002-03-12,1.309685,1.309685,1.278288,1.300714,59843200
2002-03-13,1.297126,1.307442,1.285016,1.300714,30096000
2002-03-14,1.309684,1.31843,1.298471,1.314169,34009600
2002-03-15,1.326504,1.354537,1.317534,1.345566,56652800
2002-03-18,1.359022,1.363283,1.345566,1.350051,28646400
2002-03-19,1.356779,1.3579,1.342202,1.351172,23840000
2002-03-20,1.350051,1.356555,1.338838,1.338838,26105600
2002-03-21,1.334353,1.341081,1.31417,1.318655,27715200
2002-03-22,1.316861,1.327626,1.300714,1.301836,33356800
2002-03-25,1.251377,1.275821,1.245546,1.27156,26614400
2002-03-26,1.287258,1.293986,1.27156,1.287483,24380800
2002-03-27,1.293986,1.318655,1.287258,1.302957,26403200
2002-03-28,1.300714,1.31417,1.289501,1.295107,18848000
2002-04-01,1.325383,1.334353,1.302957,1.320898,36041600
2002-04-02,1.325158,1.334353,1.301163,1.302957,35206400
2002-04-03,1.273803,1.302957,1.267075,1.284343,42499200
2002-04-04,1.302957,1.316412,1.289277,1.298696,27107200
2002-04-05,1.291743,1.298695,1.273802,1.276493,34339200
2002-04-08,1.29735,1.307442,1.289501,1.289501,16339200
2002-04-09,1.26259,1.289501,1.244873,1.251377,47139200
2002-04-10,1.251377,1.260347,1.23366,1.253844,23235200
2002-04-11,1.258104,1.269317,1.241509,1.249134,23510400
2002-04-12,1.251376,1.251376,1.227156,1.238593,32979200
2002-04-15,1.258104,1.264832,1.24577,1.251377,65100800
2002-04-16,1.262814,1.262814,1.244649,1.258105,35900800
2002-04-17,1.267075,1.280531,1.258553,1.27156,45740800
2002-04-18,1.267074,1.27156,1.255861,1.264832,30310400
2002-04-19,1.260347,1.269317,1.251601,1.254067,14876800
2002-04-22,1.240612,1.255862,1.233436,1.249134,28240000
2002-04-23,1.262589,1.266626,1.233435,1.252273,28124800
2002-04-24,1.26259,1.267075,1.246891,1.265954,17555200
2002-04-25,1.240163,1.256086,1.226708,1.240388,27958400
2002-04-26,1.244873,1.245097,1.202039,1.213252,53616000
2002-04-29,1.215495,1.237921,1.211009,1.233435,24937600
2002-04-30,1.226708,1.240163,1.225586,1.231641,33731200
2002-05-02,1.234557,1.234557,1.185668,1.188583,38918400
2002-05-03,1.195311,1.219756,1.179613,1.219756,35990400
2002-05-06,1.191947,1.206524,1.181855,1.190826,21129600
2002-05-07,1.188583,1.217737,1.181856,1.188583,21667200
2002-05-08,1.197554,1.225586,1.188583,1.211009,28915200
2002-05-09,1.217738,1.217738,1.192172,1.197554,20361600
2002-05-10,1.195311,1.206076,1.164812,1.166157,30678400
2002-05-13,1.148217,1.166606,1.14575,1.158981,25337600
2002-05-14,1.179613,1.186341,1.159654,1.161672,27664000
2002-05-15,1.170642,1.17737,1.159429,1.166157,34886400
2002-05-16,1.181855,1.211009,1.175576,1.211009,22627200
2002-05-17,1.204282,1.214822,1.197554,1.213028,27001600
2002-05-20,1.227829,1.234557,1.211009,1.233435,19696000
2002-05-21,1.240163,1.244648,1.233435,1.244648,19699200
2002-05-22,1.237921,1.253619,1.235678,1.235678,29148800
2002-05-23,1.242406,1.26259,1.233436,1.26259,25276800
2002-05-24,1.260347,1.27156,1.237921,1.237921,25536000
2002-05-27,1.235678,1.253619,1.235678,1.253619,8531200
2002-05-28,1.253619,1.26259,1.244649,1.251377,28678400
2002-05-29,1.244649,1.246892,1.237697,1.240612,15724800
2002-05-31,1.237921,1.242406,1.222671,1.222671,19068800
2002-06-03,1.22895,1.233884,1.217962,1.222223,12784000
2002-06-04,1.222223,1.244873,1.215495,1.244873,13699200
2002-06-05,1.242406,1.249134,1.233436,1.234557,27132800
2002-06-06,1.235678,1.238145,1.207646,1.210112,17350400
2002-06-07,1.208767,1.212131,1.188584,1.199797,29232000
2002-06-10,1.204282,1.21101,1.193293,1.206524,12428800
2002-06-11,1.181183,1.21101,1.170643,1.182977,22112000
2002-06-12,1.188584,1.188808,1.1684,1.168624,23478400
2002-06-13,1.172885,1.193069,1.145077,1.151805,29433600
2002-06-14,1.114577,1.17311,1.089909,1.108971,50672000
2002-06-17,1.114578,1.125791,1.108971,1.116596,28860800
2002-06-18,1.11682,1.119063,1.096637,1.104486,33993600
2002-06-19,1.094394,1.105158,1.080938,1.098879,26118400
2002-06-20,1.092151,1.095515,1.01366,1.032722,54579200
2002-06-21,1.036086,1.042589,0.914985,0.965219,79337600
2002-06-24,0.968808,0.997961,0.934944,0.983384,64409600
2002-06-25,1.002447,1.036086,0.988991,1.031601,57148800
2002-06-26,1.047299,1.095739,1.020388,1.084302,38272000
2002-06-27,1.108971,1.114578,1.087666,1.110092,39865600
2002-06-28,1.110092,1.117492,1.088114,1.095515,24140800
2002-07-01,1.110092,1.110092,1.070622,1.076453,19651200
2002-07-02,1.067483,1.076453,1.044608,1.062325,28307200
2002-07-03,1.051784,1.087666,1.036086,1.054027,29382400
2002-07-04,1.056045,1.056045,1.033843,1.033843,9654400
2002-07-05,1.047299,1.047299,1.024873,1.041244,12435200
2002-07-08,1.03788,1.044832,1.020387,1.027788,20195200
2002-07-10,1.03631,1.049542,1.000204,1.000204,20556800
2002-07-11,1.004689,1.020388,0.991234,1.020388,31984000
2002-07-12,1.020388,1.033843,0.997962,1.020388,21184000
2002-07-15,0.995719,1.020388,0.985627,1.000204,20288000
2002-07-16,1.002447,1.009175,0.986973,1.002671,29740800
2002-07-17,1.022631,1.033844,1.017024,1.024873,21190400
2002-07-18,1.036086,1.040571,1.001325,1.001325,25139200
2002-07-19,0.997962,1.004689,0.980021,1.004689,19084800
2002-07-22,0.95737,0.959837,0.91947,0.92844,74355200
2002-07-23,0.930684,0.946158,0.894802,0.903772,46160000
2002-07-24,0.874618,0.95311,0.870133,0.941897,65446400
2002-07-25,0.914985,0.926198,0.89682,0.911621,54368000
2002-07-26,0.91947,0.935169,0.872376,0.881346,46755200
2002-07-29,0.881571,0.902651,0.863406,0.867891,66630400
2002-07-30,0.885831,0.894802,0.851968,0.881346,73964800
2002-07-31,0.908033,0.935168,0.894801,0.927095,101824000
2002-08-01,0.921713,0.944139,0.891886,0.941897,54163200
2002-08-02,0.964323,0.9789,0.946382,0.966565,47680000
2002-08-05,0.946382,0.970153,0.917228,0.930683,35920000
2002-08-06,0.921937,0.932926,0.912742,0.92844,33139200
2002-08-07,0.934944,0.94683,0.917228,0.94683,39420800
2002-08-08,0.97105,1.000204,0.959837,0.993476,60851200
2002-08-09,0.981142,1.036086,0.975536,1.009175,85497600
2002-08-12,0.997962,1.008951,0.959837,0.968808,18553600
2002-08-13,0.942569,0.96208,0.908257,0.917228,45177600
2002-08-14,0.926198,0.932926,0.888073,0.906014,55670400
2002-08-15,0.899287,0.923955,0.897268,0.91947,21689600
2002-08-16,0.899287,0.930683,0.883813,0.911845,34889600
2002-08-19,0.908257,0.923955,0.889195,0.894801,40080000
2002-08-20,0.894802,0.908258,0.879328,0.883589,27897600
2002-08-21,0.897044,0.9105,0.890316,0.901529,43916800
2002-08-22,0.890316,0.92844,0.888073,0.926198,33286400
2002-08-23,0.926198,0.938084,0.915434,0.924628,18556800
2002-08-26,0.940326,0.960958,0.930683,0.957146,27859200
2002-08-27,0.9863,0.988991,0.964547,0.980021,43555200
2002-08-28,0.986749,0.992131,0.970378,0.978227,29161600
2002-08-29,0.974414,0.982263,0.954231,0.977778,30003200
2002-08-30,0.980021,0.995719,0.977778,0.986748,43564800
2002-09-02,0.986749,0.991234,0.980021,0.988991,8966400
2002-09-03,0.986076,1.01366,0.97105,0.993701,49984000
2002-09-04,0.993476,1.02263,0.986748,1.015902,61276800
2002-09-05,1.015679,1.03048,0.995719,1.009175,25244800
2002-09-06,1.027115,1.040571,1.01366,1.018818,30960000
2002-09-09,1.015902,1.033619,1.009623,1.025994,22172800
2002-09-10,1.024873,1.057391,1.024873,1.045057,53289600
2002-09-11,1.067483,1.070847,1.046178,1.06524,23248000
2002-09-12,1.06524,1.069725,1.054476,1.062998,22329600
2002-09-13,1.069725,1.085199,1.050663,1.076677,23756800
2002-09-16,1.083181,1.085423,1.052008,1.058512,27644800
2002-09-17,1.049541,1.049541,1.002447,1.013435,29600000
2002-09-18,0.986749,1.006932,0.977778,0.987421,35331200
2002-09-19,0.980021,1.020388,0.951988,0.957595,76371200
2002-09-20,0.959837,0.991234,0.939654,0.986748,62294400
2002-09-23,0.955352,0.96208,0.935169,0.946382,31891200
2002-09-24,0.932926,0.943018,0.906015,0.930683,48118400
2002-09-25,0.938532,0.94526,0.885831,0.900856,60336000
2002-09-26,0.912742,0.923956,0.879103,0.89682,42598400
2002-09-27,0.888074,0.896596,0.807115,0.823038,117568000
2002-09-30,0.879103,0.879103,0.771458,0.828645,59484800
2002-10-01,0.837615,0.9105,0.832232,0.890316,59580800
2002-10-02,0.90153,0.917228,0.875067,0.889195,43804800
2002-10-03,0.890317,0.928441,0.879103,0.914985,29321600
2002-10-04,0.920591,0.927319,0.909827,0.916106,21920000
2002-10-07,0.900408,0.928441,0.872375,0.876412,29264000
2002-10-08,0.856677,0.885831,0.841427,0.885607,45420800
2002-10-09,0.857799,0.879103,0.852641,0.873273,35500800
2002-10-10,0.890316,0.894802,0.852416,0.861162,47852800
2002-10-11,0.860265,0.879103,0.830887,0.830887,47158400
2002-10-14,0.805097,0.816535,0.788278,0.800612,54288000
2002-10-15,0.810704,0.818104,0.788502,0.802854,30758400
2002-10-16,0.789399,0.798145,0.778186,0.784914,46768000
2002-10-17,0.830439,0.859817,0.803976,0.859817,48649600
2002-10-18,0.852192,0.883588,0.845464,0.872375,31964800
2002-10-21,0.879104,0.882467,0.848828,0.877085,44252800
2002-10-22,0.867891,0.894802,0.854659,0.892559,35740800
2002-10-23,0.894802,0.953109,0.874618,0.947503,58041600
2002-10-24,1.000204,1.004689,0.93158,0.955576,78409600
2002-10-25,0.972172,0.995495,0.944139,0.973742,40022400
2002-10-28,0.964323,0.982264,0.955577,0.964771,24979200
2002-10-29,0.949745,0.950867,0.923955,0.928889,44566400
2002-10-30,0.946606,0.977778,0.941897,0.977778,54342400
2002-10-31,0.975535,0.997737,0.966564,0.993251,36800000
2002-11-01,1.002447,1.020164,0.976657,0.99101,41696000
2002-11-04,1.009175,1.020388,0.959837,0.964323,39603200
2002-11-05,0.948624,0.975536,0.944139,0.946382,23984000
2002-11-06,0.937411,0.952661,0.9105,0.932926,28467200
2002-11-07,0.939654,0.980021,0.917228,0.980021,33334400
2002-11-08,0.988991,0.991234,0.967686,0.970153,26630400
2002-11-11,0.9863,0.991234,0.978003,0.9863,11827200
2002-11-12,0.962304,0.984506,0.95894,0.969929,26073600
2002-11-13,0.935168,0.957146,0.932926,0.948848,13382400
2002-11-14,0.9484,0.974414,0.94526,0.974414,13027200
2002-11-18,0.997737,0.997962,0.974414,0.984506,27187200
2002-11-19,0.983385,1.00469,0.977778,0.980245,38800000
2002-11-20,0.98002,1.006707,0.97105,1.000652,44496000
2002-11-21,1.00469,1.029358,0.986749,1.025097,40710400
2002-11-22,1.012539,1.02263,1.004689,1.01366,23408000
2002-11-25,1.014781,1.036086,0.98473,0.988991,24288000
2002-11-26,0.991234,1.000204,0.965219,0.972844,38428800
2002-11-27,0.973292,0.988991,0.959837,0.967686,23971200
2002-11-28,0.968808,0.968808,0.957595,0.968808,7548800
2002-11-29,0.973293,0.99684,0.966789,0.988991,19468800
2002-12-02,1.009175,1.01366,0.992355,1.002447,27638400
2002-12-03,0.994597,1.01366,0.989215,1.011417,19702400
2002-12-04,1.005811,1.009175,0.994822,1.006932,16076800
2002-12-05,0.986973,1.009175,0.986749,0.995719,23417600
2002-12-06,0.997962,1.005811,0.991234,0.997737,17459200
2002-12-09,0.980021,0.993477,0.977554,0.984058,15609600
2002-12-10,0.988991,0.997962,0.968808,0.986748,18566400
2002-12-11,1.002447,1.006484,0.980021,0.997962,24588800
2002-12-12,1.004689,1.021509,0.993476,1.01366,34899200
2002-12-13,1.009175,1.015903,0.998186,1.009175,27446400
2002-12-16,1.020388,1.020388,1.005811,1.006932,53632000
2002-12-17,1.018145,1.030479,1.01052,1.01366,46134400
2002-12-18,1.01366,1.020388,0.997962,1.011642,49625600
2002-12-19,1.021509,1.06524,0.997962,1.06524,70732800
2002-12-20,1.072416,1.11682,1.072192,1.092151,95235200
2002-12-23,1.107849,1.123548,1.078695,1.093497,28310400
2002-12-26,1.077574,1.092151,1.069725,1.07421,12697600
2002-12-27,1.055148,1.07421,1.046178,1.046178,11478400
2002-12-30,1.047299,1.064119,1.040571,1.040571,8684800
2003-01-02,1.04416,1.071968,1.043935,1.05627,9900800
2003-01-03,1.0621,1.07421,1.049317,1.051784,11356800
2003-01-06,1.071968,1.10785,1.060755,1.101122,45209600
2003-01-07,1.087666,1.09417,1.06524,1.076005,34985600
2003-01-08,1.083181,1.088787,1.071968,1.080938,18156800
2003-01-09,1.089908,1.128033,1.083181,1.125566,55267200
2003-01-10,1.148216,1.178492,1.1379,1.177595,60156800
2003-01-13,1.188584,1.190826,1.162569,1.175128,36873600
2003-01-14,1.159878,1.186117,1.154945,1.178492,36553600
2003-01-15,1.15943,1.172885,1.150459,1.169746,39462400
2003-01-16,1.175577,1.191948,1.170643,1.177371,32089600
2003-01-17,1.134761,1.170642,1.133639,1.134761,52268800
2003-01-20,1.137003,1.137003,1.114577,1.12579,15452800
2003-01-21,1.121305,1.130276,1.110092,1.117044,41936000
2003-01-22,1.100225,1.110092,1.057391,1.057391,52204800
2003-01-23,1.06524,1.06838,1.045057,1.063446,61670400
2003-01-24,1.060755,1.062998,1.011642,1.011642,32403200
2003-01-27,1.010296,1.020387,0.988991,1.014781,72457600
2003-01-28,1.018145,1.019266,0.989215,1.001325,50134400
2003-01-29,1.006932,1.054027,0.99841,1.054027,47305600
2003-01-30,1.054027,1.067482,1.043038,1.062549,30425600
2003-01-31,1.051784,1.079817,1.050663,1.065464,32412800
2003-02-03,1.067482,1.083181,1.063221,1.075331,23334400
2003-02-04,1.061876,1.069725,1.047523,1.051784,34153600
2003-02-05,1.057166,1.06524,1.03631,1.050663,34134400
2003-02-06,1.014781,1.049542,1.011417,1.019267,31571200
2003-02-07,1.043936,1.051336,0.992804,1.009175,32860800
2003-02-10,1.029358,1.057391,1.004689,1.054027,44848000
2003-02-11,1.058512,1.07421,1.040571,1.040571,29475200
2003-02-12,1.043935,1.056269,1.029358,1.050663,41315200
2003-02-13,1.049542,1.049542,1.028237,1.036086,26032000
2003-02-14,1.038329,1.042814,1.021733,1.028685,15392000
2003-02-17,1.037432,1.047299,1.032049,1.036086,29840000
2003-02-18,1.000204,1.037208,0.998186,1.029807,62316800
2003-02-19,1.018145,1.027116,1.006932,1.019267,29452800
2003-02-20,0.996841,1.015903,0.993252,0.997962,39510400
2003-02-21,0.997961,1.013435,0.993476,1.011417,20512000
2003-02-24,1.017024,1.017024,0.976657,0.977778,22208000
2003-02-25,0.959837,0.968808,0.94997,0.955576,43414400
2003-02-26,0.966565,0.973068,0.930683,0.934047,30009600
2003-02-27,0.941896,0.94526,0.917452,0.939654,38700800
2003-02-28,0.950867,0.957595,0.941896,0.95737,21894400
2003-03-05,0.940551,0.946382,0.932926,0.93315,17478400
2003-03-06,0.94369,0.964098,0.93629,0.964098,39452800
2003-03-07,0.972172,0.993252,0.949297,0.988991,29856000
2003-03-10,0.974414,0.980918,0.964323,0.968808,38627200
2003-03-11,0.977778,1.031601,0.96208,1.009175,45270400
2003-03-12,1.009175,1.040347,1.00469,1.038329,46496000
2003-03-13,1.015903,1.045057,1.009175,1.028237,48691200
2003-03-14,1.03945,1.05156,1.025321,1.033843,30940800
2003-03-17,1.009175,1.043935,1.004689,1.029358,59347200
2003-03-18,1.029358,1.067482,1.021509,1.067482,64947200
2003-03-19,1.062998,1.080938,1.054027,1.071968,40665600
2003-03-20,1.06524,1.096636,1.047299,1.092151,42275200
2003-03-21,1.094842,1.114577,1.076453,1.080938,33958400
2003-03-24,1.060755,1.080938,1.049766,1.052457,22307200
2003-03-25,1.051784,1.076004,1.049541,1.073089,20902400
2003-03-26,1.068604,1.08049,1.059633,1.060755,29430400
2003-03-27,1.041693,1.062998,1.038329,1.062998,36422400
2003-03-28,1.03945,1.058063,1.029358,1.042814,24550400
2003-03-31,1.031601,1.040571,1.027788,1.040571,19379200
2003-04-01,1.045056,1.073986,1.045056,1.067482,47360000
2003-04-02,1.076453,1.093273,1.076453,1.082957,45932800
2003-04-03,1.087891,1.110093,1.085424,1.096637,35641600
2003-04-04,1.098879,1.104486,1.082957,1.099776,35539200
2003-04-07,1.121305,1.131397,1.072192,1.074659,52697600
2003-04-08,1.075556,1.078696,1.027116,1.035413,46896000
2003-04-09,1.035413,1.042814,1.020388,1.033843,31363200
2003-04-10,1.040571,1.054027,1.033843,1.039001,43731200
2003-04-11,1.038329,1.049542,1.031377,1.03945,25833600
2003-04-14,1.042814,1.054027,1.036086,1.038329,27081600
2003-04-15,1.041917,1.049766,1.028013,1.049542,21129600
2003-04-16,1.051785,1.058513,1.038329,1.038329,39923200
2003-04-17,1.054027,1.070622,1.049318,1.06524,26972800
2003-04-22,1.054027,1.080938,1.052906,1.080938,39888000
2003-04-23,1.076453,1.094394,1.063446,1.091254,38883200
2003-04-24,1.087442,1.098879,1.071968,1.078247,29590400
2003-04-25,1.076453,1.08206,1.062998,1.062998,26937600
2003-04-28,1.06524,1.078696,1.055148,1.071968,17635200
2003-04-29,1.088115,1.103364,1.083181,1.099552,47884800
2003-04-30,1.112335,1.120184,1.103589,1.118838,42899200
2003-05-02,1.118838,1.139246,1.110092,1.137003,26896000
2003-05-05,1.135658,1.157411,1.125791,1.154945,31011200
2003-05-06,1.151356,1.163915,1.143731,1.150459,45264000
2003-05-07,1.150459,1.174007,1.148217,1.173782,59056000
2003-05-08,1.166158,1.1684,1.143732,1.143732,43155200
2003-05-09,1.150459,1.181856,1.145974,1.170642,45836800
2003-05-12,1.177371,1.201366,1.170643,1.199797,34876800
2003-05-13,1.199797,1.226708,1.196881,1.218859,50492800
2003-05-14,1.230968,1.230968,1.205403,1.211009,37478400
2003-05-15,1.211234,1.233435,1.194638,1.233435,43174400
2003-05-16,1.251601,1.261917,1.202039,1.217737,70320000
2003-05-19,1.200021,1.208767,1.177371,1.182304,43811200
2003-05-20,1.182528,1.190826,1.158308,1.190826,41068800
2003-05-21,1.184771,1.21101,1.177371,1.199797,27244800
2003-05-22,1.199573,1.211907,1.186341,1.193069,41193600
2003-05-23,1.193293,1.208767,1.182977,1.195311,30710400
2003-05-26,1.199797,1.199797,1.167279,1.167279,17804800
2003-05-27,1.170642,1.197554,1.166157,1.195087,35324800
2003-05-28,1.193068,1.212355,1.193068,1.202263,28678400
2003-05-29,1.205403,1.208767,1.182304,1.182304,49324800
2003-05-30,1.188359,1.188359,1.172885,1.184098,34720000
2003-06-02,1.180958,1.197554,1.174231,1.176249,29926400
2003-06-03,1.177371,1.177819,1.166158,1.175128,25318400
2003-06-04,1.188583,1.216616,1.179613,1.211009,38988800
2003-06-05,1.206525,1.221999,1.204282,1.208767,41680000
2003-06-06,1.216616,1.233436,1.214598,1.217962,28822400
2003-06-09,1.21101,1.226708,1.202039,1.215495,19286400
2003-06-10,1.217513,1.218859,1.179613,1.188135,54304000
2003-06-11,1.188359,1.202712,1.170643,1.199797,27212800
2003-06-12,1.202039,1.21998,1.190826,1.218635,36966400
2003-06-13,1.218859,1.230072,1.208767,1.213701,33113600
2003-06-16,1.21101,1.22895,1.21101,1.217737,55888000
2003-06-17,1.216841,1.228951,1.216841,1.228727,18931200
2003-06-18,1.222223,1.223344,1.184099,1.200021,35980800
2003-06-20,1.195311,1.195311,1.140591,1.145974,42156800
2003-06-23,1.154945,1.165036,1.112559,1.119063,43798400
2003-06-24,1.123548,1.134761,1.119063,1.132743,41324800
2003-06-25,1.133864,1.15158,1.123548,1.12579,48243200
2003-06-26,1.123548,1.132518,1.119062,1.124669,22025600
2003-06-27,1.124669,1.1379,1.123548,1.137228,19587200
2003-06-30,1.1305,1.154496,1.128033,1.143732,37036800
2003-07-01,1.145974,1.158308,1.137004,1.146871,27305600
2003-07-02,1.152702,1.166157,1.137003,1.166157,29062400
2003-07-03,1.157187,1.172885,1.150683,1.159654,14758400
2003-07-04,1.161672,1.188583,1.152029,1.188583,15555200
2003-07-07,1.188807,1.217737,1.188807,1.211009,56099200
2003-07-08,1.210561,1.22895,1.209888,1.22895,44947200
2003-07-10,1.211009,1.237921,1.209888,1.235678,41321600
2003-07-11,1.226708,1.237921,1.215719,1.216616,28550400
2003-07-14,1.222671,1.240163,1.222671,1.233435,27280000
2003-07-15,1.235679,1.265954,1.226708,1.258105,39123200
2003-07-16,1.255862,1.267075,1.242406,1.254292,31817600
2003-07-17,1.244649,1.261468,1.239042,1.255862,38396800
2003-07-18,1.264832,1.28838,1.260347,1.278288,45027200
2003-07-21,1.280755,1.296229,1.280755,1.285016,40780800
2003-07-22,1.278288,1.297351,1.278288,1.291744,21916800
2003-07-23,1.296005,1.302508,1.278288,1.285016,35651200
2003-07-24,1.283894,1.29735,1.26259,1.26259,24569600
2003-07-25,1.267075,1.276045,1.251376,1.253619,24675200
2003-07-28,1.255638,1.267075,1.24577,1.267075,24908800
2003-07-29,1.269318,1.287258,1.256086,1.273803,30336000
2003-07-30,1.278288,1.287258,1.262814,1.262814,24524800
2003-07-31,1.269318,1.278288,1.256086,1.265954,34896000
2003-08-01,1.267075,1.267075,1.206524,1.20787,35612800
2003-08-04,1.2063,12.110096,1.195311,1.202039,364384000
2003-08-05,12.110094,12.110094,1.22895,1.22895,434112000
2003-08-06,1.233436,1.240164,1.208767,1.226708,26624000
2003-08-07,1.226708,1.264832,1.226708,1.260347,40259200
2003-08-08,1.266178,1.296229,1.266178,1.296229,27235200
2003-08-11,1.282773,1.307218,1.282773,1.300714,25398400
2003-08-12,1.301163,1.322467,1.296229,1.306321,22204800
2003-08-13,1.304078,1.315291,1.298471,1.304078,42134400
2003-08-14,1.30632,1.339735,1.30632,1.337717,40240000
2003-08-15,1.300714,1.319777,1.293987,1.307667,50435200
2003-08-18,1.309909,1.330765,1.309684,1.324934,63673600
2003-08-19,1.328747,1.330989,1.285016,1.293089,51273600
2003-08-20,1.291743,1.304078,1.274924,1.292865,56307200
2003-08-21,1.294659,1.311927,1.282773,1.301836,56076800
2003-08-22,1.303181,1.316188,1.287707,1.298471,26092800
2003-08-25,1.300714,1.3052,1.278512,1.280979,20569600
2003-08-26,1.286137,1.300714,1.272682,1.293986,35600000
2003-08-27,1.300714,1.328747,1.296229,1.328747,31596800
2003-08-28,1.328971,1.343324,1.316413,1.328747,32864000
2003-08-29,1.311927,1.365301,1.307218,1.363507,42502400
2003-09-01,1.354537,1.367992,1.33996,1.347809,22032000
2003-09-02,1.347809,1.359022,1.343548,1.345566,29750400
2003-09-03,1.349827,1.382345,1.342426,1.380326,41033600
2003-09-04,1.390418,1.436392,1.381448,1.422039,76905600
2003-09-05,1.434598,1.457697,1.421815,1.45366,51088000
2003-09-08,1.457697,1.480123,1.450969,1.450969,36326400
2003-09-09,1.446484,1.457697,1.410602,1.413741,60272000
2003-09-10,1.412844,1.437513,1.390642,1.437513,40457600
2003-09-11,1.449399,1.457697,1.43527,1.43527,40076800
2003-09-12,1.435271,1.454109,1.424058,1.441999,36400000
2003-09-15,1.441998,1.450969,1.403874,1.410602,54713600
2003-09-16,1.419572,1.428318,1.40948,1.418451,29587200
2003-09-17,1.424058,1.424058,1.399389,1.412845,38595200
2003-09-18,1.412845,1.424058,1.400511,1.415087,43830400
2003-09-19,1.423834,1.445363,1.403874,1.40836,47017600
2003-09-22,1.401407,1.401407,1.375841,1.383466,38320000
2003-09-23,1.390419,1.394456,1.351173,1.362386,39600000
2003-09-24,1.372478,1.390418,1.367992,1.374944,53913600
2003-09-25,1.376962,1.387951,1.347808,1.351172,41616000
2003-09-26,1.35364,1.370235,1.346464,1.353416,32233600
2003-09-29,1.367992,1.367992,1.338838,1.367992,24841600
2003-09-30,1.372477,1.390418,1.341081,1.360143,39337600
2003-10-01,1.367993,1.401632,1.367993,1.401632,34128000
2003-10-02,1.410602,1.450969,1.398267,1.450072,48822400
2003-10-03,1.463303,1.488196,1.462182,1.475638,68150400
2003-10-06,1.46891,1.498064,1.464425,1.484608,36995200
2003-10-07,1.480123,1.489094,1.469135,1.480123,30982400
2003-10-08,1.491336,1.504792,1.480123,1.493579,42784000
2003-10-09,1.489094,1.516005,1.482366,1.492458,54070400
2003-10-10,1.491336,1.505913,1.487075,1.491561,24806400
2003-10-13,1.488869,1.531479,1.488869,1.531479,23417600
2003-10-14,1.533946,1.533946,1.503222,1.50367,49705600
2003-10-15,1.510398,1.516005,1.460612,1.462631,39673600
2003-10-16,1.480123,1.491111,1.438634,1.470255,34348800
2003-10-17,1.473394,1.473394,1.444241,1.448726,17065600
2003-10-20,1.447605,1.455454,1.426749,1.450745,64803200
2003-10-21,1.457697,1.46891,1.451193,1.451642,34768000
2003-10-22,1.451641,1.451641,1.428542,1.428542,29715200
2003-10-23,1.412844,1.416208,1.394903,1.406116,38182400
2003-10-24,1.395801,1.444466,1.390419,1.425179,31587200
2003-10-27,1.443793,1.448726,1.427422,1.433028,39097600
2003-10-28,1.436392,1.454333,1.431907,1.454333,26064000
2003-10-29,1.463079,1.47945,1.441999,1.441999,43200000
2003-10-30,1.446483,1.457697,1.413069,1.424282,31206400
2003-10-31,1.435271,1.446259,1.412845,1.412845,43961600
2003-11-03,1.422937,1.455455,1.422937,1.455455,36051200
2003-11-04,1.456576,1.491336,1.439756,1.449624,45190400
2003-11-05,1.448727,1.448727,1.413293,1.416209,27526400
2003-11-06,1.432355,1.462182,1.422039,1.462182,23168000
2003-11-07,1.466667,1.475637,1.458818,1.464424,16784000
2003-11-10,1.46891,1.46891,1.446932,1.449175,14281600
2003-11-11,1.448727,1.472274,1.435271,1.467789,44412800
2003-11-12,1.473844,1.50367,1.46891,1.495821,59347200
2003-11-13,1.504792,1.51152,1.489094,1.50838,40512000
2003-11-14,1.533721,1.546504,1.520266,1.540673,58272000
2003-11-17,1.52946,1.531703,1.50838,1.510398,43811200
2003-11-18,1.52049,1.535964,1.516453,1.533945,26028800
2003-11-19,1.54,1.541795,1.519593,1.541795,31587200
2003-11-20,1.550317,1.557493,1.536188,1.544262,25500800
2003-11-21,1.538431,1.550765,1.533946,1.539552,33395200
2003-11-24,1.555699,1.563099,1.539552,1.540897,38467200
2003-11-25,1.552111,1.560857,1.548074,1.558166,38070400
2003-11-26,1.507034,1.507034,1.475638,1.480572,40806400
2003-11-27,1.486851,1.495821,1.480123,1.4947,15328000
2003-11-28,1.495821,1.502325,1.484608,1.499858,24787200
2003-12-01,1.502773,1.527218,1.496942,1.527218,23830400
2003-12-02,1.522733,1.545159,1.522733,1.539552,33209600
2003-12-03,1.540673,1.544934,1.524975,1.524975,31097600
2003-12-04,1.524975,1.535067,1.513762,1.5326,30812800
2003-12-05,1.528339,1.544037,1.528339,1.53843,39916800
2003-12-08,1.537309,1.541795,1.524975,1.541795,29676800
2003-12-09,1.546504,1.606382,1.546504,1.603467,71667200
2003-12-10,1.596738,1.621407,1.596738,1.604587,43635200
2003-12-11,1.598982,1.657289,1.596739,1.637106,39923200
2003-12-12,1.646301,1.658411,1.60997,1.620511,33513600
2003-12-15,1.637106,1.647197,1.603691,1.607279,47264000
2003-12-16,1.610419,1.634863,1.595618,1.622753,27840000
2003-12-17,1.626341,1.674109,1.625893,1.661774,40140800
2003-12-18,1.659532,1.692274,1.652355,1.692274,28182400
2003-12-19,1.684201,1.714476,1.684201,1.697657,31273600
2003-12-22,1.697207,1.737798,1.686443,1.737798,25484800
2003-12-23,1.738247,1.76942,1.697656,1.702141,26966400
2003-12-26,1.704608,1.717615,1.670745,1.680164,18112000
2003-12-29,1.686443,1.714251,1.686443,1.714251,31996800
2003-12-30,1.725016,1.73578,1.713354,1.713354,21132800
2004-01-02,1.713354,1.776147,1.713354,1.776147,23606400
2004-01-05,1.791621,1.883568,1.790724,1.879308,44755200
2004-01-06,1.906443,1.977982,1.877065,1.977982,77187200
2004-01-07,1.973497,2.074414,1.955556,1.957126,71033600
2004-01-08,1.995924,1.995924,1.90622,1.945465,55296000
2004-01-09,1.956004,1.965648,1.917432,1.924159,42944000
2004-01-12,1.929318,1.97574,1.919675,1.926402,48848000
2004-01-13,1.944343,1.972152,1.93313,1.946586,46841600
2004-01-14,1.955332,1.955332,1.854639,1.887605,72150400
2004-01-15,1.861591,1.878186,1.839165,1.850154,37193600
2004-01-16,1.842305,1.883793,1.814272,1.883793,47923200
2004-01-19,1.883792,1.932233,1.883792,1.932233,38323200
2004-01-20,1.930888,1.983589,1.917432,1.971255,58256000
2004-01-21,1.967891,1.970806,1.929991,1.935597,52918400
2004-01-22,1.882672,1.930888,1.870337,1.902407,49625600
2004-01-23,1.899267,1.917432,1.88155,1.908686,30457600
2004-01-26,1.925281,1.960042,1.908462,1.946586,30854400
2004-01-27,1.946585,1.957798,1.907339,1.935372,25436800
2004-01-28,1.919899,1.960042,1.919899,1.928645,27033600
2004-01-29,1.909582,1.92842,1.798573,1.816514,53328000
2004-01-30,1.798574,1.823242,1.749236,1.75574,53561600
2004-02-02,1.738023,1.764935,1.706627,1.758207,51939200
2004-02-03,1.789379,1.807544,1.767401,1.794088,84656000
2004-02-04,1.825485,1.838268,1.7526,1.75574,39209600
2004-02-05,1.771662,1.798573,1.727931,1.74475,49721600
2004-02-06,1.744527,1.830419,1.711785,1.830419,47577600
2004-02-09,1.843426,1.863609,1.827727,1.827727,37488000
2004-02-10,1.818982,1.882672,1.818758,1.881551,36300800
2004-02-11,1.901734,1.960042,1.890521,1.955108,56710400
2004-02-12,1.964527,1.966769,1.909134,1.954435,43500800
2004-02-13,1.957799,1.984486,1.906219,1.923936,50864000
2004-02-16,1.91003,1.917207,1.881549,1.901733,9724800
2004-02-17,1.910928,1.919674,1.8737,1.912946,57616000
2004-02-18,1.919899,1.935373,1.886035,1.899491,63683200
2004-02-19,1.875944,1.875944,1.812926,1.812926,52342400
2004-02-20,1.749236,1.81629,1.722324,1.814271,59225600
2004-02-25,1.820999,1.869888,1.820999,1.845668,22995200
2004-02-26,1.841183,1.843426,1.819206,1.819206,22489600
2004-02-27,1.829746,1.83894,1.821672,1.83894,26326400
2004-03-01,1.85262,1.921916,1.85262,1.910703,37996800
2004-03-02,1.861367,1.93313,1.859124,1.906668,42640000
2004-03-03,1.928645,1.935597,1.906219,1.928645,26166400
2004-03-04,1.917432,1.938737,1.901734,1.905097,24240000
2004-03-05,1.927524,1.937616,1.901734,1.921469,30201600
2004-03-08,1.934699,1.946585,1.928644,1.935372,26339200
2004-03-09,1.937616,1.969012,1.924608,1.937616,34160000
2004-03-10,1.937391,1.948829,1.854639,1.854639,31299200
2004-03-11,1.836473,1.879307,1.805301,1.823242,40828800
2004-03-12,1.850153,1.892763,1.850153,1.871907,32963200
2004-03-15,1.872579,1.872579,1.802161,1.812029,29209600
2004-03-16,1.836025,1.850154,1.794537,1.821224,32620800
2004-03-17,1.843426,1.853518,1.818757,1.853518,29500800
2004-03-18,1.856882,1.935373,1.841183,1.926402,48876800
2004-03-19,1.935821,1.946585,1.868543,1.879083,33417600
2004-03-22,1.843201,1.868094,1.836697,1.856881,24870400
2004-03-23,1.877065,1.879307,1.820999,1.834455,27731200
2004-03-24,1.836698,1.872355,1.817636,1.830194,42230400
2004-03-25,1.83894,1.856657,1.81315,1.841183,28649600
2004-03-26,1.843425,1.86473,1.840062,1.854414,32512000
2004-03-29,1.866525,1.879308,1.843426,1.853518,24416000
2004-03-30,1.825485,1.868095,1.815393,1.866749,34947200
2004-03-31,1.868095,1.917432,1.861367,1.917432,52284800
2004-04-01,1.928644,1.948828,1.895454,1.9116,42006400
2004-04-02,1.911826,1.943222,1.897249,1.939858,37971200
2004-04-05,1.926402,1.936494,1.906219,1.914965,27641600
2004-04-06,1.917432,1.934924,1.895005,1.924159,24060800
2004-04-07,1.906219,1.923039,1.874823,1.91519,36614400
2004-04-08,1.921916,1.956677,1.906218,1.950846,32736000
2004-04-12,1.95107,1.993456,1.95107,1.984709,33360000
2004-04-13,1.982468,2.006912,1.96206,1.96206,43046400
2004-04-14,1.95892,1.95892,1.921917,1.927748,34745600
2004-04-15,1.915189,1.925281,1.886932,1.906219,30054400
2004-04-16,1.895006,1.927524,1.888278,1.89837,25654400
2004-04-19,1.901734,1.917208,1.872805,1.881551,51113600
2004-04-20,1.883569,1.886933,1.821,1.821,59011200
2004-04-22,1.79633,1.83894,1.79633,1.814271,59622400
2004-04-26,1.838941,1.859125,1.79521,1.798574,27443200
2004-04-27,1.807768,1.840959,1.805302,1.821,28710400
2004-04-28,1.820999,1.831091,1.762692,1.772559,39004800
2004-04-29,1.771437,1.797452,1.646075,1.681957,80908800
2004-04-30,1.715597,1.718961,1.638227,1.67523,63993600
2004-05-03,1.666484,1.694293,1.634863,1.690929,41276800
2004-05-04,1.704384,1.751479,1.695414,1.751479,56812800
2004-05-05,1.766953,1.791846,1.734211,1.773905,38352000
2004-05-06,1.751255,1.764935,1.664242,1.664242,53414400
2004-05-07,1.632172,1.655046,1.574761,1.605709,57475200
2004-05-10,1.54942,1.574313,1.524976,1.545159,56342400
2004-05-11,1.570275,1.668502,1.570275,1.666483,55664000
2004-05-12,1.681958,1.682183,1.626117,1.661999,49846400
2004-05-13,1.642712,1.688686,1.620062,1.686443,40368000
2004-05-14,1.715597,1.726586,1.639348,1.641591,45356800
2004-05-17,1.569828,1.612437,1.5631,1.584405,38358400
2004-05-18,1.625892,1.630601,1.570499,1.596738,38470400
2004-05-19,1.633517,1.633741,1.587768,1.598308,51820800
2004-05-20,1.587769,1.594497,1.549644,1.549644,49692800
2004-05-21,1.569827,1.569827,1.503446,1.507259,67027200
2004-05-24,1.549644,1.601224,1.524975,1.601224,48288000
2004-05-25,1.603467,1.607952,1.574313,1.581041,30656000
2004-05-26,1.592253,1.592253,1.567584,1.577452,37216000
2004-05-27,1.581041,1.620511,1.574537,1.618941,41305600
2004-05-28,1.627238,1.641591,1.581489,1.592254,54390400
2004-05-31,1.604588,1.614455,1.585526,1.609746,19299200
2004-06-01,1.603467,1.655047,1.592254,1.655047,28268800
2004-06-02,1.662896,1.686443,1.641591,1.652804,61788800
2004-06-03,1.659531,1.659531,1.616922,1.630377,19795200
2004-06-04,1.648544,1.655047,1.625893,1.632397,19619200
2004-06-07,1.639573,1.669848,1.637106,1.669848,27244800
2004-06-08,1.667156,1.681733,1.637105,1.643833,39232000
2004-06-09,1.64944,1.64944,1.610194,1.62365,49747200
2004-06-11,1.632621,1.632621,1.610419,1.62365,11302400
2004-06-14,1.613334,1.628136,1.581041,1.628136,62617600
2004-06-15,1.663793,1.681958,1.648543,1.674109,63008000
2004-06-16,1.681959,1.688686,1.652805,1.680837,48022400
2004-06-17,1.669399,1.688686,1.663793,1.688461,46988800
2004-06-18,1.672987,1.69945,1.664017,1.679715,23148800
2004-06-21,1.677697,1.688686,1.652804,1.656168,47344000
2004-06-22,1.656168,1.679491,1.643834,1.677249,36902400
2004-06-23,1.67523,1.742508,1.67523,1.742508,97772800
2004-06-24,1.743629,1.758206,1.724567,1.740265,33184000
2004-06-25,1.738023,1.738023,1.697432,1.706626,25331200
2004-06-28,1.720081,1.720081,1.677472,1.681957,25104000
2004-06-29,1.681958,1.70416,1.659532,1.696535,23680000
2004-06-30,1.693171,1.733762,1.681958,1.733762,45075200
2004-07-01,1.72681,1.733538,1.711112,1.724567,38556800
2004-07-02,1.727931,1.737574,1.719634,1.722325,24400000
2004-07-05,1.72681,1.731295,1.706627,1.712457,15500800
2004-07-06,1.715373,1.729053,1.687565,1.690929,31708800
2004-07-07,1.704384,1.720082,1.66626,1.66626,36028800
2004-07-08,1.668502,1.683079,1.652804,1.661774,27401600
2004-07-12,1.661999,1.681958,1.655047,1.67523,31571200
2004-07-13,1.680164,1.688462,1.662896,1.66626,28982400
2004-07-14,1.664017,1.681733,1.657289,1.662896,40364800
2004-07-15,1.681509,1.733538,1.679715,1.717839,52528000
2004-07-16,1.739369,1.762692,1.739145,1.757758,46259200
2004-07-19,1.757309,1.771438,1.717839,1.735556,43494400
2004-07-20,1.736902,1.746769,1.719634,1.722325,32268800
2004-07-21,1.736901,1.746769,1.712233,1.712233,41513600
2004-07-22,1.715821,1.722324,1.680163,1.682182,34598400
2004-07-23,1.682183,1.695414,1.668727,1.677473,32470400
2004-07-26,1.686667,1.706627,1.650561,1.659532,31369600
2004-07-27,1.66626,1.698778,1.66312,1.697657,34041600
2004-07-28,1.696535,1.733314,1.695862,1.729053,44752000
2004-07-29,1.731295,1.758879,1.725689,1.758879,38256000
2004-07-30,1.749685,1.776148,1.738024,1.751479,45238400
2004-08-02,1.740714,1.751479,1.724568,1.747891,25561600
2004-08-03,1.747891,1.753721,1.73152,1.742508,28198400
2004-08-04,1.74363,1.770541,1.729053,1.762692,48179200
2004-08-05,1.771438,1.782875,1.715597,1.72995,39942400
2004-08-06,1.74049,1.753721,1.717839,1.753721,41004800
2004-08-09,1.751479,1.764935,1.740266,1.751479,28822400
2004-08-10,1.755965,1.785119,1.753722,1.785119,32720000
2004-08-11,1.771662,1.814496,1.771662,1.788482,72691200
2004-08-12,1.792743,1.809786,1.78736,1.802834,52608000
2004-08-13,1.802834,1.809786,1.77211,1.782875,22195200
2004-08-16,1.779511,1.800592,1.773905,1.792967,65648000
2004-08-17,1.798573,1.807319,1.787809,1.791846,25168000
2004-08-18,1.791846,1.812029,1.785118,1.810908,45417600
2004-08-19,1.816514,1.850153,1.816514,1.83894,32787200
2004-08-20,1.838716,1.902855,1.838716,1.89837,57302400
2004-08-23,1.890745,1.912947,1.875046,1.881998,35107200
2004-08-24,1.896127,1.899715,1.856881,1.875944,37171200
2004-08-25,1.895006,1.895006,1.870337,1.889399,35376000
2004-08-26,1.877514,1.881999,1.845669,1.852845,23475200
2004-08-27,1.863609,1.863609,1.847911,1.855311,16083200
2004-08-30,1.850153,1.850153,1.834455,1.83894,25612800
2004-08-31,1.860918,1.860918,1.830194,1.83894,28899200
2004-09-01,1.83894,1.859124,1.830643,1.840735,22806400
2004-09-02,1.843425,1.872579,1.827951,1.868094,23756800
2004-09-03,1.868094,1.874822,1.859124,1.865852,10598400
2004-09-06,1.87258,1.874822,1.854639,1.867422,3324800
2004-09-08,1.867422,1.897249,1.867422,1.889399,31139200
2004-09-09,1.89052,1.904873,1.866076,1.896575,31526400
2004-09-10,1.895231,1.895231,1.87729,1.884017,21593600
2004-09-13,1.883569,1.899491,1.874823,1.883793,23590400
2004-09-14,1.884241,1.921468,1.884016,1.910703,45894400
2004-09-15,1.908461,1.927299,1.897248,1.910031,31571200
2004-09-16,1.908686,1.93313,1.908686,1.93313,22284800
2004-09-17,1.935373,1.957799,1.928645,1.95735,22252800
2004-09-20,1.976861,1.991886,1.964975,1.964975,41900800
2004-09-21,1.973722,2.012295,1.962284,1.994802,39856000
2004-09-22,1.99839,2.02575,1.982467,1.984037,37110400
2004-09-23,1.991662,2.040776,1.991662,2.040327,37366400
2004-09-24,2.031805,2.077554,2.031805,2.066341,29244800
2004-09-27,2.074639,2.097963,2.060062,2.084507,35747200
2004-09-28,2.083384,2.104465,2.074638,2.104465,42601600
2004-09-29,2.114782,2.114782,2.086749,2.100429,35248000
2004-09-30,2.108053,2.117921,2.100204,2.104465,36540800
2004-10-01,2.047503,2.115902,2.047054,2.108053,43411200
2004-10-04,2.114782,2.130255,2.108054,2.119267,27065600
2004-10-05,2.117024,2.161876,2.108278,2.161876,33094400
2004-10-06,2.159635,2.191031,2.134966,2.165465,46646400
2004-10-07,2.172865,2.186545,2.152905,2.178695,44633600
2004-10-08,2.193274,2.197759,2.16412,2.170847,45465600
2004-10-11,2.162998,2.191031,2.133171,2.145057,8044800
2004-10-13,2.128237,2.128237,1.997941,2.060959,80361600
2004-10-14,2.049746,2.05894,1.977982,2.046382,59827200
2004-10-15,2.047503,2.086076,2.047503,2.086076,37827200
2004-10-18,2.096841,2.131601,2.077779,2.128237,70352000
2004-10-19,2.137208,2.152906,2.074415,2.074415,40716800
2004-10-20,2.074414,2.101325,2.045484,2.08316,35328000
2004-10-21,2.065445,2.123752,2.065445,2.115006,38444800
2004-10-22,2.13048,2.145057,2.11097,2.125995,32211200
2004-10-25,2.119267,2.13676,2.108054,2.128462,22160000
2004-10-26,2.13048,2.134965,2.0789,2.100204,40934400
2004-10-27,2.101326,2.126892,2.101326,2.114558,26790400
2004-10-28,2.114557,2.114781,2.078899,2.085403,17625600
2004-10-29,2.096841,2.107606,2.074863,2.09572,40624000
2004-11-01,2.09684,2.116351,2.085852,2.105362,8044800
2004-11-03,2.110296,2.131601,2.092355,2.100204,31196800
2004-11-04,2.118146,2.127117,2.110521,2.11254,34819200
2004-11-05,2.125546,2.15627,2.119267,2.148421,30873600
2004-11-08,2.152906,2.164119,2.106036,2.12151,31088000
2004-11-09,2.130031,2.133844,2.081142,2.10469,22041600
2004-11-10,2.11523,2.134965,2.11523,2.134965,17827200
2004-11-11,2.136983,2.142814,2.117024,2.142814,14278400
2004-11-12,2.148197,2.162998,2.141693,2.148421,30812800
2004-11-16,2.13048,2.13048,2.047503,2.047503,78998400
2004-11-17,2.058717,2.085404,2.058717,2.064099,36428800
2004-11-18,2.08518,2.085404,2.025302,2.038533,37174400
2004-11-19,2.051988,2.056249,2.016554,2.029562,28617600
2004-11-22,2.027096,2.066342,2.027096,2.05625,26064000
2004-11-23,2.063201,2.075535,2.011621,2.020591,32566400
2004-11-24,2.029562,2.041,2.007136,2.009379,35859200
2004-11-25,2.085627,2.117024,2.074863,2.117024,50444800
2004-11-26,2.103569,2.107606,2.085628,2.104017,24150400
2004-11-29,2.103568,2.105587,2.063201,2.068808,30544000
2004-11-30,2.072396,2.091234,2.057595,2.083385,32896000
2004-12-01,2.09684,2.155148,2.085627,2.146178,43670400
2004-12-02,2.138329,2.152906,2.087871,2.105812,28377600
2004-12-03,2.121509,2.123752,2.090112,2.092579,30384000
2004-12-06,2.096841,2.128013,2.096841,2.111418,22380800
2004-12-07,2.103569,2.10783,2.06993,2.083385,25740800
2004-12-08,2.083385,2.090113,2.059838,2.084282,26467200
2004-12-09,2.085852,2.090113,2.027544,2.027544,26044800
2004-12-10,2.040775,2.072172,2.029786,2.060959,28752000
2004-12-13,2.065444,2.076657,2.058717,2.074415,22857600
2004-12-14,2.080469,2.095719,2.077106,2.092131,28892800
2004-12-15,2.088319,2.105811,2.060959,2.103569,70921600
2004-12-16,2.090113,2.143936,2.089889,2.143936,62121600
2004-12-17,2.146178,2.157391,2.114781,2.1242,27123200
2004-12-20,2.125995,2.141469,2.112988,2.12151,69881600
2004-12-21,2.118819,2.174884,2.118819,2.166586,38566400
2004-12-22,2.170847,2.180938,2.133844,2.137208,37372800
2004-12-23,2.167483,2.17309,2.126219,2.167483,32531200
2004-12-27,2.152906,2.179817,2.148421,2.16995,74985600
2004-12-28,2.164118,2.175331,2.133843,2.173089,15184000
2004-12-29,2.175332,2.195067,2.175332,2.195067,17363200
2004-12-30,2.194842,2.196636,2.178023,2.178695,11993600
2005-01-03,2.186546,2.195516,2.112315,2.11254,30044800
2005-01-04,2.130255,2.143935,2.085628,2.087422,37667200
2005-01-05,2.092356,2.112091,2.058717,2.079349,30873600
2005-01-06,2.090561,2.09684,2.060958,2.085627,28224000
2005-01-07,2.089889,2.114782,2.07464,2.094823,25980800
2005-01-10,2.108054,2.118145,2.057819,2.067687,34800000
2005-01-11,2.074415,2.107606,2.058717,2.090113,27888000
2005-01-12,2.092581,2.107606,2.037861,2.078901,34035200
2005-01-13,2.092132,2.103569,2.072172,2.099308,54348800
2005-01-14,2.099083,2.114781,2.078899,2.110296,44460800
2005-01-17,2.108053,2.124873,2.096616,2.09684,35737600
2005-01-18,2.075985,2.086973,2.058941,2.074415,27420800
2005-01-19,2.080022,2.091235,2.067912,2.08675,44195200
2005-01-20,2.074415,2.074415,2.032927,2.039654,29532800
2005-01-21,2.047503,2.065444,2.025301,2.043018,25958400
2005-01-24,2.06993,2.084058,2.040776,2.069705,14412800
2005-01-26,2.092356,2.119043,2.092356,2.11254,34812800
2005-01-27,2.105362,2.128237,2.086748,2.108053,39171200
2005-01-28,2.103569,2.105811,2.06993,2.081143,27833600
2005-01-31,2.094598,2.105811,2.083385,2.092355,13459200
2005-02-01,2.114557,2.117024,2.092356,2.103569,39702400
2005-02-02,2.108054,2.141693,2.103569,2.134965,31520000
2005-02-03,2.137207,2.15739,2.120387,2.15739,31756800
2005-02-04,2.083385,2.195515,2.071275,2.18206,87180800
2005-02-09,2.295312,2.321102,2.242835,2.278717,69043200
2005-02-10,2.247096,2.271765,2.232519,2.268401,31232000
2005-02-11,2.265037,2.3294,2.265037,2.305179,50934400
2005-02-14,2.289929,2.298675,2.276697,2.284098,29689600
2005-02-15,2.252253,2.280734,2.244853,2.266158,44016000
2005-02-16,2.272885,2.300021,2.250459,2.298675,90828800
2005-02-17,2.311235,2.341959,2.303161,2.303161,56451200
2005-02-18,2.309889,2.312132,2.278717,2.303161,28630400
2005-02-21,2.308767,2.336799,2.305403,2.332314,41516800
2005-02-22,2.341285,2.395108,2.325587,2.350256,45587200
2005-02-23,2.377167,2.401612,2.365954,2.399593,47603200
2005-02-24,2.433008,2.484364,2.433008,2.480327,48985600
2005-02-25,2.473375,2.547606,2.462387,2.535271,51731200
2005-02-28,2.511725,2.544243,2.424712,2.494233,51948800
2005-03-01,2.453864,2.454088,2.375149,2.391968,57830400
2005-03-02,2.389726,2.469115,2.370216,2.460144,48012800
2005-03-03,2.498043,2.547605,2.493782,2.545362,58182400
2005-03-04,2.559267,2.599185,2.559267,2.58573,33872000
2005-03-07,2.590215,2.621612,2.549848,2.595822,26403200
2005-03-08,2.573395,2.573395,2.549848,2.565546,31289600
2005-03-09,2.543568,2.598064,2.511723,2.520694,28793600
2005-03-10,2.522937,2.538636,2.437718,2.453417,38848000
2005-03-11,2.475618,2.489298,2.404079,2.413049,34470400
2005-03-14,2.395109,2.429645,2.354742,2.395109,42329600
2005-03-15,2.40632,2.419776,2.330072,2.332314,47305600
2005-03-16,2.383894,2.386137,2.287462,2.381652,50121600
2005-03-17,2.341286,2.415067,2.341286,2.406097,34576000
2005-03-18,2.406097,2.4126,2.34577,2.372682,30771200
2005-03-21,2.378064,2.383895,2.35362,2.37044,49056000
2005-03-22,2.377391,2.38838,2.287462,2.305628,50352000
2005-03-23,2.314374,2.316616,2.265036,2.271764,49484800
2005-03-24,2.310113,2.323344,2.274231,2.300918,22313600
2005-03-28,2.291947,2.300693,2.259429,2.259429,20028800
2005-03-29,2.274006,2.304281,2.211213,2.224669,31603200
2005-03-30,2.235882,2.280735,2.216147,2.274007,34438400
2005-03-31,2.296209,2.32783,2.27625,2.313253,33139200
2005-04-01,2.331193,2.350255,2.298675,2.330072,40569600
2005-04-04,2.332315,2.371784,2.309888,2.330072,30665600
2005-04-05,2.332316,2.359227,2.265037,2.271989,29100800
2005-04-06,2.287462,2.309664,2.24261,2.269521,35568000
2005-04-07,2.302937,2.302937,2.23364,2.274904,33475200
2005-04-08,2.287463,2.287463,2.235883,2.242611,20259200
2005-04-11,2.242386,2.270643,2.23207,2.253823,22297600
2005-04-12,2.253824,2.256963,2.209196,2.242611,35568000
2005-04-13,2.265036,2.269521,2.197758,2.197758,54230400
2005-04-14,2.197533,2.247095,2.125994,2.138777,37280000
2005-04-15,2.108502,2.15313,2.096841,2.103569,29257600
2005-04-18,2.130479,2.130479,2.067686,2.08316,38662400
2005-04-19,2.108054,2.152682,2.094823,2.152682,35830400
2005-04-20,2.152906,2.171071,2.124874,2.124874,22224000
2005-04-22,2.137208,2.172865,2.086525,2.08787,15798400
2005-04-25,2.090113,2.166138,2.090113,2.15044,22448000
2005-04-26,2.142813,2.184302,2.134964,2.173089,29155200
2005-04-27,2.157392,2.17309,2.11254,2.11254,29542400
2005-04-28,2.105362,2.105362,2.047503,2.060959,32406400
2005-04-29,2.119267,2.119267,2.058716,2.119267,28297600
2005-05-02,2.119043,2.119043,2.058717,2.11254,19004800
2005-05-03,2.112539,2.12151,2.075536,2.104017,22736000
2005-05-04,2.108053,2.147747,2.108053,2.135638,27260800
2005-05-05,2.152906,2.175333,2.139451,2.175333,31670400
2005-05-06,2.186769,2.238125,2.186545,2.214129,29177600
2005-05-09,2.220184,2.225342,2.197758,2.217942,16227200
2005-05-10,2.220184,2.220409,2.168604,2.168604,25113600
2005-05-11,2.177798,2.191702,2.146401,2.173089,28419200
2005-05-12,2.179817,2.197758,2.117024,2.13048,39612800
2005-05-13,2.130032,2.132723,2.063426,2.074415,41280000
2005-05-16,2.092355,2.103568,2.069929,2.102671,40710400
2005-05-17,2.102671,2.164119,2.086076,2.15627,25046400
2005-05-18,2.174212,2.197759,2.157392,2.177576,34208000
2005-05-19,2.164119,2.197982,2.151784,2.197982,20006400
2005-05-20,2.197758,2.217942,2.188788,2.202243,16089600
2005-05-23,2.202243,2.202243,2.15627,2.15627,13692800
2005-05-24,2.146179,2.197759,2.13519,2.195516,16611200
2005-05-25,2.212335,2.223548,2.193273,2.212335,23558400
2005-05-27,2.228482,2.264588,2.226912,2.260551,20323200
2005-05-30,2.243732,2.285221,2.243732,2.27625,14633600
2005-05-31,2.274007,2.279389,2.249562,2.254945,41654400
2005-06-01,2.260551,2.325587,2.260551,2.323344,35040000
2005-06-02,2.323121,2.348014,2.315496,2.334558,36265600
2005-06-03,2.334557,2.3368,2.29419,2.331866,22486400
2005-06-06,2.293069,2.316617,2.267728,2.306525,37936000
2005-06-07,2.285221,2.285221,2.245078,2.247096,43225600
2005-06-08,2.276249,2.282977,2.240592,2.249338,41046400
2005-06-09,2.240367,2.280062,2.217941,2.269521,32803200
2005-06-10,2.269521,2.303161,2.269521,2.280735,19680000
2005-06-13,2.287463,2.303386,2.265262,2.268625,19622400
2005-06-14,2.265037,2.313926,2.263691,2.309889,48656000
2005-06-15,2.309888,2.332315,2.276474,2.331193,38112000
2005-06-16,2.343528,2.373355,2.321326,2.365954,39212800
2005-06-17,2.399593,2.415291,2.378288,2.415291,49289600
2005-06-20,2.419776,2.462386,2.413049,2.451173,69139200
2005-06-21,2.455658,2.457901,2.43099,2.441978,39254400
2005-06-22,2.447809,2.466871,2.417533,2.466871,34265600
2005-06-23,2.457901,2.478085,2.421795,2.42628,51094400
2005-06-24,2.422019,2.446688,2.372458,2.38838,41712000
2005-06-27,2.362142,2.488625,2.362142,2.484813,41648000
2005-06-28,2.484812,2.487055,2.446687,2.455658,35472000
2005-06-29,2.455435,2.472479,2.426505,2.4357,21980800
2005-06-30,2.444446,2.459023,2.406322,2.406322,23862400
2005-07-01,2.443007,2.481172,2.413526,2.472488,23113600
2005-07-04,2.452149,2.472488,2.438894,2.470431,9321600
2005-07-05,2.468146,2.52985,2.45672,2.497856,43827200
2005-07-06,2.481858,2.522993,2.481858,2.488942,40336000
2005-07-07,2.445292,2.479572,2.427238,2.436151,48636800
2005-07-08,2.446436,2.497855,2.446436,2.479801,39017600
2005-07-11,2.472716,2.486885,2.459004,2.467917,45228800
2005-07-12,2.479572,2.517966,2.470202,2.513852,42825600
2005-07-13,2.509739,2.53442,2.500141,2.509739,29753600
2005-07-14,2.52505,2.52505,2.437294,2.468146,41993600
2005-07-15,2.454435,2.454435,2.395016,2.395016,28406400
2005-07-18,2.387017,2.404157,2.367591,2.379018,37862400
2005-07-19,2.377191,2.392731,2.358451,2.38816,28892800
2005-07-20,2.372162,2.417869,2.367591,2.399586,31520000
2005-07-21,2.418782,2.439579,2.389302,2.430438,20480000
2005-07-22,2.430439,2.469289,2.404843,2.465861,41337600
2005-07-25,2.42244,2.433866,2.39273,2.413298,79244800
2005-07-26,2.38816,2.433867,2.381304,2.421297,23651200
2005-07-27,2.471574,2.483229,2.422439,2.483229,30880000
2005-07-28,2.491,2.541048,2.477288,2.522994,38339200
2005-07-29,2.516138,2.536249,2.481858,2.490542,23961600
2005-08-01,2.488714,2.557274,2.475002,2.542191,41206400
2005-08-02,2.577841,2.600695,2.549275,2.598866,32576000
2005-08-03,2.608008,2.650743,2.607551,2.614407,40534400
2005-08-04,2.593838,2.618748,2.580354,2.586982,25529600
2005-08-05,2.605264,2.623318,2.592009,2.609835,24860800
2005-08-08,2.613035,2.668111,2.613035,2.65897,26275200
2005-08-09,2.698049,2.702391,2.662398,2.701477,35734400
2005-08-10,2.719531,2.740099,2.696678,2.71496,40403200
2005-08-11,2.735529,2.787863,2.712447,2.746955,46156800
2005-08-12,2.685251,2.797232,2.664683,2.797232,54192000
2005-08-15,2.790376,2.833797,2.746041,2.810716,68457600
2005-08-16,2.799288,2.82237,2.755639,2.760667,31219200
2005-08-17,2.758382,2.783521,2.698964,2.698964,59436800
2005-08-18,2.702391,2.749926,2.687536,2.700106,35017600
2005-08-19,2.705819,2.747641,2.650971,2.737814,61536000
2005-08-22,2.760667,2.814143,2.747183,2.792661,35251200
2005-08-23,2.785804,2.808657,2.745354,2.749468,22512000
2005-08-24,2.740099,2.826941,2.724102,2.826941,38854400
2005-08-25,2.841795,2.861221,2.815743,2.838367,37936000
2005-08-26,2.833797,2.842939,2.769808,2.783749,25868800
2005-08-29,2.836082,2.85208,2.815514,2.845224,24675200
2005-08-30,2.850251,2.901213,2.849793,2.901213,36636800
2005-08-31,2.901214,2.970917,2.901214,2.970917,56124800
2005-09-01,2.901214,2.970917,2.901214,2.970917,40197600
2005-09-02,2.901214,2.970917,2.901214,2.970917,47359200
2005-09-05,2.901214,2.970917,2.901214,2.970917,18945600
2005-09-06,2.901214,2.970917,2.901214,2.970917,42473600
2005-09-08,2.901214,2.970917,2.901214,2.970917,23563200
2005-09-09,3.002911,3.105294,3.001083,3.094324,9418000
2005-09-12,3.144602,3.153743,3.098896,3.108037,10099000
2005-09-13,3.117177,3.135459,3.076041,3.076041,5296000
2005-09-14,3.076955,3.126318,3.076955,3.12449,6401600
2005-09-15,3.152828,3.172024,3.134545,3.137287,8779200
2005-09-16,3.147343,3.189392,3.117176,3.178423,7562600
2005-09-19,3.163797,3.25978,3.1446,3.258866,10857800
2005-09-20,3.259781,3.272579,3.231443,3.260695,7713000
2005-09-21,3.253382,3.383188,3.236927,3.383188,11417400
2005-09-22,3.395071,3.427066,3.264351,3.294518,14177400
2005-09-23,3.33474,3.335654,3.247898,3.270751,11019200
2005-09-26,3.262523,3.262523,3.154656,3.217731,11002800
2005-09-27,3.207674,3.289032,3.168367,3.289032,9049800
2005-09-28,3.314629,3.35028,3.293604,3.329255,7706400
2005-09-29,3.358508,3.358508,3.24607,3.248812,9667600
2005-09-30,3.25521,3.268007,3.209503,3.258866,6926400
2005-10-03,3.263437,3.300916,3.237841,3.290861,6595400
2005-10-04,3.29086,3.300001,3.158311,3.162882,13072200
2005-10-05,3.161968,3.170196,2.993769,2.993769,14663800
2005-10-06,3.001996,3.001996,2.810944,2.879503,23263800
2005-10-07,2.970917,2.970917,2.888645,2.897786,14659200
2005-10-10,2.938922,2.960861,2.861221,2.879503,10170800
2005-10-11,2.943493,2.97823,2.906927,2.934351,14073400
2005-10-13,2.860307,2.902356,2.792661,2.870362,12846000
2005-10-14,2.92521,2.92521,2.77895,2.850252,12499000
2005-10-17,2.888644,2.938007,2.865791,2.938007,13854200
2005-10-18,2.943491,2.970915,2.778948,2.778948,12697600
2005-10-19,2.778949,2.885902,2.733243,2.833797,14468400
2005-10-20,2.697592,2.910584,2.673825,2.693022,14815000
2005-10-21,2.740556,2.804545,2.715875,2.795404,8496200
2005-10-24,2.783521,2.949892,2.783521,2.949892,8376400
2005-10-25,2.92521,2.989199,2.882246,2.936179,7872400
2005-10-26,2.902357,2.983714,2.861221,2.92521,6824400
2005-10-27,2.943493,2.966346,2.834712,2.839282,6469000
2005-10-28,2.893215,2.906927,2.847509,2.847509,7585800
2005-10-31,2.880417,2.944406,2.847509,2.944406,7234600
2005-11-01,2.960861,3.048617,2.92521,2.991027,14807000
2005-11-03,3.016622,3.080611,3.000168,3.07147,11580600
2005-11-04,3.049532,3.09798,2.966346,2.980058,10239200
2005-11-07,3.016623,3.044047,2.916983,2.957205,9770800
2005-11-08,2.975487,3.010224,2.916983,3.007481,7706000
2005-11-09,3.033991,3.041304,2.930695,3.001997,10720000
2005-11-10,2.975487,3.014794,2.862135,2.906013,16178600
2005-11-11,2.888645,2.926124,2.789005,2.820086,15222000
2005-11-14,2.789004,2.879503,2.740555,2.842024,5813000
2005-11-16,2.828312,2.92521,2.820085,2.92521,7005200
2005-11-17,2.971829,3.009309,2.944406,2.971829,10254600
2005-11-18,2.980971,2.993768,2.941663,2.989198,7554000
2005-11-21,3.012052,3.021193,2.976401,3.020279,8504200
2005-11-22,2.973658,3.126317,2.971829,3.126317,13857600
2005-11-23,3.126318,3.161055,3.103465,3.158312,10116400
2005-11-24,3.140031,3.164712,3.109865,3.130889,4911600
2005-11-25,3.1446,3.153741,3.128146,3.132716,4933800
2005-11-28,3.145514,3.17111,3.016622,3.017536,8622000
2005-11-29,3.032163,3.078783,2.989199,3.076041,7927600
2005-11-30,3.057759,3.130889,3.021194,3.130889,10154400
2005-12-01,3.148257,3.208589,3.121747,3.199448,10212800
2005-12-02,3.231443,3.279892,3.226873,3.252469,11250000
2005-12-05,3.24424,3.290861,3.231442,3.24424,6828600
2005-12-06,3.281721,3.300003,3.194878,3.281721,12061200
2005-12-07,3.257038,3.316456,3.249725,3.257038,8718000
2005-12-08,3.285374,3.327424,3.230527,3.285374,9697000
2005-12-09,3.300003,3.313715,3.276236,3.300003,4997800
2005-12-12,3.317371,3.372218,3.295432,3.317371,7816200
2005-12-13,3.340224,3.35942,3.264351,3.340224,8300800
2005-12-14,3.368562,3.377704,3.336568,3.368562,8352800
2005-12-15,3.318284,3.377702,3.313713,3.318284,6051000
2005-12-16,3.318284,3.362162,3.31737,3.318284,7743800
2005-12-19,3.317371,3.35485,3.295432,3.317371,12868800
2005-12-20,3.318284,3.336567,3.285375,3.318284,5031600
2005-12-21,3.364906,3.389588,3.336568,3.364906,5777800
2005-12-22,3.373133,3.400557,3.358507,3.373133,4700800
2005-12-23,3.350279,3.395985,3.327425,3.350279,4432000
2005-12-26,3.340224,3.363991,3.331082,3.340224,1655400
2005-12-27,3.318284,3.368561,3.300916,3.318284,5701600
2005-12-28,3.373133,3.379532,3.347537,3.373133,7251800
2005-12-29,3.40147,3.426152,3.37496,3.40147,5867000
2006-01-02,3.53107,3.53107,3.404994,3.53107,5230200
2006-01-03,3.642314,3.646022,3.550537,3.642314,11266800
2006-01-04,3.659928,3.670126,3.620993,3.659928,9003600
2006-01-05,3.652511,3.686811,3.616356,3.652511,8084000
2006-01-06,3.786932,3.79064,3.665491,3.786932,11941200
2006-01-09,3.772098,3.828648,3.741507,3.786004,8782200
2006-01-10,3.792493,3.824012,3.74985,3.792493,13541600
2006-01-11,3.824012,3.935256,3.820304,3.921351,15117800
2006-01-12,3.920423,4.040937,3.884269,3.953796,16237800
2006-01-13,3.972336,4.008491,3.908371,3.94916,7932600
2006-01-16,3.950088,4.059478,3.950088,4.027958,10409800
2006-01-17,3.981608,4.079873,3.916715,3.967702,12339600
2006-01-18,3.912079,3.953796,3.867582,3.928766,9901600
2006-01-19,4.032594,4.077091,4.004783,4.051135,10552800
2006-01-20,4.074311,4.104903,4.024251,4.102122,6858800
2006-01-23,4.078947,4.148475,4.060407,4.14384,7922000
2006-01-24,4.167015,4.27177,4.167015,4.222637,10833600
2006-01-26,4.194826,4.228199,4.150328,4.218002,12571800
2006-01-27,4.292163,4.301434,4.159597,4.170722,13650200
2006-01-30,4.175359,4.301435,4.15311,4.294946,10331000
2006-01-31,4.292165,4.357057,4.259719,4.357057,13251000
2006-02-01,4.330172,4.384867,4.310705,4.33388,12117600
2006-02-02,4.310706,4.338517,4.060407,4.14384,16821000
2006-02-03,4.078946,4.213366,4.033522,4.09656,12211400
2006-02-06,4.187409,4.213366,4.106757,4.204095,10532400
2006-02-07,4.185554,4.19946,4.018688,4.02147,10122200
2006-02-08,4.003857,4.032595,3.903737,3.942672,16351600
2006-02-09,3.995513,4.02796,3.897248,3.912081,12686800
2006-02-10,4.031669,4.031669,3.801764,3.834211,21443000
2006-02-13,3.82772,3.908372,3.773025,3.782295,13200000
2006-02-14,3.800838,3.841627,3.719259,3.791568,17796000
2006-02-15,3.800836,3.89354,3.783223,3.814742,17220600
2006-02-16,3.935256,4.014054,3.826793,3.912081,23145200
2006-02-17,4.083581,4.157743,4.027959,4.078946,17009000
2006-02-20,4.139204,4.212439,4.067822,4.144766,18518800
2006-02-21,4.208731,4.234688,4.084509,4.084509,11906400
2006-02-22,4.090071,4.143839,3.976973,4.03723,12803800
2006-02-23,4.014054,4.083581,3.969556,4.078019,9609600
2006-02-24,4.125297,4.172576,4.089143,4.145692,7016200
2006-03-01,4.065967,4.19019,4.027032,4.183701,9702200
2006-03-02,4.185555,4.214293,4.145692,4.19019,10203400
2006-03-03,4.172577,4.227272,4.128079,4.218002,9549800
2006-03-06,4.227271,4.229125,4.102122,4.102122,10576600
2006-03-07,4.069677,4.069677,3.90281,3.925986,19829400
2006-03-08,3.856459,3.958433,3.765609,3.900957,21121000
2006-03-09,3.953799,4.004785,3.773027,3.791568,13700200
2006-03-10,3.815669,3.887977,3.765609,3.820304,11997600
2006-03-13,3.842552,3.907444,3.814741,3.863873,9868600
2006-03-14,3.944526,4.034448,3.791566,4.034448,14922600
2006-03-15,4.041863,4.125296,4.016834,4.085434,12651200
2006-03-16,4.093778,4.116027,3.997366,4.051135,12572600
2006-03-17,4.023324,4.069676,3.944526,3.967702,11002800
2006-03-20,4.032593,4.06504,3.977899,4.027958,17789200
2006-03-21,4.00015,4.041866,3.95009,3.964922,10118000
2006-03-22,3.972338,3.995514,3.870364,3.900029,20274000
2006-03-23,3.939892,3.97512,3.879635,3.930622,10026800
2006-03-24,3.936183,3.970483,3.917642,3.935256,7070400
2006-03-27,3.887976,3.955649,3.879633,3.94916,12877400
2006-03-28,3.916718,3.97234,3.867585,3.867585,12854000
2006-03-29,3.900029,4.000149,3.887051,3.9779,12259000
2006-03-30,3.990879,4.029814,3.989025,4.000149,9468000
2006-03-31,4.007564,4.010345,3.941745,3.999221,8228800
2006-04-03,4.101195,4.113246,3.981608,4.102122,12340600
2006-04-04,4.076165,4.078946,4.006638,4.013127,7550800
2006-04-05,4.02796,4.088217,3.981609,4.088217,11744800
2006-04-06,4.106759,4.124373,4.066897,4.11603,8970800
2006-04-07,4.120664,4.120664,4.044647,4.063188,10843600
2006-04-10,4.069675,4.102121,4.027031,4.069675,8929600
2006-04-11,4.097486,4.115099,4.013126,4.027958,12437400
2006-04-12,4.035376,4.055771,3.979754,4.023325,12536400
2006-04-13,4.014053,4.032593,3.976972,4.018688,7020200
2006-04-17,4.022397,4.085436,4.022397,4.081728,12730200
2006-04-18,4.116028,4.27455,4.116028,4.27455,19443600
2006-04-19,4.313486,4.338516,4.24674,4.328319,13055600
2006-04-20,4.301434,4.365399,4.242103,4.29309,14975600
2006-04-24,4.357055,4.366325,4.264352,4.264352,8721200
2006-04-25,4.278258,4.309777,4.222636,4.263426,8245200
2006-04-26,4.329246,4.354276,4.230053,4.296799,12160600
2006-04-27,4.252301,4.292163,4.171649,4.208731,10507000
2006-04-28,4.216147,4.319048,4.216147,4.285675,9521600
2006-05-02,4.227273,4.366328,4.227273,4.361693,17356200
2006-05-03,4.357984,4.357984,4.256937,4.352422,12820400
2006-05-04,4.329245,4.394138,4.293091,4.310705,13905600
2006-05-05,4.302361,4.412677,4.302361,4.401553,14439400
2006-05-08,4.366326,4.421948,4.34315,4.40897,11440800
2006-05-09,4.390429,4.471081,4.390429,4.40897,652017984
2006-05-10,4.449759,4.459029,4.405261,4.463665,470056352
2006-05-11,4.467373,4.485914,4.385795,4.446052,679820480
2006-05-12,4.32461,4.375597,4.310704,4.390429,651535232
2006-05-15,4.310704,4.356129,4.153108,4.347785,1336049152
2006-05-16,4.287529,4.319048,4.191117,4.236542,671452672
2006-05-17,4.213365,4.278257,4.079872,4.264352,601421120
2006-05-18,4.170722,4.170722,4.01498,4.031667,17677400
2006-05-19,4.084508,4.106757,3.913934,4.012199,14006800
2006-05-22,3.907445,4.004783,3.819376,3.985315,15664600
2006-05-23,4.024251,4.125297,3.893539,3.985315,751995008
2006-05-24,3.958433,4.023326,3.871292,3.939893,775588864
2006-05-25,4.028887,4.051136,3.949162,3.976973,743515072
2006-05-26,4.078946,4.180919,4.037229,4.026105,658253824
2006-05-29,4.17165,4.218001,4.134568,4.148474,4725800
2006-05-30,4.116028,4.134568,4.009419,4.148474,596815424
2006-05-31,4.0465,4.106757,4.027032,4.041864,773726208
2006-06-01,4.084508,4.10583,4.018688,4.078946,614610816
2006-06-02,4.153109,4.183701,4.088217,4.09656,718477760
2006-06-05,4.160525,4.162379,3.976973,4.141984,436184448
2006-06-06,3.967702,4.001075,3.866655,3.987169,598332160
2006-06-07,3.963068,3.963068,3.75912,3.944527,704318400
2006-06-08,3.752631,3.773026,3.582984,3.75912,721497920
2006-06-09,3.817525,3.836992,3.650659,3.735019,654011712
2006-06-12,3.69052,3.708134,3.522727,3.650658,576095104
2006-06-13,3.476375,3.522726,3.366985,3.522726,825067072
2006-06-14,3.416117,3.531996,3.375327,3.383671,887050304
2006-06-16,3.671979,3.775807,3.610795,3.531997,641583552
2006-06-19,3.754486,3.763756,3.591328,3.735945,692431744
2006-06-20,3.646948,3.714622,3.620064,3.645094,407442400
2006-06-21,3.661781,3.786003,3.606159,3.64324,459848832
2006-06-22,3.754484,3.79342,3.708133,3.747068,259786896
2006-06-23,3.727601,3.851823,3.677541,3.741507,448751744
2006-06-26,3.814741,3.82772,3.773952,3.804544,8009600
2006-06-27,3.804544,3.861093,3.763754,3.804544,253568672
2006-06-28,3.782296,3.840699,3.782296,3.764682,391424544
2006-06-29,3.85924,3.995513,3.856458,3.837918,627573632
2006-06-30,4.009419,4.06504,3.969556,3.986243,588345600
2006-07-03,3.986244,4.06875,3.935257,4.002931,591976256
2006-07-04,4.041864,4.069676,4.000148,4.041864,228591552
2006-07-05,3.967701,4.007564,3.903736,4.024251,546497024
2006-07-06,3.995513,4.023324,3.972337,3.967702,562186752
2006-07-07,4.02796,4.02796,3.941746,4.000149,515231104
2006-07-10,3.969556,3.981608,3.913934,3.967702,321354048
2006-07-11,3.949161,4.078946,3.91208,3.951015,645736256
2006-07-12,4.055771,4.110466,4.046501,4.05948,549870208
2006-07-13,4.032595,4.060405,4.004784,4.061333,398954624
2006-07-14,4.057624,4.108611,4.051135,4.041864,550678592
2006-07-17,4.073384,4.10583,3.907445,3.921351,17494400
2006-07-18,4.073384,4.105831,3.907446,3.925986,726239168
2006-07-19,3.939892,4.051136,3.903737,3.925986,589344448
2006-07-20,4.05299,4.090998,3.925986,3.925986,8777200
2006-07-21,3.951016,3.976973,3.88427,3.925986,289852928
2006-07-24,3.944526,4.052989,3.893539,3.893539,316306272
2006-07-25,4.069675,4.092851,3.99644,4.078946,9534800
2006-07-26,4.102122,4.125298,4.052989,4.098413,6642800
2006-07-27,4.121589,4.171649,4.103048,4.147546,8323600
2006-07-28,4.162379,4.196679,4.129932,4.147546,347609440
2006-07-31,4.158672,4.184629,4.15311,4.180921,242254960
2006-08-01,4.134568,4.198533,4.116027,4.162379,690284928
2006-08-02,4.185555,4.248593,4.182773,4.172576,441925792
2006-08-03,4.218001,4.285674,4.192044,4.236542,412657760
2006-08-04,4.297727,4.318122,4.213367,4.256937,531521024
2006-08-07,4.250447,4.301434,4.21522,4.235614,333003840
2006-08-08,4.289384,4.313487,4.259719,4.28753,395445184
2006-08-09,4.310705,4.323683,4.236542,4.282894,510045856
2006-08-10,4.223564,4.263426,4.199461,4.250447,405887328
2006-08-11,4.251374,4.278258,4.191117,4.208731,7984400
2006-08-14,4.208731,4.227271,4.102122,4.208731,449955808
2006-08-15,4.143839,4.236542,4.116955,4.107685,536614816
2006-08-16,4.217074,4.230052,4.176284,4.19019,647443904
2006-08-17,4.190192,4.199462,4.089145,4.198535,514170560
2006-08-18,4.115101,4.161452,4.081727,4.111392,423109984
2006-08-21,4.151255,4.176285,4.111392,4.161452,542870016
2006-08-22,4.12159,4.143839,4.083582,4.111392,470347648
2006-08-23,4.097487,4.106757,3.967702,4.102122,469001792
2006-08-24,3.989024,4.051135,3.924132,3.972337,552485312
2006-08-25,4.051135,4.069676,4.018689,4.014054,321769920
2006-08-28,4.032594,4.055769,4.010345,4.069675,403857920
2006-08-29,4.047427,4.077092,3.969556,4.0465,322645920
2006-08-30,4.014055,4.02796,3.926914,4.000149,437289376
2006-08-31,4.031669,4.047428,3.95936,3.995514,499292576
2006-09-01,4.014054,4.088216,3.990878,3.986243,451953696
2006-09-04,4.078947,4.116028,4.042793,4.067822,334187744
2006-09-05,4.074309,4.087288,4.032593,4.094704,410875776
2006-09-06,4.023323,4.027958,3.925985,4.042791,518021152
2006-09-08,3.902812,3.917644,3.805473,3.926915,538894272
2006-09-11,3.775807,3.775807,3.644168,3.686812,22262600
2006-09-12,3.698863,3.72482,3.610795,3.689593,20999600
2006-09-13,3.786004,3.81845,3.654365,3.773952,21136400
2006-09-14,3.773024,3.801762,3.664561,3.680321,13457800
2006-09-15,3.698864,3.717404,3.58762,3.647877,20027600
2006-09-18,3.675687,3.770244,3.652511,3.765609,19540000
2006-09-19,3.75912,3.786004,3.669198,3.681249,16813600
2006-09-20,3.689592,3.71833,3.545902,3.584837,17876800
2006-09-21,3.689592,3.71833,3.545902,3.584837,17928200
2006-09-22,3.597816,3.632116,3.541267,3.573713,19905200
2006-09-25,3.531998,3.568153,3.44393,3.550539,19998600
2006-09-26,3.531996,3.568151,3.443928,3.567223,20018800
2006-09-27,3.564443,3.647875,3.559807,3.629335,18582600
2006-09-28,3.63397,3.726674,3.601524,3.708133,18235000
2006-09-29,3.702571,3.798983,3.702571,3.760048,15924800
2006-10-02,3.800836,3.833282,3.751704,3.755412,14042400
2006-10-03,3.722038,3.731308,3.59318,3.606159,17937000
2006-10-04,3.619139,3.719258,3.552393,3.717404,26126400
2006-10-05,3.773025,3.797128,3.684957,3.715549,19953200
2006-10-06,3.68403,3.745214,3.663635,3.729454,12535000
2006-10-09,3.708132,3.842552,3.697935,3.790638,19412600
2006-10-10,3.77766,3.816595,3.756338,3.801763,14158600
2006-10-11,3.78693,3.805471,3.755411,3.771171,12950800
2006-10-13,3.847187,3.875925,3.82123,3.861093,12384200
2006-10-16,3.860166,3.915788,3.821231,3.893539,20038800
2006-10-17,3.888903,3.900954,3.828646,3.836989,11841600
2006-10-18,3.870364,3.888904,3.788785,3.806398,14129200
2006-10-19,3.828647,3.876853,3.760974,3.870363,12212200
2006-10-20,3.874999,3.886123,3.782296,3.821231,13027200
2006-10-23,3.786932,3.817524,3.735945,3.816597,15726000
2006-10-24,3.794347,3.892613,3.777661,3.883343,14468200
2006-10-25,3.887051,4.019617,3.874999,4.005711,19901600
2006-10-26,4.023324,4.060405,3.969556,4.014054,14319400
2006-10-27,4.000149,4.055771,3.986244,4.000149,10344200
2006-10-30,3.981606,3.991804,3.932473,3.94916,10516400
2006-10-31,3.966776,4.009419,3.917643,3.996441,12480000
2006-11-01,4.024107,4.071561,3.995634,4.028852,13337800
2006-11-03,4.033597,4.100033,4.026953,4.100033,11002800
2006-11-06,4.11427,4.185452,4.100034,4.185452,12594400
2006-11-07,4.166467,4.216769,4.137995,4.147486,12313200
2006-11-08,4.12376,4.238599,4.100982,4.23765,13851000
2006-11-09,4.272765,4.318321,4.213922,4.252834,20211600
2006-11-10,4.251886,4.313577,4.199687,4.275613,14801400
2006-11-13,4.193993,4.239549,4.171215,4.185452,15715000
2006-11-14,4.200636,4.266123,4.169317,4.22816,16421000
2006-11-16,4.259477,4.278459,4.145588,4.16362,18142000
2006-11-17,4.096236,4.128505,4.066814,4.128505,19650400
2006-11-21,4.137996,4.21677,4.117116,4.21677,20428000
2006-11-22,4.23765,4.261377,4.143691,4.222465,14634800
2006-11-23,4.210127,4.249989,4.187349,4.194942,6315600
2006-11-24,4.166468,4.236699,4.161722,4.204431,10380000
2006-11-27,4.186398,4.232903,4.137995,4.169314,12179400
2006-11-28,4.175959,4.212024,4.128505,4.202533,12359800
2006-11-29,4.213921,4.332557,4.213921,4.319269,22273600
2006-11-30,4.324966,4.380013,4.312628,4.347744,14441200
2006-12-01,4.329711,4.342049,4.270868,4.318322,11316200
2006-12-04,4.274664,4.386656,4.270868,4.380961,11676800
2006-12-05,4.394248,4.460684,4.394248,4.413229,18832200
2006-12-06,4.394248,4.469226,4.380961,4.389503,13825000
2006-12-07,4.450244,4.46543,4.384758,4.432212,12783000
2006-12-08,4.432211,4.497698,4.418924,4.479665,15085600
2006-12-11,4.489157,4.503393,4.455939,4.469226,7732000
2006-12-12,4.460684,4.492004,4.432212,4.451193,10283400
2006-12-13,4.468277,4.470175,4.399943,4.451193,20643400
2006-12-14,4.474918,4.498645,4.461631,4.481562,15626800
2006-12-15,4.492954,4.52807,4.460685,4.480616,16986600
2006-12-18,4.518578,4.58881,4.484411,4.498648,23094000
2006-12-19,4.48441,4.531864,4.437905,4.531864,14856000
2006-12-20,4.484411,4.559389,4.437906,4.559389,15041000
2006-12-21,4.570777,4.617282,4.538508,4.588809,9701600
2006-12-22,4.601148,4.607792,4.557491,4.571727,6057800
2006-12-26,4.585014,4.611588,4.576473,4.61064,6841000
2006-12-27,4.617283,4.731172,4.603046,4.716936,11191000
2006-12-28,4.688464,4.741612,4.674228,4.726427,8705400
2007-01-02,4.788679,4.831777,4.765693,4.819326,10244800
2007-01-03,4.804004,4.826989,4.59809,4.672794,19898600
2007-01-04,4.64502,4.668964,4.539669,4.568401,21060200
2007-01-05,4.520513,4.596174,4.319388,4.429528,24864000
2007-01-08,4.453473,4.514768,4.386431,4.481247,19440200
2007-01-09,4.402712,4.442936,4.27246,4.34429,25883600
2007-01-10,4.285869,4.334713,4.24277,4.333755,20943200
2007-01-11,4.300234,4.446767,4.286825,4.32705,23840800
2007-01-12,4.338545,4.368235,4.290658,4.329926,21208000
2007-01-15,4.366318,4.391219,4.299277,4.299277,13838800
2007-01-16,4.264799,4.277249,4.214039,4.241813,17589000
2007-01-17,4.237983,4.261926,4.17573,4.219786,22244200
2007-01-18,4.260008,4.285867,4.137418,4.151784,25188400
2007-01-19,4.188178,4.343331,4.170939,4.342374,18708200
2007-01-22,4.357697,4.385471,4.293529,4.336627,15277800
2007-01-23,4.338544,4.482204,4.321304,4.472627,17696800
2007-01-24,4.491779,4.521469,4.410372,4.510934,16759800
2007-01-26,4.425697,4.464006,4.409415,4.453471,11790800
2007-01-29,4.420909,4.453472,4.33567,4.415162,8859600
2007-01-30,4.453472,4.453472,4.335671,4.339502,8907600
2007-01-31,4.440063,4.488908,4.378768,4.488908,18260200
2007-02-01,4.519556,4.526261,4.460177,4.476459,14482800
2007-02-02,4.481247,4.544458,4.448684,4.523387,15806800
2007-02-05,4.519555,4.558822,4.488907,4.498485,11740400
2007-02-06,4.536794,4.537752,4.400796,4.430485,21643600
2007-02-07,4.439105,4.439105,4.277247,4.301191,28921200
2007-02-08,4.294487,4.376853,4.248516,4.367275,19359400
2007-02-09,4.367276,4.396008,4.279164,4.290657,20284200
2007-02-12,4.309811,4.309811,4.220742,4.237981,23593400
2007-02-13,4.233193,4.315558,4.214995,4.315558,21734800
2007-02-14,4.233193,4.330882,4.214995,4.325135,21831400
2007-02-15,4.282035,4.336626,4.228402,4.242768,18078400
2007-02-16,4.237025,4.260968,4.195842,4.245645,10370400
2007-02-21,4.213079,4.242768,4.175727,4.242768,12532200
2007-02-22,4.281079,4.328966,4.257135,4.31843,17494000
2007-02-23,4.338544,4.394093,4.337587,4.350995,20153200
2007-02-26,4.396964,4.404626,4.352908,4.368232,14825800
2007-02-27,4.396964,4.404626,4.352908,4.368232,14866800
2007-02-28,4.127842,4.166151,4.072293,4.106772,23119400
2007-03-01,4.036857,4.084744,3.91714,4.058885,30218200
2007-03-02,4.020576,4.051223,3.928633,3.941084,24024600
2007-03-05,3.836691,3.893197,3.80317,3.847226,19718600
2007-03-06,3.97173,4.016744,3.936294,4.009082,17531000
2007-03-07,4.011956,4.0608,3.945872,3.950661,23444200
2007-03-08,4.02728,4.070378,4.012914,4.056012,16126600
2007-03-09,4.02728,4.070378,4.012914,4.05697,16144400
2007-03-12,4.02728,4.060801,4.00621,4.012914,11993400
2007-03-13,3.979393,4.031111,3.936295,3.941084,21958200
2007-03-14,3.926716,3.974603,3.854886,3.961195,19467400
2007-03-15,3.947786,3.973645,3.897984,3.91618,18463800
2007-03-16,3.916182,3.982266,3.852013,3.869253,15259400
2007-03-19,3.888407,3.949703,3.885534,3.937252,13864400
2007-03-20,3.945873,4.029196,3.939168,4.012914,16377800
2007-03-21,4.032068,4.156574,4.032068,4.150828,22809400
2007-03-22,4.176687,4.257137,4.176687,4.214038,18773000
2007-03-23,4.228404,4.260967,4.180517,4.237981,11947000
2007-03-26,4.247559,4.282996,4.197758,4.276292,14424000
2007-03-27,4.26384,4.280121,4.215953,4.253304,11266400
2007-03-28,4.241814,4.287785,4.214039,4.233194,18023000
2007-03-29,4.261924,4.452514,4.261924,4.432401,44293400
2007-03-30,4.435274,4.482203,4.367275,4.426655,26706000
2007-04-02,4.404627,4.428571,4.376853,4.4075,12539800
2007-04-03,4.440376,4.454856,4.365083,4.381493,21303000
2007-04-04,4.382462,4.457755,4.341919,4.4259,21618600
2007-04-05,4.424934,4.485748,4.412385,4.459684,12523200
2007-04-09,4.488643,4.522429,4.443274,4.443274,20327200
2007-04-10,4.448102,4.512777,4.421073,4.50795,17817000
2007-04-11,4.523394,4.555248,4.421072,4.450031,17109400
2007-04-12,4.435552,4.531116,4.425898,4.512775,17256400
2007-04-13,4.536907,4.634402,4.523393,4.600616,26665800
2007-04-16,4.634404,4.709698,4.634404,4.682669,23514200
2007-04-17,4.624751,4.729968,4.586139,4.609306,18877200
2007-04-18,4.585173,4.632473,4.56104,4.574554,20463600
2007-04-19,4.489609,4.520499,4.469338,4.50795,18209200
2007-04-20,4.531117,4.575521,4.474164,4.536909,19975400
2007-04-23,4.546561,4.546561,4.491539,4.504088,10421800
2007-04-24,4.507949,4.512776,4.427829,4.460649,14271200
2007-04-25,4.532084,4.627649,4.48768,4.58421,18216000
2007-04-26,4.614132,4.623785,4.482851,4.487678,16566400
2007-04-27,4.450031,4.479955,4.399836,4.479955,16703800
2007-04-30,4.47899,4.498296,4.363154,4.363154,13510600
2007-05-02,4.421071,4.421071,4.368945,4.402731,17926800
2007-05-03,4.421072,4.421072,4.368946,4.401766,17975200
2007-05-04,4.426863,4.48478,4.412383,4.457752,18045200
2007-05-07,4.430726,4.430726,4.343849,4.34578,15227800
2007-05-08,4.332265,4.392114,4.261799,4.353502,24987800
2007-05-09,4.332265,4.392114,4.261799,4.353502,25086600
2007-05-10,4.372807,4.392113,4.274346,4.290756,21519000
2007-05-11,4.324541,4.421071,4.306201,4.324541,16502000
2007-05-14,4.30041,4.402732,4.30041,4.365085,20119600
2007-05-15,4.38053,4.39694,4.334196,4.349641,16376200
2007-05-16,4.363156,4.45872,4.337093,4.449068,19845600
2007-05-17,4.456789,4.498297,4.412386,4.462581,23432400
2007-05-18,4.475129,4.498296,4.426864,4.487678,20230200
2007-05-21,4.502156,4.563935,4.456787,4.53015,26753600
2007-05-22,4.530152,4.548492,4.498297,4.517603,14061400
2007-05-23,4.54656,4.604478,4.532081,4.54656,24293600
2007-05-24,4.552354,4.613168,4.421073,4.448102,23879800
2007-05-25,4.493471,4.52436,4.459685,4.50795,11769800
2007-05-28,4.508914,4.547526,4.498296,4.533047,5787600
2007-05-29,4.536909,4.552354,4.440379,4.450997,16254400
2007-05-30,4.372808,4.515673,4.353502,4.505054,18217000
2007-05-31,4.517602,4.534977,4.434586,4.450031,15828000
2007-06-01,4.488644,4.553319,4.465477,4.535944,15547200
2007-06-04,4.503125,4.614134,4.488646,4.58421,21481000
2007-06-05,4.592897,4.661433,4.585175,4.61896,20596200
2007-06-06,4.604478,4.6122,4.528219,4.528219,14871400
2007-06-08,4.469338,4.60448,4.464511,4.575521,15221200
2007-06-11,4.60448,4.652745,4.565868,4.633439,19942200
2007-06-12,4.604479,4.652744,4.565867,4.625716,19975000
2007-06-13,4.680737,4.778233,4.662397,4.744447,31040000
2007-06-14,4.776303,4.843874,4.758928,4.821672,31804800
2007-06-15,4.884417,4.923029,4.850632,4.898897,30022200
2007-06-18,4.922063,4.941369,4.889243,4.904688,25349200
2007-06-19,4.902759,5.014733,4.89214,4.982878,14632600
2007-06-20,5.008941,5.029212,4.89407,4.895035,24466600
2007-06-21,4.923028,4.980946,4.903722,4.951022,14508200
2007-06-22,4.952953,4.971293,4.913375,4.930751,12251400
2007-06-25,4.950058,4.980948,4.855459,4.932683,18375000
2007-06-26,4.950057,4.971294,4.874764,4.89407,11775200
2007-06-27,4.874764,4.950058,4.855458,4.94137,15079600
2007-06-28,4.951988,4.998322,4.927855,4.942335,13258000
2007-06-29,4.97033,5.024386,4.923995,4.983844,13811400
2007-07-02,5.000252,5.098713,4.981912,5.098713,12811800
2007-07-03,5.106435,5.191381,5.106435,5.18752,14062800
2007-07-04,5.188484,5.251229,5.167247,5.197172,8298600
2007-07-05,5.186555,5.2493,5.186555,5.220341,16373600
2007-07-06,5.24737,5.293704,5.24737,5.284051,12786200
2007-07-10,5.285017,5.307219,5.174973,5.195244,18849200
2007-07-11,5.210687,5.258952,5.174006,5.219375,13937600
2007-07-12,5.275364,5.371894,5.246404,5.334247,16478400
2007-07-13,5.33328,5.452977,5.309147,5.362239,19155000
2007-07-16,5.390232,5.390232,5.289841,5.338106,17848800
2007-07-17,5.3188,5.435602,5.309147,5.424018,15420600
2007-07-18,5.386372,5.452012,5.379615,5.434637,12838000
2007-07-19,5.482901,5.515721,5.463595,5.502207,9557200
2007-07-20,5.502209,5.502209,5.405679,5.462632,9250200
2007-07-23,5.479043,5.555302,5.424986,5.540823,10985800
2007-07-24,5.482903,5.511862,5.164354,5.273433,21104600
2007-07-25,5.303358,5.342935,5.087131,5.31108,24394800
2007-07-26,5.188488,5.240615,4.937511,5.057208,26557600
2007-07-27,5.01956,5.16339,4.928822,4.944267,17588000
2007-07-30,4.981911,5.174005,4.96357,5.174005,17602400
2007-07-31,5.244472,5.285015,5.086163,5.09099,17973400
2007-08-01,5.047552,5.106435,4.948126,5.106435,22682000
2007-08-02,5.118019,5.135394,5.038864,5.097748,9394200
2007-08-03,5.087129,5.096782,4.845804,4.86511,17488200
2007-08-06,4.918201,4.918201,4.710661,4.88345,18776600
2007-08-07,4.874763,4.960675,4.812018,4.920132,19708800
2007-08-08,4.960675,5.102575,4.932682,5.080373,20164600
2007-08-09,4.923029,4.989634,4.874764,4.876694,21961000
2007-08-10,4.763754,4.865111,4.730934,4.778234,21996000
2007-08-13,4.874763,4.933647,4.764719,4.826499,16369400
2007-08-14,4.932682,4.942335,4.752171,4.754101,27509800
2007-08-15,4.729968,4.886346,4.635369,4.648883,38552800
2007-08-16,4.425899,4.564903,4.210638,4.536909,41207000
2007-08-17,4.681704,4.681704,4.394045,4.517603,27930600
2007-08-20,4.555014,4.565747,4.449628,4.515006,24738000
2007-08-21,4.532572,4.54233,4.434016,4.487685,22305000
2007-08-22,4.587215,4.792133,4.561845,4.739439,22102600
2007-08-23,4.800915,4.844826,4.684795,4.756028,21376000
2007-08-24,4.752127,4.87215,4.714071,4.849707,16383400
2007-08-27,4.830189,4.910205,4.793109,4.832141,9402000
2007-08-28,4.780424,4.810674,4.693578,4.698457,15575600
2007-08-29,4.782375,4.848729,4.757005,4.838972,13409400
2007-08-30,4.826286,4.966801,4.785303,4.889713,20269800
2007-08-31,4.987291,5.127805,4.987291,5.093652,24734400
2007-09-03,5.093656,5.158059,5.08585,5.117075,7642600
2007-09-04,5.093654,5.158057,5.085848,5.119025,7673600
2007-09-05,5.157081,5.251733,5.154153,5.219532,16957000
2007-09-06,5.326869,5.361998,5.257587,5.277103,16007800
2007-09-10,5.186354,5.215628,5.08975,5.152201,20224000
2007-09-11,5.241976,5.335652,5.183428,5.298572,20829600
2007-09-12,5.241976,5.335652,5.183428,5.30833,20857400
2007-09-13,5.288813,5.430303,5.244902,5.321014,20480000
2007-09-14,5.377612,5.430305,5.366878,5.391273,15724200
2007-09-17,5.269297,5.328821,5.207822,5.317111,17873400
2007-09-18,5.366877,5.586432,5.343458,5.5474,21993200
2007-09-19,5.366877,5.586431,5.343457,5.533738,22130800
2007-09-20,5.649857,5.681082,5.50056,5.527883,26854200
2007-09-21,5.562034,5.586428,5.479091,5.579598,14703000
2007-09-24,5.750366,5.855752,5.718165,5.84697,19086200
2007-09-25,5.80501,5.815743,5.731825,5.76793,24088400
2007-09-26,5.805008,5.815741,5.731823,5.788419,24224600
2007-09-27,5.806959,5.864531,5.703525,5.80891,18645600
2007-09-28,5.903563,5.903563,5.809887,5.879169,18320200
2007-10-01,5.765002,5.898686,5.762075,5.888928,21494800
2007-10-02,5.855751,5.960161,5.801106,5.924057,21988200
2007-10-03,5.85575,5.96016,5.801105,5.912346,22048000
2007-10-04,5.865507,5.949425,5.724992,5.74158,19606800
2007-10-05,5.758171,5.845993,5.59131,5.775735,20091200
2007-10-08,6.001441,6.111686,5.974864,6.087078,20934800
2007-10-09,6.001442,6.111686,5.974865,6.100859,20989400
2007-10-10,6.137276,6.225865,6.127433,6.191414,20588600
2007-10-11,6.181573,6.436514,6.156965,6.407969,29760000
2007-10-15,6.501482,6.630428,6.486717,6.604836,33808200
2007-10-16,6.501479,6.630425,6.486714,6.602864,33857000
2007-10-17,6.649128,6.686532,6.432576,6.648144,26717400
2007-10-18,6.649129,6.686534,6.432577,6.673738,26905800
2007-10-19,6.517227,6.636331,6.481791,6.581209,20502200
2007-10-22,6.014238,6.225868,5.965021,6.162871,23068400
2007-10-23,6.014236,6.225867,5.96502,6.188462,23109200
2007-10-24,6.274101,6.371549,6.227837,6.310521,14815400
2007-10-25,6.260319,6.642238,6.260319,6.595974,26349400
2007-10-26,6.634367,6.727878,6.558573,6.713113,29738800
2007-10-29,7.039905,7.284019,7.039905,7.168853,32030800
2007-10-30,7.039907,7.284021,7.039907,7.156058,32064200
2007-10-31,7.1157,7.234804,6.856822,6.900132,29133400
2007-11-01,6.998564,7.254489,6.919819,7.082232,22890600
2007-11-05,6.890287,6.924738,6.683578,6.703265,30225400
2007-11-06,6.890288,6.924739,6.683579,6.768231,30378800
2007-11-07,6.841073,7.077312,6.811543,6.914897,26825200
2007-11-08,7.25449,8.268347,7.185587,8.051795,86248000
2007-11-09,8.858943,8.946548,7.595068,7.876585,65370400
2007-11-12,7.653141,7.919894,7.453323,7.514351,40788800
2007-11-13,7.568489,7.716138,7.208226,7.648219,36909800
2007-11-14,7.869696,7.991753,7.726969,7.788981,32544800
2007-11-16,7.618689,7.82146,7.579316,7.756495,27237400
2007-11-19,7.735824,7.735824,7.549786,7.608847,25743800
2007-11-21,7.662983,7.825397,7.385403,7.407058,28488400
2007-11-22,7.478916,7.577348,7.406075,7.446433,10266000
2007-11-23,7.550773,7.629519,7.480886,7.520259,13890200
2007-11-26,7.579316,7.662984,7.357842,7.370638,19963400
2007-11-27,7.185587,7.382453,7.078296,7.28402,21010600
2007-11-28,7.298782,7.479898,7.205271,7.27319,25272000
2007-11-29,7.352922,7.402139,7.139324,7.22496,28679600
2007-11-30,7.284021,7.333237,7.077312,7.156058,24220000
2007-12-03,7.160977,7.246614,7.037936,7.205272,15271000
2007-12-04,7.16098,7.26335,7.037939,7.258428,15397600
2007-12-05,7.545852,7.754529,7.4612,7.726968,27190200
2007-12-06,7.805714,7.938598,7.740748,7.938598,22622800
2007-12-07,7.740744,7.938594,7.740744,7.905127,22784000
2007-12-10,7.786028,7.967145,7.687595,7.845088,13067800
2007-12-11,7.884457,8.139398,7.804727,7.813586,26589600
2007-12-12,8.007502,8.454386,7.948442,8.366781,42108200
2007-12-13,8.120697,8.365795,8.067544,8.140384,23742200
2007-12-14,8.219131,8.317564,7.968127,7.977971,19645800
2007-12-17,7.869692,7.923831,7.546833,7.563567,31566000
2007-12-18,7.777166,7.83032,7.551755,7.756495,26660800
2007-12-19,7.810633,8.00553,7.756496,7.940564,21279200
2007-12-20,8.041951,8.272284,7.973048,8.272284,23440800
2007-12-21,8.475056,8.512461,8.317564,8.369733,18418600
2007-12-26,8.524272,8.593175,8.397293,8.593175,17441600
2007-12-27,8.612861,8.65125,8.413043,8.498679,15286000
2007-12-28,8.484901,8.701453,8.452419,8.701453,26339200
2008-01-02,8.562661,8.636485,8.456354,8.563645,16167200
2008-01-03,8.534112,8.588251,8.424852,8.425837,14521200
2008-01-04,8.430762,8.499664,7.963206,8.012423,25543600
2008-01-07,8.018329,8.041953,7.738781,7.777169,20632600
2008-01-08,7.904146,8.328391,7.899224,8.204366,21824200
2008-01-09,8.179758,8.358906,8.096091,8.358906,24218400
2008-01-10,8.364808,8.41304,8.106914,8.278187,23222200
2008-01-11,8.190586,8.295909,8.028172,8.028172,15712000
2008-01-14,8.113204,8.141859,7.943253,8.012419,14809800
2008-01-15,7.904717,7.942265,7.628052,7.659671,24281400
2008-01-16,7.534185,7.677457,7.227877,7.37115,33726000
2008-01-17,7.370159,7.469957,6.967019,7.000614,33369600
2008-01-18,7.152782,7.227877,6.832641,7.094485,26318600
2008-01-21,6.689369,6.728893,6.541156,6.567834,26806000
2008-01-22,6.768415,7.233805,6.649844,7.209103,39480000
2008-01-23,7.058914,7.124128,6.789165,7.085592,27566800
2008-01-24,7.361268,7.60335,7.227876,7.5826,27057400
2008-01-28,7.412652,7.990685,7.411664,7.990685,28324600
2008-01-29,8.067752,8.141859,7.866182,7.983765,23728000
2008-01-30,7.88496,8.164589,7.860258,8.164589,17086600
2008-01-31,7.914601,7.954125,7.737733,7.944244,33721600
2008-02-01,8.146801,8.151741,7.884957,8.072694,20571400
2008-02-06,7.800971,7.873102,7.746626,7.78615,14050200
2008-02-07,7.778242,8.112216,7.741683,8.028229,26069400
2008-02-08,8.03317,8.171502,7.998587,8.082575,22950600
2008-02-11,8.160634,8.28711,8.110242,8.217943,19355600
2008-02-12,8.33948,8.41161,8.220909,8.234742,27611400
2008-02-13,8.280192,8.393822,8.221895,8.355287,24264800
2008-02-14,8.428405,8.460024,8.235727,8.253512,17719600
2008-02-15,8.185332,8.24363,8.100357,8.18138,13513400
2008-02-18,8.329598,8.394812,8.251539,8.393824,16422600
2008-02-19,8.450141,8.537094,8.379987,8.428404,21988000
2008-02-20,8.330586,8.496585,8.330586,8.448169,24647600
2008-02-21,8.527216,8.527216,8.295014,8.300943,19715600
2008-02-22,8.379003,8.39086,8.147789,8.329598,14975200
2008-02-25,8.299954,8.33849,8.206086,8.324656,12457800
2008-02-26,8.275253,8.446193,8.190278,8.339479,27465000
2008-02-27,8.299956,8.530181,8.260432,8.467931,28182200
2008-02-28,8.496584,8.542036,8.423466,8.512394,13505600
2008-02-29,8.397774,8.448166,8.04799,8.04799,21929800
2008-03-03,8.082576,8.171504,7.835554,7.993648,24523000
2008-03-04,7.887921,7.954123,7.688326,7.771326,29103400
2008-03-05,7.866182,8.020324,7.797016,7.964003,22854600
2008-03-06,7.954125,8.047993,7.8069,7.8069,20687400
2008-03-07,7.717971,7.855316,7.637936,7.722912,22315800
2008-03-10,7.723896,7.795039,7.566791,7.578647,16942000
2008-03-11,7.7901,7.88298,7.619161,7.876064,17610600
2008-03-12,7.894838,7.954123,7.795041,7.837529,15634600
2008-03-13,7.7071,7.756505,7.558887,7.734766,24979400
2008-03-14,7.805909,7.815789,7.509482,7.5826,22529800
2008-03-18,7.412652,7.465022,7.293093,7.405735,22106600
2008-03-19,7.399804,7.471935,6.857343,6.857343,35485600
2008-03-20,6.787188,6.896866,6.669606,6.857343,22990000
2008-03-24,6.906747,7.09646,6.852402,6.916628,21673600
2008-03-25,7.064843,7.311866,6.975915,7.282223,24315000
2008-03-26,7.331629,7.463045,7.179463,7.400795,19476200
2008-03-27,7.434389,7.492687,7.183414,7.223926,12435600
2008-03-28,7.242699,7.313841,7.13895,7.174521,15852000
2008-03-31,7.272342,7.360282,7.13401,7.310878,16134000
2008-04-01,7.409685,7.485768,7.264436,7.485768,21503000
2008-04-02,7.50454,7.735753,7.460076,7.684372,24409200
2008-04-03,7.652754,7.914598,7.610266,7.776265,23154000
2008-04-04,7.796027,7.932384,7.761444,7.805908,21989400
2008-04-07,7.8837,7.98871,7.699436,7.776708,14868200
2008-04-08,7.719247,7.925305,7.662779,7.924314,16449400
2008-04-09,7.881717,8.019419,7.848035,7.929269,21548800
2008-04-10,7.943134,8.004556,7.828217,7.957994,18390000
2008-04-11,7.885678,7.913417,7.758874,7.781659,14045000
2008-04-14,7.727169,8.371099,7.630083,8.219528,54268000
2008-04-15,8.182877,8.389926,8.09768,8.315626,37524800
2008-04-16,8.328502,8.420634,8.146221,8.262128,38564000
2008-04-17,8.18783,8.430542,8.173961,8.430542,31633400
2008-04-18,8.470168,8.513757,8.312652,8.450355,26927800
2008-04-22,8.569237,8.662359,8.494937,8.539516,24471200
2008-04-23,8.549422,8.617778,8.395869,8.422617,20332000
2008-04-24,8.410728,8.448373,8.182876,8.242315,36413200
2008-04-25,8.32157,8.407758,8.215569,8.35129,24114800
2008-04-28,8.436487,8.511777,8.35129,8.438468,18939200
2008-04-29,8.432523,8.432523,8.067959,8.103623,23372700
2008-04-30,8.192784,8.55933,8.024372,8.361197,37804900
2008-05-02,8.757462,8.757462,8.41073,8.519703,26861800
2008-05-05,8.55933,8.717836,8.482059,8.688116,22223000
2008-05-06,8.646507,8.915967,8.598955,8.915967,22658000
2008-05-07,8.935778,9.034844,8.795104,8.886245,25963200
2008-05-08,8.915967,8.99522,8.777274,8.915967,17742400
2008-05-09,8.866432,9.048714,8.787179,9.048714,16946800
2008-05-12,9.074473,9.124006,8.91993,9.064567,21896800
2008-05-13,9.07051,9.124006,8.91993,9.064567,21896800
2008-05-14,9.272605,9.351859,9.155707,9.173539,24019800
2008-05-15,9.213164,9.336006,9.129949,9.334025,23782100
2008-05-16,9.417243,9.549992,9.375635,9.540086,19397800
2008-05-19,9.567822,9.924461,9.542065,9.906629,31651000
2008-05-20,9.805586,10.235534,9.76794,10.235534,27107200
2008-05-21,10.417813,10.635759,10.292989,10.403943,34139600
2008-05-23,10.126557,10.184015,9.926442,10.017584,26399600
2008-05-26,10.106744,10.273175,10.055229,10.217698,8649700
2008-05-27,10.239496,10.243458,9.79766,9.88682,26598000
2008-05-28,9.750107,10.104764,9.688686,10.102783,22997900
2008-05-29,9.906632,10.104764,9.688686,10.102783,22997900
2008-05-30,10.098821,10.098821,9.7085,9.7085,23305700
2008-06-02,10.098821,10.098821,9.7085,9.7085,23305700
2008-06-03,9.688684,9.960125,9.569804,9.865022,19349900
2008-06-04,9.847189,9.847189,9.38554,9.401391,26709400
2008-06-05,9.312231,9.322138,8.890209,8.971443,39707100
2008-06-06,9.108158,9.423189,8.989278,9.423189,24299500
2008-06-09,9.510365,9.530178,9.256756,9.407336,12750600
2008-06-10,9.272608,9.371675,8.957577,9.114102,22280600
2008-06-11,9.1141,9.227036,8.995221,8.995221,22250700
2008-06-12,9.05466,9.173539,8.87634,8.951631,26280100
2008-06-13,9.092304,9.183445,9.007107,9.094286,22784000
2008-06-16,9.122026,9.232979,9.05466,9.074473,27577200
2008-06-17,9.183445,9.232978,9.076454,9.163632,20907200
2008-06-18,9.088343,9.133913,8.923893,8.995221,19485600
2008-06-19,8.997204,9.005129,8.658397,8.698024,26977700
2008-06-20,8.698024,8.777276,8.519704,8.545462,18979200
2008-06-23,8.579144,8.79709,8.547443,8.696042,13214900
2008-06-24,8.650469,8.856527,8.628675,8.672264,15856300
2008-06-25,8.739631,8.975408,8.549424,8.906062,25515600
2008-06-26,8.717836,8.953613,8.668303,8.896155,17847300
2008-06-27,8.933798,9.015032,8.806993,8.975406,15482500
2008-06-30,9.054658,9.23694,9.018994,9.155705,16860200
2008-07-01,9.015036,9.266664,8.99126,9.131934,18256700
2008-07-02,9.181465,9.280531,8.678208,8.713872,21150500
2008-07-03,8.769349,8.856527,8.377046,8.430542,16835500
2008-07-04,8.410729,8.616787,8.321569,8.559328,9253600
2008-07-07,8.396861,8.711892,8.283925,8.307701,17909400
2008-07-08,8.242313,8.307697,7.925302,8.046163,25528600
2008-07-10,7.903509,8.014463,7.731133,7.93521,29497500
2008-07-11,7.955023,8.174949,7.923322,8.044182,20777700
2008-07-14,8.143249,8.161081,8.063996,8.09966,13011900
2008-07-15,7.994651,8.113531,7.838127,8.034278,20875300
2008-07-16,8.121456,8.121456,7.768779,7.879734,21499400
2008-07-17,7.923322,7.960967,7.429971,7.489411,32759500
2008-07-18,7.527058,7.677638,7.41016,7.568666,16097300
2008-07-21,7.667731,7.723208,7.542908,7.679619,19839700
2008-07-22,7.568666,7.626124,7.370533,7.416103,17826300
2008-07-23,7.406198,7.449786,7.1407,7.152587,26104100
2008-07-24,7.152584,7.231837,6.809815,6.835572,29340900
2008-07-25,6.72858,6.920769,6.655272,6.835572,19857400
2008-07-28,6.968324,7.089185,6.904922,6.904922,16239000
2008-07-29,6.966344,7.053522,6.784062,6.895016,19574800
2008-07-30,6.954455,7.247692,6.877183,7.231841,28054000
2008-07-31,7.1724,7.307131,7.039651,7.112961,16725600
2008-08-01,7.083242,7.146645,6.811801,6.837557,14322000
2008-08-04,6.835574,6.84548,6.451197,6.51658,19858400
2008-08-05,6.597815,6.623573,6.300617,6.37987,23757100
2008-08-06,6.5146,6.712733,6.419497,6.597816,19061600
2008-08-07,6.734529,6.910867,6.615649,6.708772,22251800
2008-08-08,6.667165,6.766231,6.490826,6.647351,16248600
2008-08-11,6.696881,6.760284,6.409589,6.478936,15479300
2008-08-12,6.578004,6.696883,6.496769,6.552246,20577800
2008-08-13,6.399682,6.817742,6.346186,6.686975,29334100
2008-08-14,6.776137,6.776137,6.540358,6.625556,16106500
2008-08-15,6.536396,6.58791,6.399684,6.472992,13805300
2008-08-18,6.498748,6.566114,6.253064,6.27684,17976100
2008-08-19,6.524508,6.578004,6.104467,6.465069,21297500
2008-08-20,6.587907,6.81576,6.550262,6.778114,21925200
2008-08-21,6.835575,7.073334,6.835575,7.011913,19094300
2008-08-22,7.011913,7.116923,6.82765,6.9921,14464500
2008-08-25,6.895013,6.972285,6.698863,6.698863,13439500
2008-08-26,6.686977,6.877184,6.6315,6.774155,15171100
2008-08-27,6.930678,7.009931,6.875201,6.974267,13965500
2008-08-28,7.116925,7.134757,6.906905,7.003989,14964300
2008-08-29,7.103052,7.120884,6.914826,6.914826,15072800
2008-09-01,6.893032,6.893032,6.718675,6.778114,7990300
2008-09-02,6.599797,6.726602,6.518563,6.560171,19137300
2008-09-03,6.607722,6.657255,6.340243,6.459123,19518100
2008-09-04,6.498751,6.544321,6.161926,6.231272,20250100
2008-09-05,6.094557,6.312503,5.993509,6.312503,22173000
2008-09-08,6.538375,6.578002,5.995492,5.995492,24248500
2008-09-09,5.896427,5.957848,5.611116,5.61706,26624500
2008-09-10,5.615078,5.795379,5.321842,5.682444,53689200
2008-09-11,5.745848,6.221366,5.646782,6.221366,37070600
2008-09-12,6.27486,6.570078,6.181738,6.538376,28325800
2008-09-15,6.060877,6.276841,5.904352,5.904352,35829900
2008-09-16,5.646781,6.225328,5.529883,6.201552,34541100
2008-09-17,6.161924,6.286748,5.864725,5.904352,35076800
2008-09-18,6.142111,6.534413,5.967754,6.37987,40946000
2008-09-19,6.875203,7.031728,6.538377,6.93068,35271400
2008-09-22,7.00993,7.208062,6.859349,6.914826,28679300
2008-09-23,6.835574,6.982193,6.451198,6.587909,29249200
2008-09-24,6.756322,6.944549,6.714715,6.833595,20903700
2008-09-25,6.974269,7.148626,6.918791,7.142681,19962600
2008-09-26,6.914829,7.041634,6.803875,7.019839,19704200
2008-09-29,6.73651,6.869259,5.94398,6.488844,31533700
2008-09-30,6.564134,6.954455,6.369964,6.954455,21776900
2008-10-01,6.934639,6.990116,6.597814,6.914826,24611400
2008-10-02,6.726602,6.855388,6.203532,6.35015,25528600
2008-10-03,6.498749,6.736508,6.062857,6.14211,25200400
2008-10-06,5.624987,6.013328,4.953318,5.943981,36376500
2008-10-07,5.884537,6.132203,5.409019,5.607152,33356100
2008-10-08,5.290141,5.745845,5.129653,5.290141,53124600
2008-10-09,5.626965,5.646778,5.074175,5.127671,43196800
2008-10-10,4.559032,4.963223,4.537238,4.755184,48646500
2008-10-13,5.210888,5.329767,4.917651,5.329767,39591600
2008-10-14,5.626965,5.745845,5.216831,5.409019,46780000
2008-10-15,5.151449,5.191076,4.539219,4.755184,52918700
2008-10-16,4.759147,4.794811,4.182581,4.398546,53712100
2008-10-17,4.446096,4.776978,4.259851,4.555069,38225200
2008-10-20,4.673947,5.072194,4.658097,5.030586,36252100
2008-10-21,4.909725,5.113802,4.780939,4.953314,31482200
2008-10-22,4.67593,4.822548,4.519405,4.596677,32896700
2008-10-23,4.533274,4.693762,4.319291,4.497611,35682700
2008-10-24,4.10927,4.358917,3.964633,4.041904,40446400
2008-10-27,3.97652,3.988408,3.588181,3.588181,31953700
2008-10-28,3.863586,3.972559,3.526761,3.972559,50424600
2008-10-29,4.06568,4.356934,3.990389,4.240036,47588000
2008-10-30,4.418357,4.551106,4.358918,4.52733,40242800
2008-10-31,4.408451,4.733389,4.33118,4.618472,33757100
2008-11-03,4.695743,4.741314,4.527331,4.584789,20178700
2008-11-04,4.715554,5.058324,4.658096,4.973127,39886200
2008-11-05,4.915671,5.088046,4.759146,4.804717,28210900
2008-11-06,4.64621,4.784902,4.402506,4.537237,31894200
2008-11-07,4.636303,4.75122,4.495629,4.608564,28130800
2008-11-10,4.874062,4.951333,4.64819,4.745275,27715700
2008-11-11,4.616489,4.794809,4.545162,4.73735,25843600
2008-11-12,4.517424,4.586771,4.085495,4.085495,57687300
2008-11-13,4.101346,4.277684,3.936896,4.180599,39305600
2008-11-14,4.277684,4.303441,4.01813,4.113234,26886700
2008-11-17,3.962652,4.121158,3.925007,4.051812,28010500
2008-11-18,3.942839,4.051812,3.76452,3.814053,32613500
2008-11-19,3.804146,3.897269,3.665453,3.665453,26124500
2008-11-21,3.42175,3.562424,3.318721,3.346459,42054000
2008-11-24,3.705081,3.831886,3.536668,3.810091,40971500
2008-11-25,3.734798,3.958688,3.687247,3.835846,41349300
2008-11-26,3.742726,4.115216,3.726876,4.065683,39338000
2008-11-27,3.996335,4.115215,3.952746,3.952746,17124000
2008-11-28,3.923025,4.071624,3.837828,3.974539,27647400
2008-12-01,3.810091,3.859624,3.645641,3.645641,25556300
2008-12-02,3.70508,3.756594,3.5862,3.625827,26918500
2008-12-03,3.625827,3.849717,3.51091,3.825941,38117000
2008-12-04,3.883398,3.883398,3.685266,3.685266,23546600
2008-12-05,3.604033,3.637715,3.437601,3.598089,36192900
2008-12-08,3.79424,4.022093,3.776408,4.004261,42952400
2008-12-09,4.000297,4.150878,3.950764,3.984447,34228200
2008-12-10,4.099363,4.384674,4.091438,4.347029,49228700
2008-12-11,4.398544,4.652153,4.368823,4.424301,49586500
2008-12-12,4.200412,4.51148,4.180599,4.477798,36698800
2008-12-15,4.582807,4.745276,4.479778,4.537237,34078700
2008-12-16,4.689798,4.741312,4.640265,4.715555,25827800
2008-12-17,4.751219,4.903781,4.685835,4.824528,40201400
2008-12-18,4.854248,4.891893,4.606582,4.656115,30517600
2008-12-19,4.566957,4.691781,4.523368,4.626397,23832200
2008-12-22,4.656117,4.717538,4.384675,4.386657,19427600
2008-12-23,4.408451,4.477797,4.327217,4.358918,14036300
2008-12-26,4.454021,4.517424,4.396563,4.517424,10097900
2008-12-29,4.547144,4.557051,4.378731,4.461947,14356100
2008-12-30,4.49761,4.576863,4.406469,4.525349,16228400
2009-01-02,4.610547,4.86812,4.596678,4.862176,17321600
2009-01-05,4.830471,5.05238,4.761125,4.973127,26454800
2009-01-06,5.054363,5.129653,4.965203,5.042475,24252200
2009-01-07,4.913688,4.951333,4.780939,4.844342,20606100
2009-01-08,4.82453,5.052382,4.723482,5.052382,23999000
2009-01-09,5.012755,5.147485,4.973129,5.032568,18548600
2009-01-12,4.901801,4.941428,4.697724,4.70565,25552600
2009-01-13,4.626396,4.887931,4.580825,4.745275,25569300
2009-01-14,4.697723,4.808678,4.561012,4.616489,28355500
2009-01-15,4.626396,4.774995,4.461946,4.774995,33622200
2009-01-16,4.895857,4.903782,4.715556,4.81066,24634000
2009-01-19,4.822547,4.846323,4.685836,4.721499,12776500
2009-01-20,4.685837,4.774996,4.568938,4.568938,17539400
2009-01-21,4.598659,4.806698,4.598659,4.806698,21253600
2009-01-22,4.846323,4.864155,4.606583,4.683855,24899400
2009-01-23,4.55705,4.788865,4.503554,4.673948,24059400
2009-01-26,4.656115,4.81264,4.606582,4.715555,24481100
2009-01-27,4.717537,4.773014,4.687817,4.735369,18165100
2009-01-28,4.832453,5.02266,4.824528,4.99294,34169000
2009-01-29,4.929538,5.000866,4.895856,4.959259,15592500
2009-01-30,4.913688,5.109839,4.903781,4.959259,22026000
2009-02-02,4.864155,4.988978,4.856229,4.891893,18005800
2009-02-03,4.933502,5.072195,4.913689,5.068233,19850600
2009-02-04,5.125689,5.2624,5.064268,5.092007,33639500
2009-02-05,5.082101,5.220794,5.010773,5.151447,27091900
2009-02-06,5.210887,5.407039,5.163335,5.369393,30219700
2009-02-09,5.351563,5.577434,5.329768,5.426853,32278200
2009-02-10,5.508085,5.577431,5.329765,5.359485,32579800
2009-02-11,5.36345,5.484311,5.230701,5.329767,26034600
2009-02-12,5.270326,5.39515,5.167297,5.307971,22932600
2009-02-13,5.474404,5.504124,5.34958,5.46846,21869000
2009-02-16,5.428833,5.531862,5.389207,5.531862,16031700
2009-02-17,5.34958,5.389207,5.218813,5.2307,24653600
2009-02-18,5.294103,5.341655,5.058325,5.129653,29150400
2009-02-19,5.191074,5.27429,5.161354,5.210887,20579500
2009-02-20,5.062287,5.167298,4.998885,5.107858,24735200
2009-02-25,5.012755,5.305991,5.012755,5.200981,17005100
2009-02-26,5.309954,5.40902,5.254477,5.254477,21992200
2009-02-27,5.151448,5.416945,5.103896,5.2307,28490800
2009-03-02,5.141542,5.200981,4.933502,4.957278,27208200
2009-03-03,5.042475,5.052381,4.804715,4.913688,29979500
2009-03-04,5.131633,5.274289,5.0821,5.224756,38319300
2009-03-05,5.111821,5.280233,5.076157,5.151447,24513900
2009-03-06,5.202963,5.327786,4.939446,5.086064,32265100
2009-03-09,4.983034,5.230699,4.975108,5.092007,26654800
2009-03-10,5.224755,5.389205,5.185128,5.363448,34077900
2009-03-11,5.409021,5.462516,5.282216,5.391189,24904000
2009-03-12,5.405057,5.478366,5.313916,5.458553,30124900
2009-03-13,5.525918,5.545731,5.43874,5.488273,25005100
2009-03-16,5.519975,5.539788,5.335712,5.387226,30065700
2009-03-17,5.387226,5.555639,5.309954,5.543751,22126700
2009-03-18,5.472422,5.660647,5.403075,5.607152,26854900
2009-03-19,5.692348,5.850855,5.690367,5.795377,30308000
2009-03-20,5.795379,5.987568,5.700276,5.765659,27860800
2009-03-23,5.928128,6.150036,5.928128,6.114372,30287100
2009-03-24,6.05295,6.108427,5.938033,6.013324,24378500
2009-03-25,6.027194,6.116354,5.880576,6.029175,22363500
2009-03-26,6.112389,6.152015,5.965771,6.017285,22759000
2009-03-27,5.904352,5.914259,5.801324,5.864726,19079400
2009-03-30,5.716125,5.729995,5.61904,5.702256,16831700
2009-03-31,5.765658,5.785471,5.630928,5.656685,22566600
2009-04-01,5.567525,5.825098,5.537806,5.825098,25706600
2009-04-02,5.993511,6.118335,5.975679,6.043045,28245600
2009-04-03,6.023231,6.068801,5.930109,6.023231,23639000
2009-04-06,5.971717,6.003419,5.924166,6.001438,15653800
2009-04-07,5.924167,6.027196,5.916242,5.938036,19078400
2009-04-08,5.953886,5.971718,5.846894,5.920203,23116200
2009-04-09,6.115,6.195197,6.058862,6.183167,25446700
2009-04-13,6.114999,6.21324,6.088935,6.173142,19650300
2009-04-14,6.135049,6.279402,6.078911,6.114999,25087000
2009-04-15,6.104975,6.112995,5.908493,6.010744,27419900
2009-04-16,6.042824,6.064878,5.970647,6.014755,21513900
2009-04-17,5.9927,6.034803,5.918518,5.918518,15983500
2009-04-20,5.814264,5.850352,5.722038,5.774165,20440700
2009-04-22,5.776171,5.832309,5.705998,5.736073,19251500
2009-04-23,5.778175,5.868397,5.758126,5.868397,17908900
2009-04-24,5.946587,5.952602,5.830302,5.876415,20031800
2009-04-27,5.810251,5.824286,5.718025,5.752109,19210300
2009-04-28,5.703993,5.796219,5.643845,5.78018,20363000
2009-04-29,5.854363,5.996712,5.830304,5.962628,22688300
2009-04-30,6.030794,6.068887,5.910498,5.922528,22706900
2009-05-04,6.070891,6.341555,6.044827,6.341555,37933200
2009-05-05,6.315492,6.465861,6.287424,6.431778,25579600
2009-05-06,6.491924,6.624249,6.47388,6.526008,33929000
2009-05-07,6.61623,6.62425,6.355591,6.411728,23053900
2009-05-08,6.614227,6.616231,6.455838,6.616231,19367000
2009-05-11,6.485911,6.606206,6.431779,6.590167,17914100
2009-05-12,6.688408,6.698432,6.451827,6.48591,23052000
2009-05-13,6.31549,6.391677,6.295441,6.311481,21216400
2009-05-14,6.301456,6.383658,6.277397,6.363608,17259200
2009-05-15,6.345567,6.347572,6.221262,6.275395,18522400
2009-05-18,6.295443,6.558087,6.247325,6.558087,27788500
2009-05-19,6.558086,6.644297,6.505958,6.560091,18980900
2009-05-20,6.596182,6.746551,6.596182,6.646305,24048000
2009-05-21,6.556082,6.57613,6.447816,6.515983,17313800
2009-05-22,6.576132,6.666354,6.534029,6.590167,14685100
2009-05-25,6.57212,6.676375,6.57212,6.606204,5417400
2009-05-26,6.556084,6.764596,6.540045,6.764596,20927700
2009-05-27,6.776625,6.894915,6.738532,6.764596,20491500
2009-05-28,6.836773,6.957069,6.800685,6.947044,21043400
2009-05-29,7.017216,7.057314,6.830758,6.906945,28650600
2009-06-01,7.067335,7.097409,6.997163,7.065331,20880000
2009-06-02,6.977115,7.065332,6.906943,6.926992,23927400
2009-06-03,6.87687,6.88489,6.586156,6.646305,28315400
2009-06-04,6.726501,6.846796,6.636279,6.834766,17792000
2009-06-05,6.987138,6.991148,6.776622,6.81271,20168400
2009-06-08,6.728505,6.860829,6.676377,6.792662,16380300
2009-06-09,6.794668,6.826747,6.684398,6.718481,15940600
2009-06-10,6.804691,6.83677,6.726499,6.792662,20064700
2009-06-12,6.846797,6.882886,6.792664,6.806699,16928500
2009-06-15,6.716477,6.75056,6.578138,6.676378,24305700
2009-06-16,6.756574,6.756574,6.507963,6.526008,16561000
2009-06-17,6.463857,6.499945,6.381655,6.425763,20450100
2009-06-18,6.445811,6.467865,6.361604,6.367619,13729700
2009-06-19,6.449821,6.491925,6.395689,6.405714,12024300
2009-06-22,6.35559,6.365614,6.137054,6.187177,19841100
2009-06-23,6.215247,6.295444,6.169134,6.295444,19291500
2009-06-24,6.355591,6.389674,6.205222,6.215246,16955500
2009-06-25,6.175148,6.465861,6.165123,6.465861,18546900
2009-06-26,6.415738,6.526008,6.397694,6.465861,16477400
2009-06-29,6.536032,6.630264,6.526008,6.626254,14429400
2009-06-30,6.654324,6.680388,6.483906,6.50596,18221000
2009-07-01,6.598184,6.614224,6.375638,6.375638,18032800
2009-07-02,6.295444,6.303464,6.217252,6.263365,16110800
2009-07-03,6.275395,6.28542,6.195199,6.217253,5902700
2009-07-06,6.132223,6.152468,6.002655,6.081611,19527300
2009-07-07,6.079587,6.093758,5.929773,5.94192,20034200
2009-07-08,5.869037,6.002654,5.769836,5.893331,21625600
2009-07-10,5.929769,6.0067,5.850813,6.0067,12741000
2009-07-13,6.053266,6.057315,5.860938,6.030997,12951900
2009-07-14,6.051242,6.107928,5.947992,5.990507,17864200
2009-07-15,6.103878,6.259765,6.063388,6.227373,20497100
2009-07-16,6.174735,6.350867,6.124122,6.265838,15593600
2009-07-17,6.26584,6.401481,6.249644,6.377187,15020800
2009-07-20,6.47841,6.508778,6.441969,6.458165,24404400
2009-07-21,6.529025,6.549269,6.401481,6.441971,18977200
2009-07-22,6.38731,6.476388,6.377188,6.415653,16426000
2009-07-23,6.458168,6.614054,6.397433,6.559393,23899100
2009-07-24,6.535097,6.599881,6.514853,6.579637,10202400
2009-07-27,6.589761,6.612031,6.470315,6.569516,11352000
2009-07-28,6.476388,6.510805,6.373138,6.4278,23117600
2009-07-29,6.377188,6.377188,6.235473,6.255718,17698200
2009-07-30,6.367065,6.429824,6.320501,6.320501,14120500
2009-07-31,6.320501,6.421726,6.30228,6.371113,13823200
2009-08-03,6.468289,6.589759,6.458167,6.589759,15660700
2009-08-04,6.551296,6.63835,6.482463,6.502707,16449800
2009-08-05,6.529024,6.551294,6.435897,6.543196,13152500
2009-08-06,6.565464,6.616077,6.431847,6.458165,14993400
2009-08-07,6.522952,6.557369,6.45007,6.478413,12858500
2009-08-10,6.458167,6.50878,6.437922,6.498657,10388100
2009-08-11,6.456143,6.476388,6.320501,6.320501,15218100
2009-08-12,6.344794,6.46424,6.33872,6.456141,17406300
2009-08-13,6.512827,6.577612,6.476386,6.577612,18682600
2009-08-14,6.579638,6.597859,6.494609,6.54927,16272300
2009-08-17,6.443997,6.478413,6.405531,6.478413,23253300
2009-08-18,6.518902,6.577613,6.50878,6.543196,15536500
2009-08-19,6.458167,6.644422,6.435898,6.640373,19533500
2009-08-20,6.660617,6.719327,6.632273,6.690984,13608300
2009-08-21,6.771966,6.832701,6.767917,6.808407,19109600
2009-08-24,6.832701,6.923804,6.721354,6.761844,23132800
2009-08-25,6.792209,6.84687,6.719326,6.727425,13731100
2009-08-26,6.721353,6.776014,6.67074,6.715279,14627000
2009-08-27,6.701109,6.711232,6.549271,6.652522,19954300
2009-08-28,6.656568,6.668715,6.512828,6.589759,21557700
2009-08-31,6.510804,6.510804,6.245594,6.352893,35023000
2009-09-01,6.427799,6.492583,6.356942,6.397432,23821700
2009-09-02,6.40958,6.595835,6.40958,6.508781,24828400
2009-09-03,6.573567,6.616082,6.482464,6.516881,17969800
2009-09-04,6.539145,6.616076,6.452092,6.581659,14677400
2009-09-08,6.678838,6.701107,6.601906,6.656568,13316300
2009-09-09,6.711232,6.717305,6.654546,6.680864,14801100
2009-09-10,6.662643,6.75577,6.650495,6.749696,15958900
2009-09-11,6.761842,6.782086,6.695033,6.709204,11182600
2009-09-14,6.660618,6.747671,6.612029,6.729451,13357400
2009-09-15,6.759819,6.798285,6.731476,6.761844,13556800
2009-09-16,6.788159,6.960242,6.773988,6.954168,28195100
2009-09-17,6.919753,7.041223,6.91368,6.944047,20676300
2009-09-18,6.931904,7.014909,6.931904,7.014909,11306700
2009-09-21,6.960246,7.041225,6.905584,7.004784,19031000
2009-09-22,7.063492,7.101958,7.033125,7.051346,16636200
2009-09-23,7.061471,7.081715,6.935951,6.935951,20527600
2009-09-24,6.964294,6.996686,6.832701,6.842823,16311500
2009-09-25,6.826626,6.952145,6.822577,6.905582,10817300
2009-09-28,6.933925,7.073616,6.919754,7.063493,12013400
2009-09-29,7.081714,7.083739,6.952146,7.039199,11788700
2009-09-30,7.09791,7.124228,7.006807,7.085763,19075100
2009-10-01,7.055221,7.106125,6.92898,6.933053,14451100
2009-10-02,6.878078,6.979885,6.831247,6.955451,19176900
2009-10-05,6.983957,7.034861,6.902512,7.0145,12691500
2009-10-06,7.100015,7.120377,6.988028,7.022643,13369300
2009-10-07,7.00839,7.095944,6.983956,7.057257,12653800
2009-10-08,7.126485,7.228292,7.075581,7.218111,17878700
2009-10-09,7.207932,7.287341,7.189607,7.256799,11910400
2009-10-13,7.309739,7.31992,7.258836,7.29345,9645900
2009-10-14,7.370824,7.397294,7.330101,7.360643,21668500
2009-10-15,7.340281,7.452269,7.332136,7.452269,19238000
2009-10-16,7.340281,7.482811,7.334173,7.411547,14146300
2009-10-19,7.452269,7.633486,7.431908,7.607016,22059500
2009-10-20,7.431909,7.545933,7.334174,7.431909,20907400
2009-10-21,7.433944,7.676245,7.433944,7.472631,18375800
2009-10-22,7.533716,7.61109,7.470596,7.533716,12359100
2009-10-23,7.604981,7.64774,7.421729,7.431909,15573600
2009-10-26,7.452269,7.57851,7.417655,7.472631,16126300
2009-10-27,7.515389,7.55204,7.31992,7.31992,16368100
2009-10-28,7.340279,7.389147,6.971739,6.971739,25206800
2009-10-29,7.183498,7.354533,7.091872,7.342317,17516900
2009-10-30,7.330102,7.409511,7.024681,7.134633,20293200
2009-11-03,7.075581,7.315845,7.020605,7.238472,13545800
2009-11-04,7.35046,7.381002,7.230328,7.269015,12116500
2009-11-05,7.26698,7.411547,7.252727,7.411547,13248600
2009-11-06,7.450233,7.480776,7.307703,7.340281,14037400
2009-11-09,7.472632,7.550006,7.44209,7.550006,14500900
2009-11-10,7.531678,7.655881,7.492991,7.617195,20081300
2009-11-11,7.700678,7.737328,7.637557,7.655882,22260500
2009-11-12,7.643665,7.71493,7.49299,7.503171,20004100
2009-11-13,7.547965,7.635519,7.50317,7.560182,16548000
2009-11-16,7.664024,7.706783,7.596832,7.611085,21938600
2009-11-17,7.631448,7.835061,7.588689,7.818773,34941300
2009-11-18,7.87782,7.981664,7.77805,7.77805,20378100
2009-11-19,7.719004,7.920582,7.719004,7.839136,21383100
2009-11-23,7.920581,7.973521,7.859496,7.9104,14651400
2009-11-24,7.892073,7.971483,7.8147,7.971483,15933400
2009-11-25,8.002027,8.073293,7.940943,8.03257,15840600
2009-11-26,7.930759,7.959265,7.828952,7.828952,10604400
2009-11-27,7.778051,7.928725,7.755653,7.920581,14425600
2009-11-30,7.922619,7.977595,7.885969,7.900222,16162700
2009-12-01,7.991845,8.114013,7.971484,8.101797,14904300
2009-12-02,8.093653,8.162882,8.024425,8.024425,14653000
2009-12-03,8.124195,8.142521,8.002027,8.002027,12931600
2009-12-04,7.981664,8.107904,7.77805,7.818773,18715700
2009-12-07,7.896146,7.918543,7.767869,7.818773,15607800
2009-12-08,7.776014,7.778051,7.635521,7.653846,17671900
2009-12-09,7.737328,7.751581,7.58869,7.653846,15754500
2009-12-10,7.698643,7.737329,7.625341,7.688461,16657500
2009-12-11,7.747506,7.790265,7.686422,7.696602,17228400
2009-12-14,7.741401,7.75769,7.706786,7.716968,12654600
2009-12-15,7.67828,7.769907,7.672172,7.737329,11636700
2009-12-16,7.759724,7.828953,7.706784,7.708821,16749500
2009-12-17,7.666061,7.696603,7.507242,7.507242,17474500
2009-12-18,7.552042,7.574439,7.425801,7.448199,16157100
2009-12-21,7.534184,7.54442,7.206611,7.206611,20905000
2009-12-22,7.31512,7.440007,7.288504,7.440007,15008900
2009-12-23,7.472763,7.525994,7.401107,7.51371,11004500
2009-12-28,7.556705,7.575131,7.499379,7.523947,9099900
2009-12-30,7.487095,7.511663,7.442054,7.511663,13901400
2010-01-04,7.564892,7.640643,7.538277,7.640643,13303600
2010-01-05,7.652932,7.663168,7.534186,7.575133,21396400
2010-01-06,7.534183,7.677496,7.534183,7.677496,18720600
2010-01-07,7.630409,7.667261,7.589463,7.605842,10964600
2010-01-08,7.607888,7.654976,7.546468,7.564894,14624200
2010-01-11,7.618125,7.64474,7.497332,7.540327,15317700
2010-01-12,7.491188,7.509614,7.378585,7.4441,14886200
2010-01-13,7.485049,7.521901,7.337641,7.431818,23228200
2010-01-14,7.427721,7.464573,7.280314,7.302834,20073400
2010-01-15,7.282363,7.390871,7.270078,7.319215,21169000
2010-01-18,7.349924,7.507568,7.323308,7.483,23168400
2010-01-19,7.46253,7.503477,7.419536,7.448199,16895900
2010-01-20,7.390868,7.401105,7.218892,7.257792,18757500
2010-01-21,7.28441,7.308978,7.020304,7.028494,24553000
2010-01-22,6.983449,7.124715,6.973213,7.114479,19025100
2010-01-26,7.020303,7.030539,6.889274,6.940457,20281200
2010-01-27,6.940458,7.020303,6.860611,6.983451,19908600
2010-01-28,7.083772,7.102198,6.934317,7.08582,13819200
2010-01-29,7.12062,7.175898,6.946597,6.995733,16106700
2010-02-01,7.020303,7.06125,6.940457,7.02235,15869300
2010-02-02,7.065346,7.098103,6.973217,6.981405,15289600
2010-02-03,6.971167,6.997783,6.905652,6.96912,16091200
2010-02-04,6.928174,6.948647,6.576032,6.612885,24280300
2010-02-05,6.510519,6.606744,6.289407,6.453194,29033800
2010-02-08,6.510517,6.604694,6.432719,6.498233,18684700
2010-02-09,6.592412,6.690684,6.571938,6.600601,18104200
2010-02-10,6.619027,6.70092,6.504376,6.682494,21909900
2010-02-11,6.733678,6.852423,6.70092,6.829903,24110900
2010-02-12,6.756197,6.965025,6.74596,6.919983,19127100
2010-02-17,7.040778,7.063299,6.967074,7.012116,16622400
2010-02-18,7.010069,7.102199,6.924081,7.102199,17017800
2010-02-19,7.046919,7.094008,6.993688,7.032588,11889400
2010-02-22,7.063301,7.143147,7.044875,7.094012,19817500
2010-02-23,7.044873,7.09401,6.960933,6.999832,16937500
2010-02-24,7.020304,7.032587,6.887227,6.948647,13563100
2010-02-25,6.854472,7.0633,6.809431,7.038733,18650100
2010-02-26,7.081725,7.114482,7.003926,7.08582,17804300
2010-03-01,7.128811,7.1759,7.046918,7.151332,16959300
2010-03-02,7.216848,7.272126,7.190232,7.190232,17108100
2010-03-03,7.22299,7.333546,7.175902,7.196375,19957600
2010-03-04,7.24551,7.265984,7.126765,7.206611,14068900
2010-03-05,7.306928,7.354017,7.247556,7.331497,28235000
2010-03-08,7.358114,7.368351,7.249605,7.308978,15902100
2010-03-09,7.268031,7.54442,7.259841,7.472764,68696600
2010-03-10,7.550565,7.60789,7.503476,7.575133,32196400
2010-03-11,7.560798,7.671354,7.53623,7.585366,19449600
2010-03-12,7.616077,7.659071,7.587414,7.587414,13940300
2010-03-15,7.525994,7.622219,7.466622,7.528042,19839600
2010-03-16,7.560802,7.618127,7.513713,7.618127,12807500
2010-03-17,7.663167,7.673403,7.5608,7.605842,10298100
2010-03-18,7.603794,7.657025,7.525995,7.579226,12061700
2010-03-19,7.575129,7.593555,7.403153,7.417484,24306500
2010-03-22,7.290552,7.444102,7.268031,7.419534,13489200
2010-03-23,7.448194,7.456383,7.311023,7.333543,17207000
2010-03-24,7.329449,7.487093,7.288502,7.388822,18683500
2010-03-25,7.437959,7.458432,7.206611,7.206611,17698800
2010-03-26,7.249605,7.278267,7.02235,7.063297,28820300
2010-03-29,7.112432,7.206609,6.985496,7.145189,19312800
2010-03-30,7.184092,7.227085,7.116529,7.124719,12365900
2010-03-31,7.083772,7.245512,7.065346,7.245512,16551700
2010-04-01,7.300789,7.349925,7.278268,7.319215,13721900
2010-04-05,7.360161,7.42158,7.333545,7.372444,12120300
2010-04-06,7.354017,7.454337,7.335592,7.386775,13410200
2010-04-07,7.358114,7.419534,7.286457,7.329451,15079400
2010-04-08,7.284408,7.349923,7.25984,7.331497,13552100
2010-04-09,7.329451,7.388824,7.212753,7.212753,17017800
2010-04-12,7.216847,7.253699,7.018255,7.040776,29883800
2010-04-13,7.057158,7.081725,6.94046,6.999832,19661600
2010-04-14,7.022352,7.061252,6.971169,7.012116,17377900
2010-04-15,7.018256,7.053061,6.866753,6.879037,43408800
2010-04-16,6.858564,6.874943,6.698873,6.745961,48889400
2010-04-19,6.674307,6.868804,6.655881,6.868804,23996300
2010-04-20,6.919984,7.02235,6.919984,7.02235,22158800
2010-04-22,6.940457,6.96912,6.840138,6.932268,19873300
2010-04-23,6.924699,7.013398,6.918511,7.013398,12312800
2010-04-26,7.034023,7.050526,6.871066,6.871066,13810200
2010-04-27,6.821559,6.827747,6.62147,6.62147,23019700
2010-04-28,6.666852,6.80712,6.580216,6.681291,17380900
2010-04-29,6.774115,6.827746,6.708106,6.811244,11932800
2010-04-30,6.767929,6.848377,6.71636,6.765866,15687800
2010-05-03,6.714294,6.730796,6.489453,6.497704,28849400
2010-05-04,6.435822,6.450262,6.169726,6.279052,39268400
2010-05-05,6.188291,6.355375,6.138785,6.231609,29471100
2010-05-06,6.206855,6.349186,5.83762,6.149097,32015500
2010-05-07,6.186228,6.252236,6.010893,6.136722,24546000
2010-05-10,6.394567,6.415195,6.219232,6.219232,20988100
2010-05-11,6.15116,6.246047,6.105779,6.109905,17334600
2010-05-12,6.177978,6.188292,6.120221,6.167664,15380800
2010-05-13,6.229548,6.272866,6.177979,6.188293,16122900
2010-05-14,6.144973,6.208919,6.04596,6.206856,24270200
2010-05-17,6.229547,6.268739,6.09753,6.15735,26530800
2010-05-18,6.213045,6.21717,6.017082,6.027396,17679200
2010-05-19,5.96345,6.078964,5.88919,5.88919,25227200
2010-05-20,5.775738,5.796366,5.658161,5.658161,25639300
2010-05-21,5.668475,5.786053,5.596279,5.689103,28529000
2010-05-24,5.693258,5.772216,5.630923,5.641312,14996100
2010-05-25,5.464695,5.551964,5.402361,5.516641,24219500
2010-05-26,5.6143,5.697413,5.533265,5.620533,20468900
2010-05-27,5.714037,5.801306,5.693258,5.77845,18332900
2010-05-31,5.861563,6.150382,5.861563,6.150382,14270600
2010-06-01,6.02571,6.169081,5.917663,5.952986,25987900
2010-06-02,5.95091,6.098436,5.95091,6.04649,13859300
2010-06-04,5.998699,6.167004,5.973765,6.077657,15178000
2010-06-07,6.119215,6.250118,6.094281,6.133759,16452000
2010-06-08,6.183627,6.239729,6.117137,6.162849,16120800
2010-06-09,6.212716,6.312452,6.139992,6.139992,20135000
2010-06-10,6.233494,6.285439,6.183626,6.212715,17889600
2010-06-11,6.169082,6.196094,6.112981,6.154538,11613900
2010-06-14,6.212715,6.221027,6.029866,6.036099,15282500
2010-06-15,6.046491,6.075581,5.969611,6.025713,12607800
2010-06-16,5.994543,6.191937,5.984154,6.160769,24436900
2010-06-17,6.171161,6.202328,6.092203,6.133759,15576800
2010-06-18,6.148303,6.162848,6.077657,6.127525,12366200
2010-06-21,6.173236,6.22726,6.104668,6.108823,23758300
2010-06-22,6.106745,6.154536,6.027788,6.048566,19578200
2010-06-23,6.067267,6.094279,5.892729,5.921819,24118000
2010-06-24,5.911431,5.911431,5.711959,5.711959,21828900
2010-06-25,5.682869,5.828317,5.674558,5.799228,10738000
2010-06-28,5.801305,5.830395,5.680791,5.697414,7278900
2010-06-29,5.610146,5.630924,5.549889,5.574823,16290900
2010-06-30,5.601832,5.714035,5.572743,5.581054,18010900
2010-07-01,5.633002,5.65378,5.466775,5.495865,18632300
2010-07-02,5.551966,5.608067,5.510409,5.562355,10088300
2010-07-05,5.564432,5.620534,5.514565,5.514565,6883900
2010-07-06,5.610144,5.672479,5.560277,5.620533,15896300
2010-07-07,5.651701,5.718192,5.564432,5.693258,16555400
2010-07-08,5.709881,5.743126,5.653779,5.730659,10498100
2010-07-12,5.73897,5.763904,5.647545,5.657934,9365000
2010-07-13,5.693259,5.711959,5.624691,5.672481,12667200
2010-07-14,5.620535,5.693259,5.595601,5.672481,11099800
2010-07-15,5.67248,5.67248,5.583134,5.633002,7914000
2010-07-16,5.618457,5.628846,5.549888,5.5769,9806100
2010-07-19,5.578977,5.622612,5.543654,5.599756,12468700
2010-07-20,5.562355,5.780528,5.549888,5.745204,16035400
2010-07-21,5.782602,5.828315,5.691178,5.714034,11651800
2010-07-22,5.784683,5.876107,5.751437,5.813772,13382700
2010-07-23,5.815851,5.828318,5.732738,5.774295,12762200
2010-07-26,5.774294,5.82624,5.755594,5.79715,7666200
2010-07-27,5.817928,5.851173,5.788838,5.813772,10359400
2010-07-28,5.807539,5.828317,5.761826,5.776371,11317300
2010-07-29,5.784682,5.807538,5.741047,5.763904,10324200
2010-07-30,5.74728,5.803382,5.703646,5.786759,12928700
2010-08-02,5.853732,5.977211,5.849547,5.952097,17740200
2010-08-03,5.943725,6.180218,5.901868,6.08604,24018500
2010-08-04,6.144637,6.182309,6.081851,6.140451,20894700
2010-08-05,6.125803,6.169753,6.090224,6.159288,11125200
2010-08-06,6.111154,6.163476,6.05674,6.088133,11196700
2010-08-09,6.142546,6.142546,6.027439,6.033718,10274900
2010-08-10,5.989768,5.989768,5.897682,5.945817,16439600
2010-08-11,5.868381,5.893495,5.755366,5.755366,16895900
2010-08-12,5.730252,5.83071,5.692581,5.761645,13560300
2010-08-13,5.786761,5.822339,5.755368,5.788854,12344200
2010-08-16,5.778389,5.818154,5.774204,5.778389,15292800
2010-08-17,5.809782,5.975118,5.809782,5.922796,15546700
2010-08-18,5.920704,5.933262,5.77839,5.79304,20458600
2010-08-19,5.631888,5.732345,5.59003,5.604681,26365800
2010-08-20,5.598402,5.667466,5.558637,5.604681,17204600
2010-08-23,5.633981,5.690489,5.579567,5.579567,10445000
2010-08-24,5.546082,5.619333,5.470739,5.470739,15741900
2010-08-25,5.456088,5.502131,5.336795,5.45818,21490600
2010-08-26,5.587939,5.587939,5.378653,5.378653,22021900
2010-08-27,5.430974,5.564917,5.36191,5.558639,14878800
2010-08-30,5.514689,5.531432,5.326332,5.326332,22067300
2010-08-31,5.340981,5.453996,5.340981,5.453996,15881100
2010-09-01,5.504224,5.690489,5.472831,5.657003,19359200
2010-09-02,5.627703,5.891403,5.59631,5.776296,26761400
2010-09-03,5.922797,6.052555,5.870476,6.027441,46190200
2010-09-06,6.106969,6.12999,5.991861,6.088133,19635800
2010-09-08,5.92489,5.960469,5.816062,5.824433,32338400
2010-09-09,5.874661,5.889311,5.690489,5.736532,20191800
2010-09-10,5.755367,5.847453,5.736531,5.759553,16665300
2010-09-13,5.807689,5.926982,5.765832,5.922796,24171200
2010-09-14,5.899776,5.979304,5.619332,5.619332,39196800
2010-09-15,5.441439,5.567011,5.389118,5.535618,40928700
2010-09-16,5.464462,5.583755,5.451904,5.516783,20305300
2010-09-17,5.468645,5.554452,5.462366,5.533524,18012500
2010-09-20,5.529339,5.740718,5.483296,5.671654,26848600
2010-09-21,5.675839,5.703046,5.514689,5.514689,28615300
2010-09-22,5.460276,5.531433,5.403768,5.437254,43614700
2010-09-23,5.424696,5.746996,5.424696,5.608868,55285600
2010-09-24,5.661189,5.669561,5.504225,5.504225,85873800
2010-09-27,5.512597,5.585847,5.451904,5.546082,57987900
2010-09-28,5.600497,5.627704,5.535618,5.58794,34634300
2010-09-29,5.567009,5.755366,5.554452,5.755366,77343700
2010-09-30,5.786761,5.849547,5.696768,5.711418,35377400
2010-10-01,5.772109,5.797224,5.715602,5.755366,22431100
2010-10-04,5.751182,5.828618,5.723975,5.730253,25001100
2010-10-05,5.774203,5.776296,5.600496,5.646539,42377800
2010-10-06,5.608867,5.627703,5.355631,5.412138,67569200
2010-10-07,5.451903,5.451903,5.156809,5.294938,59209700
2010-10-08,5.276102,5.441438,5.207037,5.441438,32670900
2010-10-11,5.462367,5.485388,5.395396,5.410046,14338300
2010-10-13,5.445624,5.460274,5.353538,5.380745,30156000
2010-10-14,5.37028,5.533524,5.324237,5.533524,40386400
2010-10-15,5.552361,5.575382,5.479111,5.502132,26691200
2010-10-18,5.472832,5.546082,5.435161,5.525154,28001900
2010-10-19,5.42888,5.466552,5.290751,5.290751,31746200
2010-10-20,5.330517,5.364003,5.23006,5.23006,30872600
2010-10-21,5.242617,5.280289,5.043796,5.056353,44679400
2010-10-22,5.119138,5.171459,5.001938,5.066816,28738200
2010-10-25,5.117047,5.188204,5.096118,5.142161,21647100
2010-10-26,5.131695,5.49376,5.117045,5.410046,46812400
2010-10-27,5.378653,5.661189,5.282381,5.481203,56750100
2010-10-28,5.54399,5.61724,5.414232,5.495854,36697700
2010-10-29,5.564917,5.564917,5.410046,5.410046,31585700
2010-11-01,5.451903,5.58166,5.426789,5.543989,22132600
2010-11-03,5.617629,5.703892,5.575549,5.680748,36288300
2010-11-04,5.754388,5.815403,5.724932,5.785947,32455000
2010-11-05,5.769116,5.817507,5.733348,5.733348,16761300
2010-11-08,5.703892,5.802779,5.701788,5.79226,25051600
2010-11-09,5.811195,5.842754,5.705996,5.705996,20757700
2010-11-10,5.703893,5.733348,5.653397,5.7081,21229300
2010-11-11,5.695477,5.703893,5.607109,5.621837,27355900
2010-11-12,5.520846,5.552406,5.432479,5.438791,41525500
2010-11-16,5.43879,5.451414,5.287303,5.344111,32183100
2010-11-17,5.363048,5.405127,5.318864,5.354632,16842600
2010-11-18,5.438788,5.489284,5.409332,5.449308,24640000
2010-11-19,5.40723,5.41775,5.348319,5.40723,16481500
2010-11-22,5.394605,5.400917,5.24943,5.272574,19249900
2010-11-23,5.194729,5.245225,5.158962,5.186313,27569300
2010-11-24,5.23891,5.337797,5.20735,5.310445,23972500
2010-11-25,5.333592,5.333592,5.228393,5.228393,8896300
2010-11-26,5.188416,5.224183,5.140024,5.175792,17078100
2010-11-29,5.165273,5.247329,5.146337,5.196833,18657100
2010-11-30,5.194728,5.280991,5.156857,5.173688,28357900
2010-12-01,5.266264,5.331487,5.25364,5.314655,22328400
2010-12-02,5.354631,5.405127,5.323071,5.344111,19060800
2010-12-03,5.354631,5.40723,5.308343,5.40723,15838500
2010-12-06,5.419854,5.478766,5.409334,5.440894,17859600
2010-12-07,5.512429,5.531365,5.333591,5.333591,27050000
2010-12-08,5.339902,5.36515,5.259951,5.259951,21494200
2010-12-09,5.29572,5.365151,5.278888,5.344111,21341600
2010-12-10,5.38619,5.415646,5.354631,5.40723,14107600
2010-12-13,5.447206,5.489285,5.445102,5.451414,16896400
2010-12-14,5.43458,5.478764,5.411436,5.43458,15664600
2010-12-15,5.384086,5.409334,5.337799,5.337799,23538200
2010-12-16,5.36515,5.39671,5.314655,5.333591,15651800
2010-12-17,5.308344,5.457726,5.268368,5.457726,17747100
2010-12-20,5.457725,5.482973,5.379878,5.379878,31823100
2010-12-21,5.436684,5.45562,5.409332,5.421957,16018600
2010-12-22,5.419837,5.453763,5.400753,5.453763,11576500
2010-12-23,5.436803,5.485573,5.419839,5.460128,12437000
2010-12-27,5.419838,5.532222,5.411357,5.52374,12045200
2010-12-28,5.57675,5.663688,5.557666,5.653086,21577300
2010-12-29,5.678529,5.761226,5.678529,5.718817,20295300
2010-12-30,5.786672,5.818478,5.744263,5.786672,29619400
2011-01-03,5.831202,5.848165,5.706096,5.72518,22738500
2011-01-04,5.727299,5.737901,5.597952,5.703974,30936600
2011-01-05,5.657325,5.799394,5.63612,5.771828,24306800
2011-01-06,5.767589,5.82272,5.727301,5.748505,24328800
2011-01-07,5.729422,5.763349,5.667929,5.667929,17453800
2011-01-10,5.650966,5.729423,5.636123,5.720941,14366200
2011-01-11,5.746386,5.809999,5.740025,5.756989,23190100
2011-01-12,5.805757,5.932983,5.793034,5.916019,39193500
2011-01-13,5.937224,5.96267,5.790914,5.790914,31826100
2011-01-14,5.782433,5.875731,5.778192,5.841805,20220300
2011-01-17,5.81424,5.888455,5.801517,5.820601,19288800
2011-01-18,5.86301,5.886335,5.809999,5.877853,22139400
2011-01-19,5.894814,5.926621,5.778191,5.788793,22631600
2011-01-20,5.756985,5.835442,5.716697,5.782431,21486200
2011-01-21,5.812118,5.833322,5.735782,5.735782,18127100
2011-01-24,5.742143,5.778191,5.684891,5.72518,10765700
2011-01-26,5.744265,5.795155,5.663688,5.689133,21396900
2011-01-27,5.714578,5.756987,5.663687,5.697615,18552100
2011-01-28,5.735781,5.742142,5.566146,5.655204,28037200
2011-01-31,5.695495,5.778192,5.653086,5.744265,33947200
2011-02-01,5.788792,5.87785,5.748504,5.860887,28782500
2011-02-02,5.852407,5.932984,5.831203,5.894816,33156700
2011-02-03,5.886334,5.96267,5.873612,5.943586,27639400
2011-02-04,5.945704,5.983872,5.843923,5.856646,27702000
2011-02-07,5.894813,5.909657,5.748504,5.771828,23873700
2011-02-08,5.725179,5.793033,5.691252,5.699734,21047
2011-02-11,5.608557,5.661568,5.57675,5.597954,19504200
2011-02-14,5.600074,5.706096,5.564027,5.672169,18258200
2011-02-15,5.655204,5.793033,5.646722,5.718817,27939600
2011-02-16,5.76759,5.8206,5.740024,5.790914,24193500
2011-02-17,5.809998,5.81848,5.733662,5.778191,19143600
2011-02-18,5.759107,5.818479,5.748505,5.803636,16769000
2011-02-21,5.824842,5.863009,5.778192,5.809999,22204200
2011-02-22,5.822721,5.926622,5.820601,5.888454,36610900
2011-02-23,5.918141,6.128064,5.894816,6.087776,62622100
2011-02-25,6.024162,6.096257,5.96903,6.06445,27201000
2011-02-28,6.030523,6.081414,5.971151,6.060209,28891100
2011-03-01,6.043245,6.104738,5.977512,5.998716,26547900
2011-03-02,6.000837,6.140786,5.973271,6.128063,25808400
2011-03-03,6.132306,6.142908,6.064452,6.140787,17305300
2011-03-04,6.149267,6.185314,6.089894,6.16623,21019800
2011-03-10,6.022042,6.028403,5.911779,5.96267,22751200
2011-03-11,5.926621,6.022041,5.867249,5.973271,20803900
2011-03-14,5.937222,6.02628,5.909657,5.996594,13554000
2011-03-15,5.820602,5.973273,5.820602,5.945708,22515300
2011-03-16,5.97115,6.024161,5.854527,5.890574,33678600
2011-03-17,5.96691,5.979633,5.911778,5.954187,16511000
2011-03-18,5.979633,5.983873,5.899056,5.916019,21601100
2011-03-21,5.97115,6.011438,5.932982,5.964788,28912600
2011-03-22,6.008191,6.04873,5.969787,6.001791,28580800
2011-03-24,6.114871,6.140475,6.04873,6.065799,12375400
2011-03-25,6.114871,6.140475,6.04873,6.065799,12248000
2011-03-28,6.093535,6.144741,6.04873,6.04873,11432600
2011-03-30,6.059398,6.10207,6.029528,6.04873,12036900
2011-03-31,6.085,6.0914,6.038061,6.052996,13888700
2011-04-04,6.144741,6.155409,6.093535,6.104203,13522000
2011-04-05,6.144741,6.155409,6.093535,6.104203,13522000
2011-04-06,6.0914,6.095668,6.025259,6.052996,19729600
2011-04-07,6.001791,6.027394,5.914314,5.974054,21872100
2011-04-08,5.984721,6.003923,5.927114,5.976187,17515900
2011-04-11,5.97192,5.97192,5.850305,5.86524,19399600
2011-04-12,5.82897,5.846039,5.666817,5.686019,33535300
2011-04-13,5.718024,5.718024,5.558004,5.57934,29953600
2011-04-14,5.568673,5.639081,5.532402,5.543069,27489800
2011-04-15,5.564403,5.666816,5.558003,5.660415,27267800
2011-04-19,5.493995,5.551602,5.455591,5.489728,19327200
2011-04-20,5.592142,5.609211,5.526001,5.609211,23575800
2011-04-25,5.613476,5.639079,5.551602,5.585739,12867700
2011-04-26,5.590008,5.617744,5.536668,5.590008,12082300
2011-04-27,5.594275,5.594275,5.481195,5.491862,16820800
2011-04-28,5.472663,5.474797,5.389453,5.429992,23904100
2011-04-29,5.433527,5.504288,5.418518,5.489278,15923100
2011-05-02,5.512864,5.55146,5.467835,5.517152,20830800
2011-05-03,5.51072,5.527874,5.452825,5.457114,17841800
2011-05-04,5.487132,5.495709,5.403507,5.429237,25541400
2011-05-05,5.401362,5.433526,5.197658,5.246976,30998100
2011-05-06,5.317736,5.337034,5.176215,5.191225,22917500
2011-05-09,5.123038,5.218028,5.114461,5.199159,18694500
2011-05-10,5.197659,5.29415,5.189082,5.274852,18303600
2011-05-19,5.245348,5.27563,5.113403,5.113403,17706900
2011-05-20,5.117728,5.223717,5.078794,5.189108,13950700
2011-05-23,5.083121,5.126382,5.063654,5.104752,14783700
2011-05-24,5.160989,5.208576,5.135033,5.158826,12793100
2011-05-25,5.1545,5.236695,5.115565,5.169641,12385700
2011-05-26,5.191272,5.234533,5.139359,5.234533,16766100
2011-05-27,5.260489,5.286446,5.221554,5.254,13755500
2011-05-30,5.260489,5.260489,5.202087,5.208577,3555700
2011-05-31,5.256164,5.266979,5.165316,5.21074,16156600
2011-06-01,5.19127,5.221552,5.154498,5.19127,17885600
2011-06-02,5.206414,5.206414,5.132871,5.180458,15748300
2011-06-03,5.143687,5.225882,5.119893,5.143687,15337000
2011-06-06,5.163154,5.176132,5.007416,5.018231,22018200
2011-06-07,5.05284,5.055003,4.961992,4.97497,23231900
2011-06-08,4.964155,5.072307,4.942525,5.018231,21767100
2011-06-09,5.026881,5.178293,4.994436,5.12638,24521000
2011-06-10,5.143687,5.156665,5.091774,5.130708,17587600
2011-06-13,5.141521,5.152336,5.031206,5.046348,12131900
2011-06-14,5.065817,5.124219,5.065817,5.104752,13525500
2011-06-15,5.037699,5.093937,5.007416,5.039862,20599900
2011-06-16,5.037697,5.137197,4.994437,5.037697,20161600
2011-06-17,5.076632,5.078795,5.016067,5.026882,14191400
2011-06-20,5.018231,5.070143,4.987948,4.9966,18966600
2011-06-21,5.01823,5.03986,4.983622,5.026882,13510200
2011-06-22,5.018231,5.119893,5.011742,5.031209,18615300
2011-06-24,5.011741,5.020393,4.942524,4.94685,15977500
2011-06-27,4.974969,5.016066,4.946849,4.992273,14955300
2011-06-28,5.01174,5.072305,4.996599,5.072305,15753300
2011-06-29,5.08312,5.091773,5.01823,5.057164,14142800
2011-06-30,5.102589,5.130708,5.083122,5.130708,16079200
2011-07-01,5.115566,5.167478,5.076631,5.137196,18199100
2011-07-04,5.130707,5.158827,5.128544,5.148011,5652500
2011-07-05,5.148012,5.186947,5.085284,5.096099,12717200
2011-07-06,5.072305,5.115565,5.037696,5.085283,13117100
2011-07-07,5.126382,5.14585,5.093937,5.111241,15371600
2011-07-08,5.083121,5.11124,5.06149,5.070143,13559700
2011-07-11,5.018229,5.044185,4.987946,5.007413,16582400
2011-07-12,4.979296,5.039861,4.959829,5.000926,11835400
2011-07-13,5.037697,5.070143,5.003088,5.059327,15336700
2011-07-14,5.033371,5.052838,4.944686,4.964154,17235500
2011-07-15,4.974969,4.998763,4.944687,4.972806,15777400
2011-07-18,4.933873,4.974971,4.873308,4.923058,16322400
2011-07-19,4.946852,4.968482,4.879798,4.899265,17100500
2011-07-20,4.920895,4.933873,4.840863,4.840863,18924100
2011-07-21,4.862493,4.998764,4.851678,4.97497,19067100
2011-07-22,4.979295,5.033371,4.942524,4.96848,13483500
2011-07-25,5.167477,5.236694,5.167477,5.212901,23400
2011-07-26,5.102589,5.173969,5.078796,5.117731,25370300
2011-07-27,5.102588,5.143686,5.063654,5.102588,22203700
2011-07-28,5.124219,5.135033,5.070143,5.083121,17246400
2011-08-17,4.539144,4.57406,4.482405,4.55442,18831300
2011-08-18,4.440942,4.445307,4.31437,4.43003,25674000
2011-08-19,4.349285,4.44094,4.299092,4.299092,23649000
2011-08-22,4.386385,4.423483,4.285999,4.288182,17195200
2011-08-23,4.320915,4.430029,4.257629,4.399477,21910500
2011-08-24,4.390749,4.440941,4.362379,4.414753,18429000
2011-08-25,4.397296,4.427848,4.316552,4.33401,19370500
2011-08-26,4.301276,4.379838,4.272907,4.34274,17681100
2011-08-29,4.403844,4.502046,4.401661,4.471494,16367300
2011-08-30,4.447488,4.523868,4.43003,4.484587,16994500
2011-08-31,4.530413,4.554418,4.458398,4.539142,26421000
2011-09-01,4.608977,4.613341,4.550055,4.591518,21673300
2011-09-02,4.508594,4.530417,4.37111,4.445308,24292000
2011-09-05,4.342738,4.386384,4.331827,4.371108,9490100
2011-09-06,4.305638,4.482403,4.294726,4.467126,21669700
2011-09-08,4.528233,4.556603,4.488952,4.508593,16132000
2011-09-09,4.473675,4.495498,4.379837,4.397295,19703400
2011-09-12,4.320915,4.438758,4.303456,4.438758,16675800
2011-09-13,4.451854,4.462765,4.397297,4.434395,14984400
2011-09-14,4.440941,4.543508,4.403843,4.47804,19667800
2011-09-15,4.517321,4.534779,4.467128,4.484587,12969800
2011-09-16,4.484585,4.510773,4.451851,4.506408,13098300
2011-09-19,4.436575,4.543507,4.434393,4.539142,20027100
2011-09-20,4.534778,4.600247,4.491133,4.495497,14889000
2011-09-21,4.528231,4.595882,4.484586,4.495497,19357600
2011-09-22,4.368925,4.401659,4.211801,4.255446,31416900
2011-09-23,4.257629,4.305639,4.17252,4.181249,17860700
2011-09-26,4.222714,4.316553,4.139788,4.316553,17539800
2011-09-27,4.384203,4.386385,4.259813,4.266359,15427000
2011-09-28,4.272905,4.299093,4.218348,4.222713,15557500
2011-09-29,4.251083,4.272906,4.196526,4.233625,15220700
2011-09-30,4.185615,4.229261,4.131058,4.168157,20418900
2011-10-03,4.137604,4.161609,4.017579,4.017579,28605200
2011-10-04,3.982661,4.04813,3.906281,4.04813,29503700
2011-10-05,4.015396,4.091776,3.939016,3.973933,20425100
2011-10-06,4.035036,4.165973,4.004484,4.113598,27305500
2011-10-07,4.161609,4.161609,3.973933,3.993573,21500100
2011-10-10,4.037219,4.141968,4.004485,4.126692,17685700
2011-10-11,4.080864,4.19216,4.04813,4.181249,29714600
2011-10-13,4.233625,4.264177,4.141969,4.231442,27038100
2011-10-14,4.266358,4.299093,4.213984,4.285999,20916800
2011-10-17,4.244536,4.299093,4.141969,4.211802,22841200
2011-10-18,4.244536,4.299093,4.141969,4.211802,22841200
2011-10-19,4.242353,4.253264,4.161609,4.196525,16380200
2011-10-20,4.185614,4.185614,4.063406,4.107052,17329400
2011-10-21,4.137604,4.22926,4.131057,4.205255,18787300
2011-10-28,4.510775,4.635165,4.484587,4.569696,39069500
2011-10-31,4.550055,4.709361,4.534779,4.709361,30090200
2011-11-01,4.451853,4.637347,4.451853,4.611159,27873500
2011-11-03,4.704997,4.794471,4.652622,4.783559,24130000
2011-11-04,4.742095,4.840298,4.737731,4.82284,19144700
2011-11-07,4.811928,4.971235,4.79447,4.949412,25470000
2011-11-08,4.975599,5.006152,4.87085,4.890491,22010000
2011-11-09,4.8032,4.842481,4.67881,4.683174,27702000
2011-11-11,4.777011,4.833751,4.755189,4.792287,16460800
2011-11-14,4.814311,4.856155,4.763657,4.827525,12704300
2011-11-16,4.836334,4.893594,4.783478,4.869369,20722500
2011-11-17,4.836333,4.871571,4.732824,4.739431,22441400
2011-11-18,4.779073,4.816513,4.728419,4.790085,20047400
2011-11-21,4.715207,4.81211,4.693183,4.801098,33001100
2011-11-22,4.787884,4.84074,4.761456,4.77467,19880400
2011-11-23,4.732825,4.77467,4.721814,4.750444,16786000
2011-11-24,4.787881,4.801095,4.741632,4.772465,10213300
2011-11-25,4.730622,4.768062,4.627112,4.627112,18320800
2011-11-28,4.73723,4.77467,4.704195,4.735028,14923300
2011-11-29,4.739432,4.820918,4.695385,4.715206,18412100
2011-11-30,4.801096,4.893594,4.774668,4.856154,29239500
2011-12-01,4.917821,4.961868,4.873774,4.959665,22314900
2011-12-02,4.98169,5.005916,4.922227,4.961869,17524400
2011-12-05,5.008117,5.091807,4.986094,5.058771,19102500
2011-12-06,5.025737,5.144663,5.025737,5.135854,17084200
2011-12-07,5.140257,5.168887,5.06758,5.129246,18584500
2011-12-08,5.142459,5.164483,4.92663,4.959665,25386200
2011-12-09,5.00151,5.098413,4.977285,5.069783,17627000
2011-12-13,4.975082,5.021331,4.926631,4.937643,22968900
2011-12-14,4.922227,4.94425,4.805502,4.805502,32567700
2011-12-15,4.856156,4.911214,4.72842,4.73723,24826000
2011-12-16,4.757051,4.781277,4.690981,4.690981,21221600
2011-12-19,4.706396,4.761454,4.651337,4.651337,18945100
2011-12-20,4.713005,4.867169,4.693184,4.867169,24437600
2011-12-21,4.82312,4.842941,4.739432,4.827525,18567300
2011-12-22,4.862763,4.911215,4.827526,4.87818,14040300
2011-12-23,4.904607,4.931035,4.882584,4.893595,9297500
2011-12-26,4.911213,4.920023,4.882583,4.882583,2820600
2011-12-27,4.882584,4.915618,4.875976,4.889191,9287300
2011-12-28,4.898,4.898,4.717408,4.719611,15843300
2011-12-29,4.754847,4.754847,4.624909,4.732824,21683800
2012-01-02,4.737231,4.871574,4.682172,4.785682,20391300
2012-01-03,4.847256,4.976042,4.842815,4.976042,22940500
2012-01-04,4.92497,5.013789,4.880561,5.011568,18736900
2012-01-05,4.9716,5.02045,4.918309,4.953836,19489000
2012-01-06,4.989363,5.013788,4.940513,4.958277,13941000
2012-01-09,4.982703,5.024891,4.947175,5.024891,14665100
2012-01-10,5.093726,5.11149,5.060419,5.084844,21084100
2012-01-11,5.082624,5.107049,5.029333,5.087065,19836100
2012-01-12,5.104827,5.166999,5.058197,5.124811,28334400
2012-01-13,5.095946,5.129253,5.073741,5.11815,27090600
2012-01-16,5.118151,5.262481,5.11149,5.251378,29976400
2012-01-18,5.289125,5.431234,5.289125,5.41125,25733500
2012-01-19,5.417912,5.448999,5.375723,5.375723,22835300
2012-01-20,5.351298,5.377943,5.302448,5.377943,16643000
2012-01-23,5.349077,5.659941,5.337975,5.580004,36560200
2012-01-24,5.562242,5.724336,5.540038,5.639958,37248200
2012-01-26,5.713232,5.748759,5.533375,5.533375,30571700
2012-01-27,5.568902,5.584445,5.466761,5.477863,17637100
2012-01-30,5.424573,5.468982,5.406809,5.455659,16811800
2012-01-31,5.495627,5.537816,5.402368,5.455659,28139600
2012-02-01,5.484525,5.588887,5.468982,5.540037,24357500
2012-02-02,5.524492,5.599987,5.429013,5.446776,26639600
2012-02-03,5.433455,5.535596,5.411251,5.464541,20308300
2012-02-06,5.437896,5.520053,5.417912,5.520053,14430800
2012-02-07,5.488965,5.693247,5.488965,5.684365,29503300
2012-02-08,5.69547,5.746541,5.617754,5.64662,24815600
2012-02-09,5.657722,5.715454,5.588888,5.662163,23662100
2012-02-10,5.382383,5.451217,5.21807,5.21807,88044000
2012-02-14,5.409028,5.409028,5.129251,5.153676,41985300
2012-02-15,5.21585,5.238055,5.042654,5.129252,40081300
2012-02-16,5.095945,5.31355,5.0693,5.302447,36725000
2012-02-17,5.351299,5.362401,5.251378,5.340197,24239300
2012-02-23,5.258039,5.349078,5.255818,5.31133,20973800
2012-02-24,5.3624,5.4601,5.353518,5.435675,23627900
2012-02-27,5.473421,5.533373,5.393485,5.406807,30229700
2012-02-28,5.442336,5.482305,5.402368,5.402368,23401800
2012-02-29,5.440117,5.471204,5.382386,5.397929,23521600
2012-03-01,5.442336,5.524493,5.431234,5.524493,18627700
2012-03-02,5.537815,5.617752,5.520052,5.617752,20122000
2012-03-05,5.584446,5.60443,5.429014,5.460101,22770000
2012-03-06,5.351298,5.357959,5.238055,5.273582,25256500
2012-03-07,5.340196,5.3624,5.275803,5.324653,16294900
2012-03-08,5.422353,5.429014,5.309109,5.349078,13840600
2012-03-09,5.351298,5.384604,5.264699,5.264699,14887900
2012-03-12,5.229173,5.275803,5.186985,5.202528,13888100
2012-03-13,5.251378,5.424574,5.21363,5.424574,27072800
2012-03-14,5.41791,5.568901,5.391265,5.51339,34767400
2012-03-15,5.480084,5.548918,5.366841,5.377943,26540100
2012-03-16,5.384603,5.429012,5.244714,5.406807,38690500
2012-03-20,5.358689,5.425645,5.349762,5.416718,17585500
2012-03-21,5.403326,5.445732,5.372081,5.381008,12415400
2012-03-22,5.403326,5.445732,5.372081,5.381008,12415400
2012-03-23,5.340835,5.378777,5.282807,5.289503,16054200
2012-03-26,5.343067,5.41895,5.325212,5.403327,14783400
2012-03-27,5.403327,5.421182,5.311821,5.311821,20580800
2012-03-28,5.309589,5.311821,5.180141,5.220315,19702600
2012-03-29,5.180141,5.222547,5.11765,5.204692,23508000
2012-03-30,5.244865,5.253793,5.157823,5.211387,17685300
2012-04-02,5.195765,5.267184,5.137736,5.184605,17972500
2012-04-03,5.182374,5.200229,5.026144,5.032839,20776300
2012-04-04,4.968115,4.990434,4.856523,4.856523,23945600
2012-04-05,4.869914,4.950261,4.834204,4.910087,20141600
2012-04-09,4.856523,4.881074,4.800727,4.818582,14373800
2012-04-10,4.798494,4.845363,4.689133,4.729307,19490700
2012-04-11,4.787336,4.818582,4.747162,4.765017,24648400
2012-04-12,4.800725,4.927941,4.771711,4.912318,19275600
2012-04-13,4.883304,4.921245,4.809652,4.836435,19471700
2012-04-16,4.872146,4.894464,4.765017,4.800726,16176700
2012-04-17,4.860986,4.860986,4.771712,4.816349,16335600
2012-04-18,4.809653,4.878841,4.747162,4.856523,23211800
2012-04-19,4.827508,4.887769,4.787335,4.787335,11639800
2012-04-20,4.825276,4.863217,4.789566,4.789566,8618900
2012-04-23,4.73377,4.753856,4.69806,4.749393,15441000
2012-04-24,4.760553,4.773944,4.711452,4.740466,13605300
2012-04-25,4.771712,4.796263,4.644496,4.715916,26492000
2012-04-26,4.664583,4.760553,4.64896,4.740466,22473600
2012-04-27,4.765017,4.765017,4.657888,4.671279,14715700
2012-04-30,4.680205,4.751625,4.660118,4.751625,16055600
2012-05-02,4.680205,4.751625,4.660118,4.751625,16055600
2012-05-03,4.907856,4.965884,4.760553,4.776176,22513100
2012-05-04,4.744929,4.76948,4.508352,4.570844,38730900
2012-05-07,4.564149,4.624408,4.486033,4.593163,23267200
2012-05-08,4.552988,4.573075,4.465946,4.521742,23394000
2012-05-09,4.474874,4.519512,4.414615,4.499425,24590100
2012-05-10,4.530672,4.575309,4.445861,4.445861,19204300
2012-05-11,4.398992,4.474875,4.358819,4.358819,22518900
2012-05-14,4.302443,4.340777,4.261854,4.261854,26088300
2012-05-15,4.284405,4.345288,4.169402,4.169402,31489100
2012-05-16,4.345288,4.419702,4.27313,4.349798,53547000
2012-05-17,4.383621,4.383621,4.155871,4.155871,32448400
2012-05-18,4.194207,4.331759,4.155873,4.300189,30827600
2012-05-22,4.582059,4.622648,4.442253,4.444507,25626200
2012-05-23,4.433231,4.462545,4.261855,4.336268,26282100
2012-05-24,4.361072,4.410681,4.185186,4.216755,24654800
2012-05-25,4.221267,4.306955,4.178423,4.203227,18736600
2012-05-28,4.27313,4.318229,4.234796,4.237051,8969900
2012-05-29,4.26411,4.334014,4.216757,4.250581,23202700
2012-05-30,4.185188,4.212247,4.131069,4.137834,23451100
2012-05-31,4.167147,4.313718,4.076949,4.313718,30378300
2012-06-01,4.178423,4.288915,4.146853,4.239306,30593200
2012-06-04,4.248326,4.343034,4.212246,4.309209,23318400
2012-06-05,4.331759,4.356563,4.225776,4.239306,20669600
2012-06-06,4.295681,4.356565,4.275386,4.304701,28549100
2012-06-08,4.295678,4.329503,4.207735,4.257344,22183800
2012-06-11,4.309209,4.327249,4.146852,4.146852,23041400
2012-06-12,4.160383,4.209991,4.131068,4.194207,24582800
2012-06-13,4.178421,4.266364,4.149106,4.261854,27915700
2012-06-14,4.182932,4.234796,4.092734,4.097244,40851900
2012-06-15,4.119794,4.182932,4.020576,4.182932,29177900
2012-06-19,4.284405,4.507645,4.27313,4.430976,49228700
2012-06-20,4.449017,4.543725,4.430977,4.487351,31166100
2012-06-21,4.512155,4.525685,4.345289,4.345289,27366300
2012-06-22,4.374602,4.43323,4.297933,4.408426,20613400
2012-06-25,4.216755,4.259599,4.01381,4.01381,48876000
2012-06-26,4.067929,4.115283,4.004791,4.058909,36988300
2012-06-27,4.05891,4.106264,3.973222,3.977732,21017200
2012-06-28,3.968712,4.05891,3.928123,3.991262,21382900
2012-06-29,4.113028,4.133323,4.052145,4.115283,23170100
2012-07-02,4.081458,4.169401,4.052143,4.140087,19563100
2012-07-03,4.176166,4.313718,4.149107,4.282149,29500800
2012-07-04,4.2596,4.334013,4.237051,4.27313,12131600
2012-07-05,4.306955,4.462547,4.29568,4.419703,36200100
2012-07-06,4.363327,4.397151,4.306953,4.329503,21172600
2012-07-10,4.306954,4.324994,4.137833,4.146852,30813600
2012-07-11,4.173912,4.239305,4.106263,4.180677,21738400
2012-07-12,4.126558,4.223521,4.06793,4.189697,25942400
2012-07-13,4.408426,4.42872,4.358817,4.408426,51591200
2012-07-17,4.381369,4.417449,4.311466,4.34078,16602300
2012-07-18,4.318229,4.358819,4.279895,4.358819,17088900
2012-07-19,4.358819,4.458037,4.358819,4.424212,20781700
2012-07-20,4.370093,4.410682,4.30921,4.324994,19025100
2012-07-23,4.25509,4.293424,4.151362,4.275384,21365500
2012-07-24,4.295679,4.329504,4.200971,4.237051,19547500
2012-07-25,4.284405,4.331759,4.228031,4.284405,17749100
2012-07-26,4.343033,4.376857,4.284404,4.343033,20628300
2012-07-27,4.385878,4.550489,4.354308,4.548234,37700800
2012-07-30,4.523429,4.579803,4.467055,4.579803,22857600
2012-07-31,4.579803,4.579803,4.381367,4.397152,38115700
2012-08-01,4.397152,4.49186,4.306955,4.469311,27655700
2012-08-02,4.408428,4.51892,4.376858,4.419703,25195600
2012-08-03,4.50539,4.570784,4.478331,4.49637,30632200
2012-08-06,4.288915,4.568529,4.246071,4.491861,55497300
2012-08-07,4.543725,4.654218,4.525685,4.566275,35894000
2012-08-08,4.597843,4.780494,4.566274,4.775984,41018800
2012-08-09,4.715099,4.764708,4.667746,4.735394,23850500
2012-08-10,4.715099,4.764708,4.667746,4.735394,23850500
2012-08-13,4.739905,4.800789,4.715101,4.74216,19562400
2012-08-14,4.769219,4.778239,4.692551,4.699316,20059200
2012-08-15,4.685786,4.760199,4.676765,4.746669,27591300
2012-08-16,4.803044,4.854908,4.766965,4.839123,21812100
2012-08-17,4.863929,4.870694,4.807555,4.859419,17505500
2012-08-21,4.929321,4.93383,4.771474,4.789514,30201500
2012-08-22,4.762454,4.857162,4.742159,4.845887,21066100
2012-08-23,4.825592,4.850397,4.766964,4.782748,17024700
2012-08-24,4.757945,4.845888,4.74667,4.78726,23253600
2012-08-27,4.79628,4.823339,4.742161,4.81883,14650800
2012-08-28,4.794024,4.845888,4.794024,4.830103,12603500
2012-08-29,4.845887,4.852652,4.757944,4.782748,19172200
2012-08-30,4.755692,4.794026,4.712848,4.744417,15313800
2012-08-31,4.769219,4.782749,4.667747,4.681276,24108200
2012-09-03,4.683531,4.782748,4.622647,4.654216,10039200
2012-09-04,4.651962,4.676767,4.595588,4.606863,14057800
2012-09-05,4.633923,4.78275,4.579804,4.642943,13349500
2012-09-06,4.660981,4.766963,4.645196,4.735394,18648700
2012-09-10,4.834614,4.857163,4.766965,4.78726,22808700
2012-09-11,4.796278,4.906771,4.791768,4.895496,19003800
2012-09-12,4.918047,4.976675,4.888732,4.958636,27378300
2012-09-13,4.94736,5.199914,4.918045,5.163835,40030600
2012-09-14,5.20217,5.375802,5.19766,5.254034,46359700
2012-09-17,5.224718,5.341976,5.154815,5.247268,30364400
2012-09-18,5.263054,5.285603,5.19766,5.231484,16636100
2012-09-19,5.220209,5.263053,5.107461,5.111971,29299800
2012-09-20,5.082658,5.231484,5.055598,5.18864,21080000
2012-09-21,5.220209,5.242758,5.118736,5.118736,18749000
2012-09-24,5.109717,5.190896,5.084913,5.177366,18096300
2012-09-25,5.177365,5.208934,5.096187,5.111971,25164100
2012-09-26,5.078147,5.145795,5.064617,5.134521,18642400
2012-09-27,5.163837,5.184132,5.116484,5.120993,18188700
2012-09-28,5.084912,5.107462,5.005989,5.044323,18677900
2012-10-01,5.035302,5.150305,5.030792,5.075891,15561200
2012-10-02,5.111971,5.141285,5.037558,5.118736,15631500
2012-10-03,5.132266,5.159326,5.024029,5.037559,22533600
2012-10-04,5.042068,5.089422,4.9654,5.051088,22324900
2012-10-05,5.114227,5.114227,5.00599,5.017264,14597000
2012-10-08,4.98344,5.071383,4.98344,5.044323,13292600
2012-10-09,5.062361,5.096185,5.003733,5.010497,16947700
2012-10-10,5.021773,5.051087,4.974419,4.987949,16063900
2012-10-11,5.021773,5.096187,5.005989,5.073637,21974800
2012-10-15,5.084914,5.152562,5.057854,5.141287,23171500
2012-10-16,5.172857,5.208936,5.082659,5.141287,21716400
2012-10-17,5.127757,5.159326,5.084913,5.107462,27176000
2012-10-18,5.084912,5.107461,5.028538,5.073637,30325000
2012-10-19,5.080403,5.096188,5.010499,5.017264,19987600
2012-10-22,5.035304,5.084913,4.963146,5.017264,19212700
2012-10-23,4.94736,4.954124,4.848142,4.886476,25921300
2012-10-24,4.900004,4.918044,4.825591,4.857161,10921300
2012-10-25,4.895495,4.967654,4.879711,4.904515,11681200
2012-10-26,4.890987,5.053344,4.872948,5.017264,25747300
2012-10-29,4.848143,4.870692,4.773729,4.814319,20295900
2012-10-30,4.825593,4.888732,4.825593,4.854908,8471800
2012-10-31,4.877455,4.89775,4.690294,4.690294,29805900
2012-11-01,4.717356,4.748925,4.663237,4.701571,22638800
2012-11-05,4.651962,4.836868,4.606863,4.789514,22746700
2012-11-06,4.834613,4.915791,4.796279,4.888732,21288700
2012-11-07,4.875202,4.897751,4.744415,4.775984,23550600
2012-11-08,4.780494,4.814319,4.622648,4.647452,22965500
2012-11-09,4.633921,4.760199,4.627157,4.685785,20890300
2012-11-12,4.69706,4.726374,4.579802,4.609117,16831600
2012-11-13,4.60912,4.660983,4.548236,4.615884,25641500
2012-11-14,4.575295,4.631669,4.433233,4.464802,28281900
2012-11-16,4.435486,4.4648,4.248325,4.29117,33874400
2012-11-19,4.383622,4.424211,4.313718,4.313718,22437000
2012-11-21,4.390388,4.410683,4.198718,4.198718,32393400
2012-11-22,4.241561,4.27313,4.160383,4.205482,16757000
2012-11-23,4.205481,4.329504,4.171657,4.322739,19514100
2012-11-26,4.31372,4.31372,4.216757,4.243816,18004000
2012-11-27,4.266365,4.349798,4.140088,4.173912,31833300
2012-11-28,4.158128,4.261855,4.137833,4.205482,25941300
2012-11-29,4.284405,4.318229,4.225776,4.318229,26702100
2012-11-30,4.304698,4.347543,4.173911,4.207736,37179700
2012-12-03,4.257346,4.293425,4.219011,4.284405,21174100
2012-12-04,4.293426,4.315975,4.221267,4.243816,24541800
2012-12-05,4.284405,4.28666,4.225776,4.270875,16822600
2012-12-06,4.266364,4.279894,4.216755,4.216755,21476900
2012-12-07,4.232541,4.338523,4.207736,4.302444,17573000
2012-12-10,4.293425,4.442251,4.270875,4.412937,23131600
2012-12-11,4.435487,4.507645,4.421957,4.507645,27429800
2012-12-12,4.494115,4.521174,4.437741,4.476075,34706800
2012-12-13,4.449016,4.471565,4.385878,4.412937,32701400
2012-12-14,4.417448,4.573039,4.403918,4.557254,44756300
2012-12-17,4.52794,4.54147,4.464801,4.491861,28421900
2012-12-18,4.478331,4.568529,4.476076,4.548234,24685000
2012-12-19,4.600098,4.73314,4.600098,4.719611,48430400
2012-12-20,4.70608,4.773728,4.651961,4.746669,25639600
2012-12-21,4.658726,4.676766,4.597842,4.665491,29390200
2012-12-26,4.631666,4.663235,4.509899,4.523428,24075000
2012-12-27,4.523428,4.548233,4.363327,4.376857,29298500
2012-12-28,4.397152,4.426467,4.352053,4.401662,28368600
2013-01-02,4.507646,4.557254,4.439997,4.439997,30182600
2013-01-03,4.467056,4.600098,4.442252,4.600098,30552600
2013-01-04,4.584314,4.649708,4.548235,4.606863,36141000
2013-01-07,4.618138,4.660982,4.498626,4.52794,28069600
2013-01-08,4.534704,4.561763,4.388132,4.397152,29091300
2013-01-09,4.428721,4.480585,4.388132,4.437741,24361100
2013-01-10,4.458036,4.521174,4.406172,4.471566,17526200
2013-01-11,4.476075,4.51892,4.442251,4.48284,18223600
2013-01-14,4.512154,4.564018,4.439996,4.446761,28302400
2013-01-15,4.512155,4.564019,4.439997,4.469311,29633900
2013-01-16,4.485094,4.485094,4.419701,4.47382,16787800
2013-01-17,4.478332,4.494116,4.419703,4.444507,19719600
2013-01-18,4.464801,4.485095,4.406173,4.415192,18913900
2013-01-21,4.412937,4.419702,4.345289,4.372348,18086200
2013-01-22,4.379113,4.421957,4.336269,4.415192,23535100
2013-01-23,4.379112,4.426465,4.336267,4.408426,17200800
2013-01-24,4.367838,4.453526,4.367838,4.421957,19612600
2013-01-28,4.449014,4.467053,4.345286,4.367836,20122600
2013-01-29,4.363328,4.367838,4.248326,4.309209,27097900
2013-01-30,4.282151,4.282151,4.097245,4.10401,66985800
2013-01-31,4.117538,4.133323,4.03636,4.076949,33246400
2013-02-01,4.090478,4.205481,4.085969,4.162637,28860400
2013-02-04,4.094989,4.137833,4.034105,4.058909,32294300
2013-02-05,3.896553,4.124303,3.892043,4.076949,77332900
2013-02-06,4.043125,4.05891,3.952927,3.968712,30886100
2013-02-07,4.002536,4.0544,3.905574,3.946163,37066400
2013-02-08,3.957439,4.009303,3.919104,4.000283,31068100
2013-02-13,4.047634,4.058909,3.998025,4.01381,22328200
2013-02-14,4.011556,4.03636,3.964202,3.984497,25902900
2013-02-15,3.970966,4.011555,3.952927,3.975476,25001600
2013-02-18,3.977732,4.047636,3.950673,4.036361,20291600
2013-02-19,4.038615,4.099499,4.034105,4.08146,28822000
2013-02-20,4.08146,4.08146,3.957437,3.973222,25939500
2013-02-21,3.939397,3.961946,3.878513,3.905573,30382300
2013-02-22,3.948418,3.948418,3.83567,3.867239,30901800
2013-02-25,3.84469,3.855965,3.799592,3.822141,30504000
2013-02-26,3.783806,3.801845,3.727432,3.774786,33405100
2013-02-27,3.786061,3.828905,3.752236,3.79057,28607500
2013-02-28,3.779296,3.799591,3.731942,3.745472,27829200
2013-03-01,3.720668,3.837925,3.698118,3.810866,31519900
2013-03-04,3.792825,3.855963,3.716156,3.720666,35543300
2013-03-05,3.749981,3.779296,3.713902,3.734196,31669900
2013-03-06,3.968712,4.119794,3.883024,4.070185,73898000
2013-03-07,4.128813,4.415192,4.128813,4.27313,62419400
2013-03-08,4.237051,4.356563,4.094989,4.142343,30589700
2013-03-11,4.124303,4.277639,4.04087,4.26862,25088800
2013-03-12,4.250581,4.315975,4.200972,4.225777,26135700
2013-03-13,4.24156,4.329504,4.223521,4.228031,31665300
2013-03-14,4.279894,4.370092,4.194207,4.349798,27172500
2013-03-15,4.374604,4.408428,4.286661,4.304701,43819400
2013-03-18,4.261854,4.363327,4.248325,4.329503,40451100
2013-03-19,4.261856,4.363329,4.246072,4.306955,33822900
2013-03-20,4.29568,4.320484,4.212247,4.250581,27636600
2013-03-21,4.221268,4.252837,4.169404,4.178424,21978600
2013-03-22,4.182932,4.219012,4.162638,4.200972,16137700
2013-03-25,4.223522,4.243817,4.153619,4.191953,24340200
2013-03-26,4.223522,4.257347,4.167149,4.191953,15781800
2013-03-27,4.194208,4.196463,4.137835,4.153619,13305100
2013-04-01,4.119794,4.144598,4.06342,4.065675,15544900
2013-04-02,4.119794,4.144598,3.984497,3.991262,20565900
2013-04-03,3.986751,4.063419,3.986751,4.058909,15685100
2013-04-04,4.047635,4.106264,3.991262,3.993516,19446600
2013-04-05,3.964201,4.038614,3.957436,4.01381,17060000
2013-04-08,4.027342,4.038616,3.910084,3.916849,21977500
2013-04-09,3.941654,4.115285,3.941654,4.092735,30757500
2013-04-10,4.106265,4.205483,4.097246,4.153619,31780200
2013-04-11,4.164892,4.178422,4.029596,4.056655,22207700
2013-04-12,4.04538,4.076949,3.952927,4.04989,27398100
2013-04-15,3.991262,4.020576,3.860475,3.885279,35788600
2013-04-16,3.939398,4.002537,3.930378,3.991262,23747400
2013-04-17,3.932632,3.968711,3.828904,3.871748,39388400
2013-04-18,3.905574,4.045381,3.860475,4.018321,28503000
2013-04-19,4.092734,4.167147,4.047635,4.146852,38352400
2013-04-22,4.142343,4.237051,4.097244,4.237051,24193100
2013-04-23,4.21901,4.401661,4.207735,4.311463,34735500
2013-04-24,4.297935,4.433232,4.28666,4.383623,33313000
2013-04-25,4.390387,4.439996,4.315974,4.322739,35164600
2013-04-29,4.509899,4.640686,4.496369,4.604607,70739800
2013-04-30,4.606952,4.712455,4.557717,4.71011,45900400
2013-05-02,4.653844,4.836715,4.653844,4.747624,33746700
2013-05-03,4.80389,4.843747,4.66322,4.681976,43006300
2013-05-06,4.691353,4.775756,4.646808,4.766377,31141800
2013-05-07,4.78279,4.862503,4.754656,4.83437,26392200
2013-05-08,4.864847,4.881259,4.740589,4.757,24409000
2013-05-09,4.747623,4.810924,4.710111,4.759345,22864300
2013-05-10,4.726522,4.780446,4.62102,4.679632,22031200
2013-05-13,4.644464,4.653843,4.543651,4.56944,21577600
2013-05-14,4.578817,4.613985,4.513171,4.583506,30643700
2013-05-15,4.571785,4.604608,4.531929,4.588197,21869300
2013-05-16,4.576474,4.707766,4.562407,4.630398,25067200
2013-05-17,4.66791,4.700732,4.639776,4.66322,19040100
2013-05-20,4.667909,4.747622,4.585851,4.7359,30571700
2013-05-21,4.733557,4.778102,4.684322,4.747624,23442000
2013-05-22,4.752312,4.78279,4.613986,4.670254,35008900
2013-05-23,4.583507,4.656187,4.567096,4.656187,33324000
2013-05-24,4.66322,4.726522,4.639775,4.71011,37019600
2013-05-27,4.691354,4.724177,4.670254,4.672598,5829800
2013-05-28,4.726521,4.768722,4.691353,4.698387,27705200
2013-05-29,4.670253,4.705421,4.642119,4.653842,24961000
2013-05-31,4.65853,4.773411,4.642118,4.703075,35298900
2013-06-03,4.714799,4.792168,4.674943,4.757,30659400
2013-06-04,4.796857,4.799202,4.679632,4.705422,24447600
2013-06-05,4.689011,4.71949,4.529585,4.55303,32247700
2013-06-06,4.562406,4.583506,4.473315,4.562406,27173200
2013-06-07,4.442837,4.517861,4.388913,4.417048,38700300
2013-06-10,4.417046,4.482693,4.414702,4.426424,20083800
2013-06-11,4.372503,4.405327,4.274034,4.344369,32153800
2013-06-12,4.377191,4.407669,4.234176,4.248243,37220900
2013-06-13,4.243555,4.459249,4.206043,4.40767,31233400
2013-06-14,4.372502,4.421737,4.220109,4.302167,38201000
2013-06-17,4.32561,4.344366,4.210729,4.241208,24946300
2013-06-18,4.208387,4.238866,4.131019,4.180253,31790400
2013-06-19,4.194319,4.208387,4.020826,4.032549,39085200
2013-06-20,3.962213,4.048959,3.868432,3.959868,63934700
2013-06-21,3.969247,3.969247,3.844988,3.847332,42577100
2013-06-24,3.744174,3.80982,3.650394,3.730107,40535500
2013-06-25,3.774653,3.842643,3.720729,3.774653,32074100
2013-06-26,3.784031,3.854366,3.769964,3.786376,29858400
2013-06-27,3.802786,3.891878,3.791064,3.840298,26451400
2013-06-28,3.833266,3.833266,3.737141,3.791065,33968700
2013-07-01,3.833265,3.833265,3.737141,3.779342,22732600
2013-07-02,3.76293,3.809821,3.542547,3.608193,55953200
2013-07-03,3.573026,3.746519,3.551925,3.727763,50191800
2013-07-04,3.774654,3.791065,3.723075,3.741831,23818500
2013-07-05,3.706662,3.709007,3.50269,3.551925,49067400
2013-07-08,3.563647,3.598815,3.509724,3.516757,22430900
2013-07-10,3.558959,3.619916,3.530825,3.57537,20890800
2013-07-11,3.638672,3.711351,3.57537,3.69494,34049700
2013-07-12,3.671494,3.732451,3.580058,3.61757,23796600
2013-07-15,3.622261,3.678529,3.598816,3.633983,20392700
2013-07-16,3.666806,3.704318,3.626949,3.692595,21047000
2013-07-17,3.730107,3.798098,3.720729,3.765275,29311200
2013-07-18,3.751208,3.819198,3.730107,3.774653,23440300
2013-07-19,3.767619,3.774653,3.71604,3.746519,18711400
2013-07-22,3.744174,3.866088,3.727762,3.821543,25517000
2013-07-23,3.847332,3.905945,3.840299,3.847332,25271000
2013-07-24,3.837955,3.880156,3.786375,3.842643,24012400
2013-07-25,3.807475,3.957523,3.800441,3.948145,37212500
2013-07-29,3.983314,3.999726,3.898912,3.910635,17729600
2013-07-30,3.93408,3.943458,3.835611,3.859056,22635200
2013-07-31,3.828576,3.868433,3.791064,3.819198,23703200
2013-08-01,3.915324,3.995037,3.891879,3.971592,31759700
2013-08-02,3.95518,3.995037,3.912979,3.941113,17726400
2013-08-05,3.931735,3.95518,3.877812,3.903601,15018300
2013-08-06,3.910636,3.915325,3.774654,3.816855,25592100
2013-08-07,3.81451,3.859055,3.774653,3.809821,17681900
2013-08-08,3.833266,3.950491,3.798098,3.903601,25830400
2013-08-09,3.924702,4.013793,3.873123,4.004415,31884100
2013-08-12,4.055994,4.140397,3.8614,3.891879,54624200
2013-08-13,3.903602,3.905946,3.791065,3.837956,34946200
2013-08-14,3.835611,3.98566,3.8192,3.973937,53853000
2013-08-15,3.915324,4.210731,3.90829,4.180253,81143700
2013-08-16,4.16384,4.234175,4.084127,4.168529,37711200
2013-08-19,4.091162,4.227143,4.070061,4.180253,49861800
2013-08-20,4.152118,4.184942,4.011448,4.016137,30368900
2013-08-21,4.00207,4.16853,3.995037,4.065372,43315900
2013-08-22,4.173219,4.306857,4.133363,4.281067,52679300
2013-08-23,4.248243,4.358435,4.248243,4.349057,32500500
2013-08-26,4.337335,4.381881,4.259966,4.264656,17906800
2013-08-27,4.208387,4.231832,4.091162,4.091162,29023800
2013-08-28,4.105229,4.161497,4.00676,4.023171,30051100
2013-08-29,4.060684,4.098196,3.950492,3.962214,24162000
2013-08-30,4.060683,4.098195,3.873123,3.983315,38933500
2013-09-02,4.020827,4.039583,3.952837,3.962214,19051300
2013-09-03,3.959868,4.016136,3.910634,3.934079,31474500
2013-09-04,3.898912,3.971592,3.882501,3.950491,36993600
2013-09-05,3.952835,4.175563,3.948146,4.112262,47992900
2013-09-06,4.17322,4.22011,4.093506,4.163842,30863700
2013-09-09,4.166185,4.271688,4.166185,4.259965,29932300
2013-09-10,4.278721,4.346712,4.259965,4.299822,29063300
2013-09-11,4.288101,4.346713,4.236521,4.278722,27324600
2013-09-12,4.259967,4.31389,4.161498,4.184943,47880700
2013-09-13,4.184942,4.283411,4.173219,4.250587,18359900
2013-09-16,4.320923,4.388914,4.259966,4.325613,33961100
2013-09-17,4.358436,4.360781,4.290445,4.344369,18948400
2013-09-18,4.316233,4.454559,4.25762,4.431114,30957700
2013-09-19,4.445181,4.527239,4.398292,4.492072,24470200
2013-09-20,4.475661,4.496761,4.402981,4.440493,18955300
2013-09-23,4.47566,4.506138,4.402981,4.489727,13990200
2013-09-24,4.475659,4.506138,4.395946,4.400635,18969200
2013-09-25,4.391259,4.435804,4.365469,4.40767,17152400
2013-09-26,4.41236,4.41236,4.342025,4.358436,18168900
2013-09-27,4.353747,4.41236,4.323269,4.332647,19065700
2013-09-30,4.353745,4.463937,4.299821,4.304511,32326800
2013-10-01,4.344367,4.381879,4.306855,4.374846,15455100
2013-10-02,4.356091,4.417048,4.346713,4.402981,10870500
2013-10-03,4.407669,4.414703,4.320922,4.346712,18453900
2013-10-04,4.311545,4.379536,4.236521,4.377191,27996700
2013-10-07,4.353747,4.414704,4.337335,4.365469,18500000
2013-10-08,4.374846,4.400636,4.266999,4.292789,23379200
2013-10-09,4.313888,4.327955,4.213075,4.23652,19516400
2013-10-10,4.281067,4.302167,4.222454,4.255277,22821900
2013-10-11,4.255276,4.292789,4.217764,4.243554,18833200
2013-10-14,4.234176,4.295133,4.206042,4.283411,21569300
2013-10-15,4.299823,4.332646,4.262311,4.318579,27224300
2013-10-16,4.330301,4.372502,4.257621,4.302167,35018800
2013-10-17,4.283411,4.344368,4.257622,4.269344,26905100
2013-10-18,4.271688,4.311545,4.180253,4.206042,28111800
2013-10-21,4.217763,4.449869,4.152117,4.426424,51907400
2013-10-22,4.445181,4.468627,4.339679,4.349057,32733500
2013-10-23,4.349056,4.419391,4.269343,4.297477,21433300
2013-10-24,4.304511,4.353746,4.229487,4.276377,22513200
2013-10-25,4.274032,4.391257,4.266999,4.334989,30298000
2013-10-28,4.553029,4.665565,4.456904,4.66322,73626100
2013-10-29,4.62102,4.679632,4.531929,4.618676,33394100
2013-10-30,4.649154,4.714801,4.492072,4.677289,54345800
2013-10-31,4.679631,4.820302,4.653842,4.757,41785200
2013-11-01,4.717144,4.771068,4.646809,4.656187,43494000
2013-11-04,4.686666,4.754656,4.677288,4.740589,20508100
2013-11-05,4.757002,4.785136,4.700734,4.747624,30093900
2013-11-06,4.757001,4.785135,4.707767,4.785135,21824900
2013-11-07,4.752313,4.836715,4.667911,4.689011,20998800
2013-11-08,4.677288,4.705421,4.59523,4.604608,28408100
2013-11-11,4.609296,4.717144,4.571784,4.71011,22190300
2013-11-12,4.703076,4.747622,4.560061,4.583506,24586900
2013-11-13,4.583507,4.686665,4.513172,4.674943,31361100
2013-11-14,4.689011,4.806237,4.679633,4.794514,24679800
2013-11-18,4.806235,5.026619,4.796857,5.026619,45214900
2013-11-19,4.993796,5.010208,4.890638,4.949251,42654300
2013-11-21,4.806234,4.953938,4.780445,4.900014,35845800
2013-11-22,4.864848,4.970351,4.839059,4.846092,23810600
2013-11-25,4.883604,4.911739,4.76169,4.773413,17132300
2013-11-26,4.665564,4.698387,4.473315,4.473315,38515500
2013-11-27,4.503795,4.538962,4.410014,4.447526,29298900
2013-11-28,4.442836,4.506138,4.349056,4.374846,28872500
2013-11-29,4.42877,4.545995,4.400636,4.482694,37804300
2013-12-02,4.187286,4.236521,4.067717,4.070061,78353000
2013-12-03,4.091161,4.191974,3.99738,4.105228,45735400
2013-12-04,4.163842,4.163842,4.072406,4.093506,27512500
2013-12-05,4.163841,4.180253,4.072406,4.133362,25337400
2013-12-06,4.156808,4.16853,4.02786,4.039582,32578300
2013-12-09,4.060683,4.09585,4.013793,4.091162,13696800
2013-12-10,4.070062,4.093507,4.046617,4.055995,14608900
2013-12-11,4.051304,4.065371,3.920011,3.934079,21615100
2013-12-12,3.95049,3.990347,3.912978,3.952835,21980300
2013-12-13,3.983314,4.041926,3.964558,4.037237,28058000
2013-12-16,4.044271,4.102884,4.004415,4.065372,32498700
2013-12-17,4.034894,4.067717,3.938769,3.938769,29001000
2013-12-18,3.973935,4.025514,3.945801,3.948145,22817200
2013-12-19,4.013794,4.05365,3.955181,4.044272,17906300
2013-12-20,4.044272,4.05365,3.938769,3.964559,26875500
2013-12-23,3.990348,4.025516,3.955181,3.999726,11520400
2013-12-26,4.020827,4.030205,3.95987,3.966903,15294800
2013-12-27,3.985658,3.990347,3.943457,3.969247,15114200
2013-12-30,3.973937,4.044272,3.973937,4.004415,10598500
2014-01-02,4.020826,4.032548,3.9036,3.927046,17284800
2014-01-03,3.924701,3.934079,3.847332,3.868433,17837600
2014-01-06,3.856712,3.901257,3.788721,3.896569,20526500
2014-01-07,3.9036,3.945801,3.779342,3.788719,19052500
2014-01-08,3.814509,3.842643,3.784031,3.795753,15874600
2014-01-09,3.795754,3.819199,3.669151,3.680873,25871700
2014-01-10,3.69494,3.821543,3.671495,3.744175,30221300
2014-01-13,3.753553,3.776998,3.666806,3.697285,21660900
2014-01-14,3.683218,3.72073,3.662117,3.680873,16339200
2014-01-15,3.701974,3.786376,3.678529,3.760587,25748600
2014-01-16,3.760586,3.795754,3.650394,3.655083,32946000
2014-01-17,3.685561,3.697284,3.622259,3.636327,22865900
2014-01-20,3.622262,3.659774,3.549583,3.558961,17725000
2014-01-21,3.596471,3.596471,3.589438,3.596471,19893400
2014-01-22,3.615227,3.727764,3.58006,3.713697,44870600
2014-01-23,3.673839,3.730107,3.624605,3.626949,24150400
2014-01-24,3.605849,3.619916,3.512069,3.540203,27964100
2014-01-27,3.565992,3.584748,3.526135,3.542547,20818700
2014-01-28,3.601159,3.619915,3.521446,3.52848,22373700
2014-01-29,3.530824,3.54958,3.446422,3.469867,25561100
2014-01-30,3.488623,3.540202,3.43001,3.446422,25607800
2014-01-31,3.432355,3.533169,3.411254,3.446422,49314200
2014-02-03,3.420633,3.430011,3.235417,3.247139,51667600
2014-02-04,3.291685,3.333887,3.228384,3.303408,36400300
2014-02-05,3.317475,3.347953,3.179149,3.242451,39232600
2014-02-06,3.268239,3.366709,3.254172,3.331541,32126900
2014-02-07,3.345609,3.411255,3.319819,3.38781,34263100
2014-02-10,3.366709,3.446422,3.359676,3.425322,29123100
2014-02-11,3.448767,3.533169,3.432356,3.50738,28992000
2014-02-12,3.535514,3.540203,3.465179,3.50738,23713700
2014-02-13,3.465178,3.476901,3.385465,3.425322,28201900
2014-02-14,3.448768,3.448768,3.392499,3.418289,27084100
2014-02-17,3.434699,3.446422,3.354987,3.383121,13181700
2014-02-18,3.380775,3.418287,3.308095,3.308095,31555400
2014-02-19,3.286996,3.329196,3.254172,3.329196,28362700
2014-02-20,3.296374,3.36202,3.277617,3.319818,24473700
2014-02-21,3.329197,3.357331,3.298718,3.317474,18689200
2014-02-24,3.308097,3.415944,3.284652,3.399533,20993900
2014-02-25,3.387809,3.439388,3.308096,3.324508,35828100
2014-02-26,3.329198,3.34092,3.207283,3.211972,45181500
2014-02-27,3.240106,3.305752,3.20025,3.291685,23575900
2014-02-28,3.305753,3.317475,3.183838,3.186183,28318200
2014-03-05,3.211972,3.219005,3.113502,3.115847,15287200
2014-03-06,3.146326,3.216661,3.120537,3.148671,29223600
2014-03-07,3.14867,3.193215,3.097091,3.12288,33482800
2014-03-10,3.111159,3.134604,3.024412,3.050202,39540700
2014-03-11,3.061924,3.087713,3.038479,3.073646,37605100
2014-03-12,3.073646,3.155703,3.066612,3.12288,42963100
2014-03-13,3.139292,3.160393,3.05489,3.05489,22769800
2014-03-14,3.066613,3.075991,2.993933,2.996278,34674800
2014-03-17,3.019723,3.038479,2.942354,2.947043,39457400
2014-03-18,2.963455,3.05958,2.947043,3.040824,45126500
2014-03-19,3.036134,3.172115,3.031445,3.127569,51670900
2014-03-20,3.10178,3.291685,3.085369,3.279963,58253000
2014-03-21,3.153359,3.317474,3.153359,3.286996,49269400
2014-03-24,3.322164,3.383121,3.251828,3.380776,34293400
2014-03-25,3.343264,3.422977,3.312786,3.394843,40256700
2014-03-26,3.411254,3.444077,3.364364,3.376087,29664700
2014-03-27,3.373743,3.652739,3.357332,3.650395,77808100
2014-03-28,3.650393,3.697284,3.563647,3.671494,42344400
2014-03-31,3.683217,3.701973,3.633982,3.699628,28288900
2014-04-01,3.685562,3.71604,3.629294,3.706662,36206100
2014-04-02,3.683217,3.891878,3.680873,3.64805,66007000
2014-04-03,3.890438,3.9205,3.787729,3.857872,56189100
2014-04-04,3.912982,3.935528,3.845344,3.86789,33173500
2014-04-07,3.933024,4.123412,3.933024,4.123412,50400200
2014-04-08,4.208586,4.276224,3.938034,4.005672,69307600
2014-04-09,3.985632,3.993147,3.862881,3.970601,41775400
2014-04-10,3.923004,4.020703,3.895448,3.928014,27907900
2014-04-11,3.890437,4.058279,3.860375,4.055774,42898300
2014-04-14,4.078321,4.098361,3.96559,3.990642,26799700
2014-04-15,3.948055,4.030723,3.790233,3.83783,35870400
2014-04-16,3.905467,3.953064,3.817788,3.953064,28674000
2014-04-17,3.983125,4.158483,3.892941,4.10337,44689200
2014-04-22,4.085836,4.17602,3.968095,3.998157,44896500
2014-04-23,4.000663,4.025714,3.94555,4.018198,22259300
2014-04-24,4.05828,4.090846,3.975611,4.040744,30473600
2014-04-25,3.995651,4.023207,3.920497,4.015692,31426800
2014-04-28,3.99565,4.150967,3.950558,4.148462,31782200
2014-04-29,4.178526,4.28374,4.135939,4.181031,42027100
2014-04-30,4.158482,4.193554,4.105875,4.148462,27166100
2014-05-02,4.145958,4.441561,4.135938,4.434046,52627500
2014-05-05,4.42152,4.451582,4.336346,4.401479,35540000
2014-05-06,4.366407,4.629444,4.336346,4.569321,48256400
2014-05-07,4.54427,4.722133,4.526735,4.654495,44239500
2014-05-08,4.659506,4.709608,4.446571,4.479137,53471600
2014-05-09,4.521725,4.569322,4.408995,4.426531,34395600
2014-05-12,4.496675,4.534251,4.451583,4.516716,20657400
2014-05-13,4.509199,4.609403,4.474127,4.499178,27465400
2014-05-14,4.499179,4.594373,4.471623,4.581848,23462900
2014-05-15,4.551787,4.566817,4.491664,4.516716,20492100
2014-05-16,4.509199,4.601889,4.486653,4.511704,26139800
2014-05-19,4.504189,4.51922,4.464108,4.494169,25935900
2014-05-20,4.48415,4.604395,4.283741,4.333843,54506300
2014-05-21,4.373924,4.464108,4.283741,4.373924,40672100
2014-05-22,4.386448,4.451581,4.343861,4.429035,32321300
2014-05-23,4.403985,4.466612,4.396469,4.434046,18155800
2014-05-26,4.459098,4.486654,4.436552,4.474129,7387500
2014-05-27,4.491663,4.516714,4.361397,4.381438,23285500
2014-05-28,4.396469,4.456592,4.323821,4.434046,22457200
2014-05-29,4.446573,4.459098,4.331338,4.333843,19559700
2014-05-30,4.303781,4.321317,4.163495,4.181031,25975000
2014-06-02,4.208586,4.226122,4.103371,4.145958,26475500
2014-06-03,4.140948,4.248668,4.125917,4.233637,20600300
2014-06-04,4.221111,4.241152,4.138443,4.158484,20905900
2014-06-05,4.18604,4.216101,4.080826,4.088341,23391100
2014-06-06,4.353882,4.429035,4.286244,4.429035,55365700
2014-06-09,4.401478,4.56932,4.353881,4.526733,47362400
2014-06-10,4.51922,4.677042,4.461602,4.677042,35832900
2014-06-11,4.684556,4.749688,4.584351,4.729648,48370800
2014-06-13,4.667019,4.777244,4.66201,4.757204,28004000
2014-06-16,4.759711,4.792277,4.669526,4.694578,30910300
2014-06-17,4.672032,4.679547,4.559302,4.589363,18040600
2014-06-18,4.611909,4.767226,4.571827,4.759711,43019700
2014-06-20,4.67203,4.757204,4.654494,4.684556,22486300
2014-06-23,4.697083,4.697083,4.584352,4.584352,14243200
2014-06-24,4.581848,4.732154,4.381439,4.419015,53971000
2014-06-25,4.308792,4.451584,4.291256,4.331338,48346300
2014-06-26,4.376428,4.401479,4.261193,4.338851,23470100
2014-06-27,4.321316,4.356387,4.283739,4.30879,16716300
2014-06-30,4.348874,4.396471,4.268711,4.331338,20962900
2014-07-01,4.346367,4.371418,4.238647,4.306285,22945200
2014-07-02,4.306285,4.341357,4.251173,4.28875,28670600
2014-07-03,4.233637,4.391459,4.221112,4.388954,26634700
2014-07-04,4.366407,4.396468,4.346367,4.383943,9431900
2014-07-07,4.361397,4.368913,4.293759,4.338851,18701200
2014-07-08,4.348871,4.363902,4.301274,4.341356,11504900
2014-07-10,4.454087,4.551786,4.414005,4.536756,35913600
2014-07-11,4.526734,4.589362,4.459096,4.569321,20928900
2014-07-14,4.629445,4.804803,4.614415,4.784762,70399100
2014-07-15,4.784761,4.852399,4.717123,4.824842,43433200
2014-07-16,4.84739,4.85741,4.779752,4.837369,27591400
2014-07-17,4.809812,4.99018,4.789771,4.899996,57411200
2014-07-18,5.213136,5.228167,5.047798,5.140488,90435000
2014-07-21,5.117941,5.265743,5.075354,5.245702,44723800
2014-07-22,5.23568,5.318349,5.150506,5.273257,62443400
2014-07-23,5.150509,5.195601,5.052809,5.07285,42981200
2014-07-24,5.100404,5.120445,4.997695,5.087878,37644700
2014-07-25,5.11293,5.153012,5.080364,5.132971,25149900
2014-07-28,5.153011,5.160527,5.032766,5.047797,24552600
2014-07-29,5.035273,5.040284,4.899997,4.915028,38234000
2014-07-30,4.935068,5.022746,4.917532,4.972644,28062900
2014-07-31,4.910018,4.922543,4.762216,4.784762,36467700
2014-08-01,4.762216,4.812318,4.689568,4.759711,30658500
2014-08-04,4.797286,4.899995,4.727143,4.89749,22501200
2014-08-05,4.874945,5.032767,4.834863,4.935068,53674100
2014-08-06,4.970138,5.145496,4.927551,5.087878,72879400
2014-08-07,5.160527,5.183073,4.980159,5.047797,54256300
2014-08-08,4.96012,4.975151,4.822339,4.837369,41930500
2014-08-11,4.852399,5.060323,4.814822,5.045292,35596700
2014-08-12,5.032765,5.082868,4.9025,4.927551,30507300
2014-08-13,4.947594,4.992686,4.634455,4.682052,100212700
2014-08-14,4.679546,4.772235,4.591867,4.659505,45332400
2014-08-15,4.734658,5.035272,4.734658,5.025251,63042700
2014-08-18,5.148003,5.193095,4.96513,5.110426,66860700
2014-08-19,5.062829,5.258228,5.052809,5.238187,43132900
2014-08-20,5.21063,5.383483,5.188084,5.350917,54453400
2014-08-21,5.323361,5.428576,5.278269,5.335886,40823700
2014-08-22,5.295803,5.340896,5.193094,5.240691,34438300
2014-08-25,5.315845,5.52878,5.290794,5.521265,45475600
2014-08-26,5.518759,5.641509,5.456131,5.471162,52291300
2014-08-27,5.548819,5.814361,5.486192,5.721672,73536500
2014-08-28,5.684095,5.844422,5.649024,5.721672,57631800
2014-08-29,5.799331,5.909556,5.66155,5.851938,56848900
2014-09-01,5.99974,6.160067,5.927092,5.969679,40238800
2014-09-02,6.012265,6.237724,5.861958,6.152551,67713100
2014-09-03,6.222694,6.232715,5.912061,5.99974,60151400
2014-09-04,5.784301,6.012266,5.686602,5.709148,66914600
2014-09-05,5.699127,5.836908,5.618963,5.716662,54256100
2014-09-08,5.86697,5.932103,5.385989,5.436091,79759300
2014-09-09,5.388493,5.558841,5.290794,5.380978,71764400
2014-09-10,5.300815,5.380978,5.160529,5.248208,61903500
2014-09-11,5.305824,5.443605,5.260732,5.313339,51526700
2014-09-12,5.228166,5.260732,4.972644,5.045292,82475400
2014-09-15,5.072849,5.175559,5.025252,5.155518,53328400
2014-09-16,5.200611,5.606439,5.185581,5.398515,99328900
2014-09-17,5.593911,5.644014,5.476171,5.541304,54823000
2014-09-18,5.473666,5.541304,5.305824,5.33338,57148100
2014-09-19,5.260733,5.355927,5.183075,5.238187,37077100
2014-09-22,5.122952,5.160529,4.930059,5.158024,66535200
2014-09-23,5.035273,5.260732,4.98517,5.042788,54737800
2014-09-24,4.997696,5.163033,4.97014,5.067839,38247100
2014-09-25,5.082868,5.110424,4.967633,4.970138,26626600
2014-09-26,4.98517,5.320855,4.960119,5.245702,43234500
2014-09-29,4.76472,4.822337,4.644474,4.659505,94418600
2014-09-30,4.631948,4.67203,4.44657,4.531744,81971800
2014-10-01,4.434045,4.474127,4.261192,4.281233,79170700
2014-10-02,4.358894,4.439057,4.223618,4.333843,65399500
2014-10-03,4.408995,4.639465,4.318811,4.596879,61990800
2014-10-06,5.385988,5.385988,5.032767,5.10792,114738800
2014-10-07,5.223156,5.458636,5.170548,5.313339,87446800
2014-10-08,5.461142,5.473668,5.012727,5.223156,104638500
2014-10-09,5.33338,5.486192,5.295803,5.310834,82449700
2014-10-10,5.022747,5.022747,5.022747,5.022747,64882800
2014-10-13,5.350917,5.616459,5.288289,5.54381,85183400
2014-10-14,5.41104,5.41104,5.41104,5.41104,80844400
2014-10-15,5.160527,5.23067,4.915026,5.047797,120546300
2014-10-16,4.762216,4.884966,4.649485,4.672031,97275600
2014-10-17,4.8524,4.892482,4.672032,4.782257,69545700
2014-10-20,4.739668,4.757204,4.476632,4.489157,70794896
2014-10-21,4.233637,4.233637,4.233637,4.233637,105185600
2014-10-22,4.21109,4.321315,4.10337,4.160988,62049400
2014-10-23,4.100865,4.120906,3.860375,3.885426,110386000
2014-10-24,3.958076,4.231133,3.887933,4.163495,100322000
2014-10-27,3.507155,3.654956,3.447032,3.637421,215365600
2014-10-28,3.732616,3.777708,3.664978,3.765182,95132900
2014-10-29,3.700048,3.705058,3.507154,3.512165,89851000
2014-10-30,3.657461,3.680007,3.50966,3.587318,75048900
2014-10-31,3.652451,3.827809,3.599844,3.827809,47932400
2014-11-03,3.747645,3.782716,3.644935,3.720089,44102700
2014-11-04,3.757667,3.765182,3.599845,3.712574,45408900
2014-11-05,3.632409,3.662471,3.589823,3.607358,37011900
2014-11-06,3.577298,3.577298,3.452042,3.522185,55337600
2014-11-07,3.569783,3.664977,3.38691,3.574794,77503900
2014-11-10,3.582308,3.599844,3.487114,3.502145,35611800
2014-11-11,3.459557,3.527195,3.424486,3.507154,24268300
2014-11-12,3.499639,3.629904,3.464567,3.53471,30597500
2014-11-13,3.587318,3.599844,3.404445,3.40695,36046700
2014-11-14,3.231592,3.339312,3.219067,3.306745,52848800
2014-11-17,3.27418,3.319272,3.136399,3.15644,47504600
2014-11-18,3.196521,3.219067,3.006132,3.118862,60893000
2014-11-19,3.106337,3.249129,3.083791,3.201531,48829400
2014-11-21,3.259149,3.614875,3.259149,3.582308,66584900
2014-11-24,3.662471,3.822798,3.527195,3.559762,70349100
2014-11-25,3.61738,3.74013,3.469578,3.544732,82863900
2014-11-26,3.549742,3.549742,3.549742,3.549742,35604600
2014-11-27,3.557257,3.662472,3.339313,3.366869,54672700
2014-11-28,3.369373,3.39693,3.206541,3.216562,46109000
2014-12-01,3.118863,3.141409,3.058741,3.086297,698950612
2014-12-02,3.131389,3.14642,3.028679,3.04872,482364084
2014-12-03,3.071266,3.206542,3.05874,3.183995,39791800
2014-12-04,3.204036,3.204036,3.048719,3.07377,36498300
2014-12-05,3.086296,3.098822,3.018658,3.051225,60072900
2014-12-08,3.04371,3.04371,2.858332,2.883383,44385600
2014-12-09,2.780673,2.863341,2.708024,2.860836,69233104
2014-12-10,2.8433,2.845805,2.710529,2.72556,51653800
2014-12-11,2.73057,2.765642,2.585274,2.662932,64604800
2014-12-12,2.667943,2.677964,2.532667,2.552708,46321800
2014-12-15,2.557718,2.577759,2.257105,2.26963,100442600
2014-12-16,2.154395,2.48507,2.144375,2.347289,92073400
2014-12-17,2.379855,2.470039,2.347289,2.37234,90951200
2014-12-18,2.477555,2.59279,2.349794,2.397391,88693200
2014-12-19,2.492585,2.5001,2.397391,2.462523,64103300
2014-12-22,2.48006,2.5978,2.432463,2.5978,53678500
2014-12-23,2.5978,2.753117,2.552708,2.733076,45011000
2014-12-26,2.723055,2.725561,2.557718,2.585274,27059500
2014-12-29,2.542687,2.640386,2.520141,2.575253,24392000
2014-12-30,2.545192,2.592789,2.507615,2.512625,27623700
2015-01-02,2.502606,2.502606,2.342279,2.344784,49559500
2015-01-05,2.289671,2.302197,2.136859,2.144375,78385100
2015-01-06,2.181951,2.212012,2.014108,2.074231,84723300
2015-01-07,2.144375,2.186962,2.094273,2.171931,85531000
2015-01-08,2.201992,2.352299,2.189466,2.312217,83306300
2015-01-09,2.304701,2.38236,2.237064,2.38236,50813100
2015-01-12,2.322237,2.399896,2.201992,2.214518,58728900
2015-01-13,2.229548,2.352298,2.217022,2.277145,65834800
2015-01-14,2.224538,2.244579,2.164416,2.232054,55736500
2015-01-15,2.2546,2.352299,2.222033,2.332258,80907800
2015-01-16,2.369834,2.412421,2.314722,2.364824,56978300
2015-01-19,2.342278,2.389875,2.292176,2.297186,30873100
2015-01-20,2.404907,2.467534,2.292176,2.332258,72842900
2015-01-21,2.36733,2.485071,2.334764,2.48006,48003500
2015-01-22,2.530161,2.620345,2.497595,2.562727,74782400
2015-01-23,2.532667,2.60782,2.47505,2.500101,43659400
2015-01-26,2.452503,2.497595,2.419937,2.462523,33202100
2015-01-27,2.434967,2.5978,2.38737,2.540182,58750400
2015-01-28,2.362319,2.389876,2.242074,2.282156,106337900
2015-01-29,2.267126,2.274641,2.089263,2.171931,111506300
2015-01-30,2.054191,2.089262,2.024129,2.079242,87497200
2015-02-02,2.119324,2.201993,2.036655,2.201993,57585100
2015-02-03,2.257105,2.505111,2.257105,2.497595,98061700
2015-02-04,2.580263,2.700509,2.394885,2.51012,117595000
2015-02-05,2.470039,2.577759,2.429957,2.462523,78992700
2015-02-06,2.455008,2.457513,2.222033,2.284661,117747100
2015-02-09,2.204498,2.37234,2.184457,2.354804,72534200
2015-02-10,2.309712,2.455008,2.227043,2.232054,75478700
2015-02-11,2.239568,2.302196,2.207002,2.27464,48681100
2015-02-12,2.342278,2.389875,2.322237,2.367329,61706000
2015-02-13,2.424947,2.530161,2.419936,2.512625,72282500
2015-02-18,2.545193,2.590285,2.507616,2.515132,42896700
2015-02-19,2.495091,2.497596,2.417432,2.432463,38492400
2015-02-20,2.460018,2.480059,2.38737,2.414926,35272700
2015-02-23,2.392381,2.402401,2.352299,2.379855,41168500
2015-02-24,2.417433,2.48006,2.402402,2.48006,48578000
2015-02-25,2.279651,2.354804,2.2546,2.354804,96303900
2015-02-26,2.354804,2.384865,2.294681,2.312217,44179900
2015-02-27,2.329753,2.414927,2.279651,2.392381,46969600
2015-03-02,2.364825,2.432463,2.322238,2.359814,38009000
2015-03-03,2.427452,2.455009,2.384865,2.397391,42133600
2015-03-04,2.357309,2.367329,2.307207,2.322237,48308500
2015-03-05,2.332258,2.349794,2.294682,2.314723,52913800
2015-03-06,2.304702,2.342279,2.297187,2.317228,27181900
2015-03-09,2.287166,2.299691,2.229548,2.234558,37625700
2015-03-10,2.212012,2.249589,2.131849,2.134354,72090500
2015-03-11,2.17193,2.212012,2.149384,2.189466,44035300
2015-03-12,2.247085,2.274641,2.114314,2.121829,63029900
2015-03-13,2.066716,2.101788,2.04417,2.089262,72933500
2015-03-16,2.126838,2.129343,2.051685,2.101787,53380500
2015-03-17,2.091768,2.237064,2.084252,2.219528,63896300
2015-03-18,2.217023,2.327248,2.171931,2.304702,65324600
2015-03-19,2.299691,2.312217,2.217023,2.234558,42857200
2015-03-20,2.274641,2.342279,2.244579,2.309712,65339300
2015-03-23,2.329753,2.364824,2.304701,2.337268,34124600
2015-03-24,2.347289,2.36733,2.309712,2.359814,36392400
2015-03-25,2.417432,2.477555,2.38737,2.455009,84659600
2015-03-26,2.485069,2.49509,2.332258,2.337268,58862000
2015-03-27,2.329753,2.407412,2.297187,2.344784,51152500
2015-03-30,2.379856,2.442484,2.359815,2.432463,33372200
2015-03-31,2.399896,2.48507,2.37234,2.419937,46908300
2015-04-01,2.487575,2.5978,2.472544,2.570244,59374600
2015-04-02,2.547698,2.685479,2.547698,2.677963,69001800
2015-04-06,2.705519,2.753116,2.675458,2.682973,45227600
2015-04-07,2.655417,2.745601,2.620346,2.735581,61721500
2015-04-08,2.780673,2.83829,2.627861,2.647902,73904600
2015-04-09,2.680468,2.905929,2.650407,2.900918,79280800
2015-04-10,2.885887,2.988597,2.823259,2.958535,70021600
2015-04-13,2.998617,3.194015,2.981081,3.07377,104809600
2015-04-14,3.173975,3.191511,2.998618,3.121368,87127100
2015-04-15,3.18149,3.351838,3.123873,3.341817,103042800
2015-04-16,3.319272,3.339313,3.136399,3.251634,109852700
2015-04-17,3.158943,3.316765,3.136398,3.244117,71274400
2015-04-20,3.314261,3.351838,3.261654,3.274179,52514600
2015-04-22,3.304241,3.329292,3.17147,3.256644,65914800
2015-04-23,3.081286,3.321776,2.978576,3.224077,182613700
2015-04-24,3.304241,3.452043,3.296726,3.311757,106143700
2015-04-27,3.244117,3.286704,3.133892,3.136398,53111300
2015-04-28,3.196521,3.224077,3.06876,3.199026,60884300
2015-04-29,3.15143,3.239109,3.138904,3.211552,35821900
2015-04-30,3.214057,3.29422,3.206542,3.271675,48515300
2015-05-04,3.334303,3.469579,3.331798,3.454548,55651100
2015-05-05,3.432001,3.659966,3.424486,3.614874,76329800
2015-05-06,3.695039,3.745141,3.399435,3.454548,72197500
2015-05-07,3.457053,3.519681,3.339313,3.421982,44978900
2015-05-08,3.517175,3.529701,3.346828,3.384404,43687900
2015-05-11,3.426991,3.464568,3.364363,3.449537,28040500
2015-05-12,3.432002,3.522186,3.414466,3.439517,30765100
2015-05-13,3.474588,3.539721,3.444527,3.502145,45346800
2015-05-14,3.532207,3.564773,3.447033,3.482105,49457700
2015-05-15,3.487114,3.537217,3.409456,3.517176,54224100
2015-05-18,3.667482,3.669987,3.38691,3.432002,82200400
2015-05-19,3.394426,3.404447,3.204038,3.229089,70521100
2015-05-20,3.196521,3.286705,3.163954,3.216562,43164900
2015-05-21,3.221573,3.38691,3.221573,3.376889,53682900
2015-05-22,3.386909,3.419476,3.236603,3.274179,53753700
2015-05-25,3.251633,3.259149,3.1865,3.214056,24377600
2015-05-26,3.206541,3.221572,3.096317,3.103832,44844200
2015-05-27,3.131389,3.171471,3.078782,3.141409,47223300
2015-05-28,3.123873,3.211552,3.106337,3.168965,96419400
2015-05-29,3.183995,3.201531,3.081286,3.088801,75971600
2015-06-01,3.113852,3.168964,3.06876,3.096316,40498000
2015-06-02,3.143914,3.244118,3.123873,3.226583,47041600
2015-06-03,3.246623,3.281695,3.1865,3.204036,90062100
2015-06-05,3.15143,3.201532,3.111348,3.148924,36719100
2015-06-08,3.158945,3.199027,3.123873,3.148924,23667600
2015-06-09,3.158945,3.299231,3.148924,3.256644,88228800
2015-06-10,3.331797,3.366868,3.236602,3.276684,45583600
2015-06-11,3.289211,3.291716,3.219068,3.281696,35341600
2015-06-12,3.221573,3.266665,3.214057,3.261655,30067700
2015-06-15,3.249129,3.27919,3.231593,3.25915,31713200
2015-06-16,3.266664,3.376889,3.234098,3.351838,49988000
2015-06-17,3.3819,3.404446,3.286705,3.291716,40920200
2015-06-18,3.326787,3.369374,3.29422,3.369374,26832100
2015-06-19,3.334301,3.366868,3.281694,3.294219,36247800
2015-06-22,3.331796,3.349332,3.289209,3.299229,22567300
2015-06-23,3.324283,3.364364,3.244119,3.249129,48007400
2015-06-24,3.271675,3.344323,3.26917,3.311757,39613200
2015-06-25,3.314262,3.316767,3.136399,3.15644,48369000
2015-06-26,3.17147,3.309251,3.16646,3.309251,34536800
2015-06-29,3.256644,3.404446,3.16145,3.219068,63175500
2015-06-30,3.231593,3.254139,3.168965,3.178986,32876500
2015-07-01,3.20654,3.219066,3.008637,3.046213,62627200
2015-07-02,3.093812,3.138903,3.046214,3.093812,37421500
2015-07-03,3.06876,3.083791,2.925969,2.94601,31574500
2015-07-06,2.883383,2.938495,2.825765,2.883383,51206800
2015-07-07,2.845806,2.968556,2.71053,2.948515,72452800
2015-07-08,2.910938,3.003628,2.83829,2.870857,44001500
2015-07-10,2.981081,3.001122,2.943505,2.958535,30885900
2015-07-13,2.973566,2.988597,2.900918,2.953526,29585400
2015-07-14,2.928474,3.026174,2.900918,3.003628,37058500
2015-07-15,2.996112,3.021163,2.935989,2.95102,33375100
2015-07-16,2.978577,3.003628,2.961041,3.003628,26442500
2015-07-17,2.961041,2.981082,2.853321,2.858331,39929900
2015-07-20,2.870857,2.890897,2.692994,2.703014,48763200
2015-07-21,2.733076,2.815745,2.655418,2.687984,40357600
2015-07-22,2.657922,2.685479,2.587779,2.595295,30155200
2015-07-23,2.560223,2.645397,2.535172,2.535172,50696500
2015-07-24,2.547697,2.562728,2.444988,2.512625,45143700
2015-07-27,2.495091,2.502606,2.379855,2.379855,54768800
2015-07-28,2.427452,2.560223,2.407411,2.51012,72306100
2015-07-29,2.507615,2.698004,2.482564,2.680468,88194700
2015-07-30,2.713035,2.738086,2.565233,2.610325,47498400
2015-07-31,2.625356,2.680469,2.585275,2.627861,37462200
2015-08-03,2.595294,2.60782,2.492585,2.512625,41499600
2015-08-04,2.540182,2.61784,2.530162,2.545192,30786900
2015-08-05,2.60782,2.642892,2.507616,2.507616,43759700
2015-08-06,2.470039,2.60281,2.439978,2.590284,60293400
2015-08-07,2.567737,2.642891,2.424946,2.427451,65832700
2015-08-10,2.457513,2.512625,2.39739,2.502605,51017800
2015-08-11,2.452504,2.500101,2.37234,2.500101,45648700
2015-08-12,2.455009,2.507616,2.422442,2.460019,40039100
2015-08-13,2.482565,2.497596,2.379855,2.379855,31405700
2015-08-14,2.407411,2.424947,2.329752,2.329752,28018600
2015-08-17,2.304702,2.344784,2.284661,2.292176,33125100
2015-08-18,2.26963,2.304701,2.209507,2.252094,38013600
2015-08-19,2.242073,2.267125,2.16191,2.189466,37036000
2015-08-20,2.164416,2.244579,2.144375,2.176941,38857700
2015-08-21,2.154395,2.164416,2.076737,2.079242,39848800
2015-08-24,1.943966,2.046675,1.886348,1.976532,70881000
2015-08-25,2.02914,2.061706,1.966512,1.966512,58283200
2015-08-26,2.021624,2.036655,1.966512,2.036655,43893300
2015-08-27,2.066716,2.237064,2.061706,2.234558,66820200
2015-08-28,2.171932,2.3523,2.156901,2.259611,77260900
2015-08-31,2.181951,2.327247,2.134354,2.302196,76576400
2015-09-01,2.191971,2.277145,2.139364,2.151889,52756400
2015-09-02,2.191972,2.214518,2.086757,2.209508,56050600
2015-09-03,2.237064,2.307207,2.139365,2.194477,56645400
2015-09-04,2.154395,2.194477,2.131849,2.131849,35463400
2015-09-08,2.179446,2.201992,2.149384,2.164415,29383000
2015-09-09,2.207002,2.229548,2.094272,2.101787,38706300
2015-09-10,1.979038,2.041665,1.956491,1.996573,62858700
2015-09-11,1.989058,2.001583,1.901379,1.918915,53647300
2015-09-14,1.928935,1.958996,1.868812,1.933945,52851400
2015-09-15,1.91641,1.971522,1.888853,1.91641,35102900
2015-09-16,1.946471,2.064211,1.938956,2.03916,66613400
2015-09-17,2.016614,2.031645,1.969017,1.969017,72887600
2015-09-18,1.941461,1.943966,1.878833,1.903884,68097000
2015-09-21,1.918915,1.923925,1.828731,1.828731,41063600
2015-09-22,1.8137,1.8137,1.70598,1.746062,66720700
2015-09-23,1.743557,1.793659,1.678424,1.708485,64774800
2015-09-24,1.655878,1.788649,1.653373,1.743557,56577300
2015-09-25,1.783639,1.80869,1.69596,1.708485,44843100
2015-09-28,1.688445,1.69095,1.613291,1.613291,37466900
2015-09-29,1.638343,1.700971,1.628322,1.650868,52387600
2015-09-30,1.816205,1.81871,1.746062,1.8137,107779500
2015-10-01,1.831236,1.868813,1.751072,1.758588,69296500
2015-10-02,1.751072,1.961502,1.728526,1.946471,88891400
2015-10-05,1.979037,2.03916,1.941461,1.958997,68350300
2015-10-06,1.969017,2.089262,1.964006,2.051685,81259300
2015-10-07,2.13185,2.229549,2.071727,2.121829,116610600
2015-10-08,2.119323,2.214518,2.074231,2.191972,68670000
2015-10-09,2.25961,2.272135,2.149385,2.204497,71885200
2015-10-13,2.094273,2.121829,2.021624,2.036655,56100600
2015-10-14,2.021624,2.061706,1.976532,1.994068,75339100
2015-10-15,2.004088,2.021624,1.92142,2.004088,61444100
2015-10-16,2.001584,2.02413,1.956492,1.991563,42963800
2015-10-19,1.979038,1.994068,1.943966,1.991563,40096200
2015-10-20,2.004088,2.051685,1.996573,2.016614,47938700
2015-10-21,1.991563,2.019119,1.93144,1.941461,45394400
2015-10-22,1.958997,2.031645,1.956492,2.009099,46174500
2015-10-23,2.069221,2.074231,1.989058,2.001583,45715300
2015-10-26,2.016614,2.036655,1.953986,1.966512,35069500
2015-10-27,1.969017,1.969017,1.891359,1.903884,44085700
2015-10-28,1.971522,1.991563,1.969017,1.991563,4630900
2015-10-29,1.896369,1.986553,1.896369,1.906389,41336300
2015-10-30,1.903884,1.948976,1.888854,1.93144,36951300
2015-11-03,1.964007,2.124334,1.946471,2.124334,60306200
2015-11-04,2.149385,2.16692,2.009099,2.024129,55661500
2015-11-05,2.02413,2.046676,1.971522,2.031645,92690300
2015-11-06,2.014109,2.024129,1.936451,1.958997,39680600
2015-11-09,1.961501,1.986552,1.901379,1.981542,36340400
2015-11-10,1.903884,1.92643,1.881338,1.906389,34554300
2015-11-11,1.93144,1.961501,1.913904,1.933945,44596400
2015-11-12,1.933945,1.938955,1.886348,1.898874,41641400
2015-11-13,1.878832,1.893863,1.811194,1.821215,67000600
2015-11-16,1.831237,1.928936,1.831237,1.928936,56587800
2015-11-17,1.953986,1.969017,1.913904,1.943966,52072800
2015-11-18,1.956491,2.011604,1.951481,1.958997,38137700
2015-11-19,1.994068,1.999079,1.908895,1.964007,51878600
2015-11-23,1.979037,2.029139,1.966512,2.024129,47415800
2015-11-24,2.016615,2.129344,1.991563,2.129344,63001700
2015-11-25,2.074232,2.091768,1.979038,1.979038,54732800
2015-11-26,1.991563,2.014109,1.958997,1.984048,21697100
2015-11-27,1.956492,1.969017,1.896369,1.903884,38334200
2015-11-30,1.888854,1.964007,1.858792,1.92142,72764300
2015-12-01,1.92142,1.943966,1.866307,1.876328,35865600
2015-12-02,1.888853,1.901379,1.841256,1.883843,47713500
2015-12-03,2.001583,2.046676,1.951481,1.999078,76680900
2015-12-04,1.996573,1.996573,1.858792,1.883843,63662600
2015-12-07,1.903884,1.906389,1.791154,1.801175,47395000
2015-12-08,1.803679,1.803679,1.741052,1.786144,46590500
2015-12-09,1.838751,1.958997,1.821215,1.91641,82102800
2015-12-10,1.881338,1.896369,1.831236,1.866307,43458400
2015-12-11,1.81871,1.886348,1.806185,1.816205,50750600
2015-12-14,1.791154,1.811195,1.771113,1.806185,33538000
2015-12-15,1.838751,1.871317,1.828731,1.858792,34188900
2015-12-16,1.823721,1.843762,1.776124,1.826226,39840300
2015-12-17,1.841256,1.883843,1.801174,1.803679,43789300
2015-12-18,1.758588,1.778629,1.733537,1.758588,60061600
2015-12-21,1.768608,1.776124,1.658383,1.663394,54032100
2015-12-22,1.693455,1.708486,1.658384,1.700971,40463400
2015-12-23,1.731031,1.763598,1.721011,1.736042,38789700
2015-12-28,1.728526,1.728526,1.665899,1.678424,28617600
2015-12-29,1.70598,1.721011,1.673414,1.675919,22441300
2015-12-30,1.668404,1.693455,1.633332,1.678424,30041600
2016-01-04,1.645858,1.761093,1.640847,1.721011,45962100
2016-01-05,1.733537,1.753578,1.658383,1.673414,29446700
2016-01-06,1.635837,1.638342,1.603271,1.603271,67507200
2016-01-07,1.550663,1.610786,1.523107,1.568199,57387900
2016-01-08,1.598261,1.615797,1.535633,1.570705,52100300
2016-01-11,1.570704,1.57822,1.515592,1.525612,51334000
2016-01-12,1.533127,1.533127,1.380316,1.385326,81627800
2016-01-13,1.427913,1.437934,1.315183,1.320194,70874300
2016-01-14,1.330214,1.425408,1.285122,1.425408,76854200
2016-01-15,1.340234,1.36278,1.292637,1.295142,75571500
2016-01-18,1.300152,1.305163,1.202453,1.202453,46407200
2016-01-19,1.260071,1.265081,1.162371,1.167381,66529300
2016-01-20,1.1273,1.1273,1.067177,1.109764,92914100
2016-01-21,1.094733,1.169887,1.092228,1.1273,87455300
2016-01-22,1.184917,1.194938,1.102249,1.104754,100576600
2016-01-26,1.059662,1.079703,1.032106,1.052147,71933300
2016-01-27,1.057157,1.162371,1.042126,1.144835,79437900
2016-01-28,1.169887,1.285122,1.089723,1.152351,131960900
2016-01-29,1.177402,1.217484,1.13231,1.212474,93013900
2016-02-01,1.187422,1.217484,1.167381,1.182412,51910300
2016-02-02,1.14233,1.164876,1.077198,1.077198,53610300
2016-02-03,1.107259,1.13231,1.057157,1.124794,73786400
2016-02-04,1.142331,1.237525,1.092228,1.184918,91974200
2016-02-05,1.184917,1.197443,1.134815,1.13732,52704500
2016-02-10,1.077198,1.104754,1.072187,1.079703,45747400
2016-02-11,1.052146,1.069682,1.032106,1.059662,59451500
2016-02-12,1.094733,1.129805,1.077197,1.114774,64027200
2016-02-15,1.14233,1.152351,1.13231,1.144835,28490400
2016-02-16,1.1273,1.162371,1.107259,1.112269,80343900
2016-02-17,1.13732,1.207464,1.129805,1.172392,84473100
2016-02-18,1.174897,1.219989,1.139825,1.149846,65026900
2016-02-19,1.1273,1.144835,1.102249,1.117279,56031000
2016-02-22,1.169887,1.262576,1.159866,1.262576,80150300
2016-02-23,1.24003,1.322698,1.207463,1.232514,85037400
2016-02-24,1.194938,1.235019,1.164876,1.219989,75039700
2016-02-25,1.204958,1.272596,1.199948,1.224999,70393700
2016-02-26,1.257565,1.277606,1.209968,1.219989,61396800
2016-02-29,1.272596,1.310173,1.247545,1.287627,84165000
2016-03-01,1.330214,1.345244,1.277606,1.330214,80939200
2016-03-02,1.305162,1.415387,1.290132,1.415387,88545800
2016-03-03,1.645858,1.645858,1.645858,1.645858,186772500
2016-03-04,1.645858,1.979038,1.645858,1.80869,175922100
2016-03-07,1.816206,1.886349,1.741052,1.846267,85041400
2016-03-08,1.846267,1.964007,1.773618,1.871318,137169400
2016-03-09,1.928935,1.948976,1.843762,1.903884,84821900
2016-03-10,1.953987,1.994068,1.831236,1.991563,117672300
2016-03-11,1.989058,2.059201,1.92142,2.026634,92331300
2016-03-14,2.036655,2.054191,1.853782,1.853782,86084700
2016-03-15,1.710991,1.743557,1.643353,1.655878,104913200
2016-03-16,1.630827,1.811195,1.605776,1.811195,85533000
2016-03-17,2.041664,2.051685,1.93144,2.029139,118294200
2016-03-18,2.026635,2.046675,1.933945,2.03415,77182400
2016-03-21,2.024129,2.071726,1.986552,2.019119,65837300
2016-03-22,1.966512,2.049181,1.936451,2.031645,84549700
2016-03-23,1.974027,1.994068,1.918915,1.948976,61437900
2016-03-24,1.886348,2.004088,1.83374,1.956491,52343300
2016-03-28,2.041664,2.124333,1.981542,2.114313,69818700
2016-03-29,2.089262,2.217023,2.051685,2.126838,89050200
2016-03-30,2.179446,2.254599,2.074231,2.114313,90059600
2016-03-31,2.081748,2.081748,2.081748,2.081748,737700
2016-04-01,2.094273,2.094273,2.094273,2.094273,374500
2016-04-04,1.888854,1.888854,1.888854,1.888854,865300
2016-04-05,1.953986,1.953986,1.953986,1.953986,684100
2016-04-06,1.898874,1.898874,1.898874,1.898874,457400
2016-04-07,1.928936,1.928936,1.928936,1.928936,324800
2016-04-08,2.036655,2.089262,2.014109,2.069221,84448200
2016-04-11,2.101787,2.101787,2.101787,2.101787,449600
2016-04-12,2.26462,2.26462,2.26462,2.26462,648900
2016-04-13,2.37735,2.37735,2.37735,2.37735,782300
2016-04-14,2.437473,2.447493,2.284661,2.294682,77355500
2016-04-15,2.317226,2.462523,2.272134,2.427451,95590000
2016-04-18,2.417432,2.434968,2.227044,2.314723,88873100
2016-04-19,2.407411,2.407411,2.407411,2.407411,370500
2016-04-20,2.354804,2.414927,2.339773,2.374845,53295800
2016-04-22,2.334763,2.487575,2.327247,2.442482,63322900
2016-04-25,2.432462,2.480059,2.337268,2.337268,56585400
2016-04-26,2.374845,2.439978,2.339774,2.422442,40460400
2016-04-27,2.467534,2.580264,2.447493,2.567739,86397900
2016-04-28,2.562727,2.640386,2.525151,2.562727,57741500
2016-04-29,2.562727,2.640386,2.507615,2.562727,53931300
2016-05-02,2.567738,2.595294,2.487574,2.547697,48618800
2016-05-03,2.507616,2.527656,2.432462,2.449998,47074700
2016-05-04,2.467533,2.542686,2.467533,2.485069,43389500
2016-05-05,2.575254,2.580264,2.404907,2.457514,65074500
2016-05-06,2.412422,2.537678,2.399896,2.525152,45330900
2016-05-09,2.507616,2.517636,2.214518,2.374845,94688100
2016-05-10,2.460018,2.557717,2.434967,2.557717,53055800
2016-05-11,2.60281,2.630366,2.502606,2.567739,74542300
2016-05-12,2.605315,2.622851,2.452503,2.452503,67229100
2016-05-13,2.487575,2.520142,2.352299,2.369835,70472200
2016-05-16,2.39238,2.467534,2.384865,2.442482,61487700
2016-05-17,2.462524,2.47505,2.369835,2.379855,46379500
2016-05-18,2.332258,2.417431,2.322237,2.334763,51929100
2016-05-19,2.317227,2.317227,2.16692,2.244579,75430200
2016-05-20,2.304701,2.369834,2.229548,2.229548,65173100
2016-05-23,2.14187,2.171931,2.109304,2.129344,51330000
2016-05-24,2.176941,2.217023,2.116818,2.136859,44823400
2016-05-25,2.174436,2.239569,2.15189,2.171931,45512600
2016-05-27,2.129344,2.14688,2.061706,2.061706,47488600
2016-05-30,2.049181,2.159405,2.019119,2.099283,32281900
2016-05-31,2.094273,2.14688,2.014109,2.014109,58662600
2016-06-01,2.026634,2.066716,1.969017,2.04918,45884400
2016-06-02,2.051685,2.106798,2.011603,2.084252,52835100
2016-06-03,2.131849,2.171931,2.116819,2.14688,45595300
2016-06-06,2.179446,2.199487,2.116819,2.119324,37117600
2016-06-07,2.109303,2.184457,2.101788,2.159405,34401600
2016-06-08,2.204497,2.357309,2.204497,2.352299,77194700
2016-06-09,2.324742,2.349793,2.267125,2.299691,46539900
2016-06-10,2.247084,2.252094,2.199487,2.199487,38859900
2016-06-13,2.149385,2.214518,2.134355,2.159405,37094100
2016-06-14,2.154395,2.196982,2.066716,2.079242,66180300
2016-06-15,2.079242,2.176941,2.071727,2.131849,84556900
2016-06-16,2.106798,2.139365,2.074232,2.129344,46834500
2016-06-17,2.191972,2.242074,2.186961,2.242074,63144100
2016-06-20,2.309712,2.347288,2.28466,2.299691,63791500
2016-06-21,2.277146,2.389876,2.239569,2.387371,53703900
2016-06-22,2.407411,2.442482,2.339773,2.339773,61983000
2016-06-23,2.402401,2.429957,2.38236,2.422442,48031300
2016-06-24,2.2546,2.337268,2.234559,2.317228,75974900
2016-06-27,2.309712,2.339773,2.199487,2.199487,58818400
2016-06-28,2.279651,2.324743,2.272136,2.304702,45291700
2016-06-29,2.36232,2.397391,2.334763,2.379855,56093600
2016-06-30,2.359814,2.37735,2.314722,2.359814,43741300
2016-07-01,2.374845,2.467534,2.347289,2.460019,49290800
2016-07-04,2.492585,2.517636,2.452503,2.472544,24505100
2016-07-05,2.417432,2.422442,2.312217,2.327248,69691200
2016-07-06,2.277146,2.384866,2.242074,2.379855,68781500
2016-07-07,2.419936,2.5001,2.384865,2.394885,81610300
2016-07-08,2.467534,2.490079,2.422442,2.465029,42647600
2016-07-11,2.505111,2.5978,2.5001,2.595295,66717300
2016-07-12,2.657923,2.70552,2.650408,2.667943,58174200
2016-07-13,2.622851,2.662932,2.557718,2.662932,64252100
2016-07-14,2.735581,2.750612,2.670448,2.738086,53059500
2016-07-15,2.733076,2.770653,2.71053,2.760632,51223500
2016-07-18,2.748107,2.941,2.723056,2.893403,77358900
2016-07-19,2.883382,2.998617,2.880877,2.95102,53692000
2016-07-20,2.96104,2.981081,2.890897,2.96104,49261200
2016-07-21,2.948516,3.003628,2.938495,2.968557,37748600
2016-07-22,2.966051,2.998617,2.935989,2.991102,33938400
2016-07-25,3.001122,3.06876,2.983586,3.013648,47192000
2016-07-26,2.993608,3.023669,2.968557,2.976072,38304800
2016-07-27,3.003628,3.016154,2.883383,2.883383,51952100
2016-07-28,2.855826,2.893403,2.793198,2.865846,40663100
2016-07-29,2.94601,3.001123,2.908434,2.973567,60740000
2016-08-01,2.988597,2.998617,2.810734,2.818249,52012300
2016-08-02,2.83829,2.910938,2.780673,2.845805,49134600
2016-08-03,2.900918,2.981081,2.83829,2.981081,55695500
2016-08-04,2.988597,3.036194,2.973566,3.008638,63207500
2016-08-05,3.036194,3.04872,2.918454,2.918454,54225900
2016-08-08,2.953525,2.998617,2.930979,2.983587,41552000
2016-08-09,2.986093,3.023669,2.943506,2.976072,33596200
2016-08-10,2.993607,2.998617,2.895907,2.895907,41638400
2016-08-11,2.913444,3.031184,2.905928,3.031184,55881500
2016-08-12,3.018659,3.116358,3.001123,3.006133,71281300
2016-08-15,3.05373,3.098822,3.023668,3.083791,53568000
2016-08-16,3.083792,3.146419,3.041205,3.128883,48218700
2016-08-17,3.123873,3.196522,3.086297,3.196522,46809100
2016-08-18,3.206542,3.264159,3.201531,3.226583,44941100
2016-08-19,3.211551,3.236602,3.18149,3.204036,33360000
2016-08-22,3.163955,3.163955,3.081286,3.093812,43258900
2016-08-23,3.126378,3.221572,3.111347,3.173975,61048000
2016-08-24,3.131388,3.183996,3.098822,3.106337,44694700
2016-08-25,3.111347,3.16646,3.093812,3.138904,40290500
2016-08-26,3.178986,3.231593,3.118863,3.143915,50650500
2016-08-29,3.131388,3.246623,3.118862,3.224077,36990100
2016-08-30,3.266664,3.314261,3.249129,3.27919,51893700
2016-08-31,3.289211,3.311757,3.183996,3.219068,61016100
2016-09-01,3.249129,3.27919,3.196521,3.256644,45370000
2016-09-02,3.311756,3.40194,3.29422,3.399435,57017000
2016-09-05,3.454548,3.489619,3.439517,3.464568,26292200
2016-09-06,3.429496,3.502145,3.389415,3.502145,42086900
2016-09-08,3.524691,3.579803,3.497135,3.562268,42797300
2016-09-09,3.497134,3.512165,3.384404,3.384404,43155300
2016-09-12,3.336808,3.49463,3.324283,3.49463,44141000
2016-09-13,3.432002,3.469579,3.241614,3.25915,64134000
2016-09-14,3.294221,3.346828,3.249129,3.2842,43932500
2016-09-15,3.309251,3.39693,3.296725,3.384404,42169100
2016-09-16,3.341818,3.361859,3.296726,3.296726,44651900
2016-09-19,3.361858,3.391919,3.261654,3.269169,51105500
2016-09-20,3.369374,3.414466,3.339313,3.3819,52063100
2016-09-21,3.406951,3.429497,3.356849,3.421982,61094100
2016-09-22,3.479598,3.5297,3.467073,3.507154,47574500
2016-09-23,3.502144,3.502144,3.391919,3.429496,53264300
2016-09-26,3.404445,3.429496,3.354343,3.356848,35545800
2016-09-27,3.356848,3.356848,3.224077,3.286705,58098200
2016-09-28,3.331797,3.469578,3.286705,3.469578,69032100
2016-09-29,3.457053,3.482104,3.364364,3.364364,53143200
2016-09-30,3.389414,3.449537,3.366868,3.399435,39275000
2016-10-03,3.424486,3.499639,3.41196,3.499639,34444500
2016-10-04,3.502144,3.537216,3.464567,3.512165,39717400
2016-10-05,3.554753,3.667483,3.547237,3.652452,65242200
2016-10-06,3.685019,3.782718,3.662473,3.782718,77003800
2016-10-07,3.815284,3.852861,3.750151,3.822799,71691000
2016-10-10,3.887932,3.950559,3.885426,3.940539,38724300
2016-10-11,3.910477,3.923003,3.830314,3.855365,69314500
2016-10-13,3.805263,3.963085,3.765181,3.948054,58212500
2016-10-14,4.010683,4.080826,4.003167,4.07331,66150000
2016-10-17,4.0683,4.233637,4.025713,4.233637,75002000
2016-10-18,4.311295,4.419015,4.30378,4.363903,76995000
2016-10-19,4.439056,4.456592,4.343862,4.414005,65212400
2016-10-20,4.336349,4.444068,4.313802,4.444068,62901500
2016-10-21,4.42152,4.531744,4.378933,4.496673,47961800
2016-10-24,4.574333,4.61692,4.5092,4.559302,51678900
2016-10-25,4.564311,4.581847,4.43655,4.509199,57674100
2016-10-26,4.434046,4.571827,4.4115,4.53425,51424400
2016-10-27,4.536754,4.631948,4.531744,4.531744,43645900
2016-10-28,4.506692,4.581846,4.496672,4.531744,37689700
2016-10-31,4.516714,4.551786,4.4115,4.43154,42059100
2016-11-01,4.479137,4.479137,4.148463,4.223616,68718800
2016-11-03,4.165999,4.266204,4.040744,4.040744,56998700
2016-11-04,4.125917,4.153474,3.985631,4.005672,61347700
2016-11-07,4.18604,4.311295,4.18604,4.311295,51625300
2016-11-08,4.283739,4.378933,4.191049,4.268708,56241000
2016-11-09,3.9706,4.283739,3.96058,4.171009,111417100
2016-11-10,4.283739,4.30378,3.882921,3.882921,94683900
2016-11-11,3.802757,3.8729,3.492124,3.50966,129811400
2016-11-14,3.457052,3.552247,3.339312,3.507154,86623000
2016-11-16,3.644937,3.747646,3.552248,3.692534,77406600
2016-11-17,3.795243,3.83783,3.579804,3.579804,51535300
2016-11-18,3.599844,3.680007,3.559762,3.637421,55041300
2016-11-21,3.770191,3.902962,3.727604,3.902962,59122000
2016-11-22,3.990642,4.028218,3.820294,3.990642,58636100
2016-11-23,3.938035,4.005673,3.890438,3.970601,42490100
2016-11-24,3.983125,3.983125,3.902962,3.902962,14725000
2016-11-25,3.820294,3.887932,3.770192,3.832819,47630600
2016-11-28,3.807768,3.897953,3.807768,3.872901,38747500
2016-11-29,3.832819,3.85286,3.654956,3.672492,54075900
2016-11-30,3.983125,4.055774,3.910477,4.008176,82547300
2016-12-01,4.008176,4.095855,3.840334,3.86789,66775400
2016-12-02,3.787727,3.985631,3.695038,3.96559,58381500
2016-12-05,4.010682,4.030723,3.895447,3.923003,47586500
2016-12-06,4.008177,4.058279,3.943044,4.045753,63916700
2016-12-07,4.08333,4.090846,3.95056,3.973105,50247400
2016-12-08,4.000662,4.008177,3.887932,3.933024,41104800
2016-12-09,3.978115,3.983125,3.887931,3.902962,37161200
2016-12-12,3.955569,3.995651,3.877911,3.907972,35436700
2016-12-13,3.895447,3.930518,3.85286,3.870396,33455000
2016-12-14,3.865387,3.875407,3.692534,3.692534,44215700
2016-12-15,3.702553,3.735119,3.589823,3.720089,43338800
2016-12-16,3.732614,3.792737,3.697542,3.697542,37876200
2016-12-19,3.727605,3.73011,3.594834,3.597339,39128600
2016-12-20,3.62239,3.654956,3.532206,3.594834,31810000
2016-12-21,3.619885,3.6274,3.517175,3.592329,32856800
2016-12-22,3.622389,3.622389,3.50966,3.50966,42240500
2016-12-23,3.519681,3.594835,3.509661,3.567278,21776900
2016-12-26,3.587318,3.619885,3.574793,3.612369,5734300
2016-12-27,3.632412,3.644937,3.572289,3.609866,14949200
2016-12-28,3.614875,3.710069,3.597339,3.702554,18979900
2016-12-29,3.720089,3.727604,3.63742,3.725099,18090600
2017-01-02,3.667482,3.682512,3.657461,3.672492,7525700
2017-01-03,3.74514,3.920498,3.74514,3.882921,39947800
2017-01-04,3.870396,3.928013,3.835324,3.882921,37071700
2017-01-05,3.933023,3.98563,3.912982,3.945549,47586300
2017-01-06,3.953064,3.988136,3.882921,3.923003,25592000
2017-01-09,3.882921,3.907973,3.840334,3.840334,25599000
2017-01-10,3.907973,3.928014,3.855366,3.877911,26239900
2017-01-11,3.917993,3.928013,3.825304,3.923003,34399300
2017-01-12,4.045754,4.070805,3.983126,3.983126,49890300
2017-01-13,3.95056,3.995652,3.900458,3.928014,34450000
2017-01-16,3.933023,3.945549,3.902962,3.945549,20069600
2017-01-17,3.940538,4.000661,3.938033,3.963084,28663300
2017-01-18,3.958076,3.990642,3.93553,3.95557,24725200
2017-01-19,3.963085,3.978116,3.902963,3.95056,21677600
2017-01-20,3.968095,4.055774,3.960579,4.008176,34863500
2017-01-23,3.993146,4.030723,3.95557,4.005672,25139100
2017-01-24,4.038239,4.115898,4.000663,4.018198,49710600
2017-01-26,4.045754,4.055774,3.958075,3.958075,37391900
2017-01-27,3.940538,3.975609,3.892941,3.912982,23275300
2017-01-30,3.885426,3.890436,3.717584,3.717584,26779500
2017-01-31,3.75516,3.850355,3.732614,3.762676,30807200
2017-02-01,3.822799,3.860375,3.73512,3.762676,35977000
2017-02-02,3.755161,3.827809,3.722594,3.73011,39306700
2017-02-03,3.737625,3.84284,3.700049,3.84284,40213400
2017-02-06,3.852861,3.875407,3.745141,3.747646,29686500
2017-02-07,3.782717,3.797747,3.682512,3.682512,29163900
2017-02-08,3.70005,3.782718,3.574794,3.782718,58912900
2017-02-09,3.802758,3.817788,3.747645,3.770191,33910300
2017-02-10,3.807768,3.915487,3.792737,3.902962,44467000
2017-02-13,3.950558,3.98563,3.895446,3.912982,36439100
2017-02-14,3.943043,3.99565,3.897951,3.963084,34417400
2017-02-15,3.985631,4.020702,3.953065,3.968095,47953300
2017-02-16,3.968095,4.025713,3.945549,3.973105,37276900
2017-02-17,3.943044,3.983125,3.907972,3.910477,24866600
2017-02-20,3.943044,4.003166,3.920497,3.988136,33514000
2017-02-21,4.033229,4.065795,4.018198,4.030724,33685800
2017-02-22,4.008177,4.013187,3.900457,3.933024,45255400
2017-02-23,3.993146,4.033228,3.877911,3.897952,41208700
2017-02-24,3.845347,3.875408,3.782719,3.80276,30412200
2017-03-01,3.885426,3.895447,3.837829,3.887932,25661000
2017-03-02,3.86789,3.870395,3.75516,3.785222,38490800
2017-03-03,3.812779,3.84284,3.767687,3.83783,24516800
2017-03-06,3.785223,3.875407,3.767687,3.782718,23325000
2017-03-07,3.80276,3.852862,3.787729,3.80276,30927300
2017-03-08,3.797748,3.802759,3.644937,3.644937,49300700
2017-03-09,3.592329,3.654956,3.549742,3.63241,46467600
2017-03-10,3.687523,3.727605,3.567277,3.584813,42454600
2017-03-13,3.589823,3.607359,3.547236,3.599844,28295100
2017-03-14,3.524691,3.532207,3.404446,3.404446,67172700
2017-03-15,3.472083,3.557256,3.394424,3.557256,55593200
2017-03-16,3.572287,3.587318,3.426991,3.434506,35362300
2017-03-17,3.459559,3.477094,3.26917,3.296726,81797400
2017-03-20,3.251633,3.424486,3.234097,3.40695,52351600
2017-03-21,3.409456,3.414466,3.211552,3.256644,46384300
2017-03-22,3.306746,3.437012,3.26416,3.421982,62807700
2017-03-23,3.376889,3.462063,3.361858,3.399435,36467200
2017-03-24,3.432002,3.449538,3.341818,3.376889,30084700
2017-03-27,3.316766,3.454547,3.261654,3.449537,32021200
2017-03-28,3.482105,3.534712,3.449538,3.49463,44850600
2017-03-29,3.517175,3.629905,3.489619,3.619884,43051400
2017-03-30,3.644935,3.667481,3.594833,3.619884,32928600
2017-03-31,3.597339,3.669987,3.572288,3.629905,33553000
2017-04-03,3.642431,3.695038,3.639925,3.674997,39427200
2017-04-04,3.674997,3.730109,3.649945,3.720089,24132000
2017-04-05,3.770191,3.797747,3.63241,3.649945,49920900
2017-04-06,3.662472,3.7251,3.61237,3.639926,34602700
2017-04-07,3.659966,3.732614,3.657461,3.682512,33024900
2017-04-10,3.732615,3.742635,3.682513,3.742635,37906000
2017-04-11,3.750151,3.755161,3.644936,3.677502,38593200
2017-04-12,3.657462,3.715079,3.652451,3.669987,42628900
2017-04-13,3.669987,3.680008,3.527196,3.527196,44572600
2017-04-17,3.542227,3.594834,3.49964,3.577298,46459500
2017-04-18,3.544731,3.599844,3.494629,3.532206,45349800
2017-04-19,3.567277,3.577298,3.394425,3.40695,41014100
2017-04-20,3.457053,3.482104,3.414466,3.477093,28227600
2017-04-24,3.53972,3.547235,3.487113,3.514669,27546200
2017-04-25,3.482104,3.592329,3.457053,3.592329,32268100
2017-04-26,3.547236,3.629905,3.507154,3.507154,37045000
2017-04-27,3.50465,3.51467,3.39693,3.439517,29078500
2017-04-28,3.469578,3.532206,3.429496,3.499639,31061200
2017-05-02,3.522186,3.592329,3.469578,3.50465,37830100
2017-05-03,3.517175,3.569782,3.494629,3.547236,38357600
2017-05-04,3.507155,3.507155,3.40194,3.40695,37695400
2017-05-05,3.429496,3.559762,3.42198,3.559762,32788100
2017-05-08,3.539722,3.594834,3.502145,3.527196,36464300
2017-05-09,3.544732,3.567278,3.517176,3.542227,28008600
2017-05-10,3.592329,3.695039,3.584814,3.690029,46271700
2017-05-11,3.727605,3.737626,3.667483,3.712574,29318000
2017-05-12,3.882921,3.902962,3.845345,3.870396,83518200
2017-05-15,3.95056,3.975611,3.920499,3.928014,46914700
2017-05-16,3.95056,3.953065,3.887932,3.933024,34469300
2017-05-17,3.897952,3.938034,3.885426,3.910477,30023400
2017-05-18,3.118862,3.507154,3.118862,3.294219,142924900
2017-05-19,3.444526,3.482103,3.371878,3.41196,70983900
2017-05-22,3.344323,3.384405,3.256644,3.356848,55014900
2017-05-23,3.369374,3.406951,3.351838,3.379394,48520100
2017-05-24,3.444528,3.529701,3.429497,3.519681,54065800
2017-05-25,3.49964,3.554752,3.414466,3.442022,45030800
2017-05-26,3.374384,3.454548,3.356848,3.426991,63326900
2017-05-30,3.394425,3.416972,3.346828,3.346828,34663800
2017-05-31,3.309251,3.334302,3.244118,3.246624,45628800
2017-06-01,3.296726,3.329293,3.211552,3.211552,42873400
2017-06-02,3.204036,3.269169,3.17648,3.269169,43192600
2017-06-05,3.246624,3.316767,3.236604,3.301737,31419400
2017-06-06,3.314262,3.339313,3.26416,3.301737,35558700
2017-06-07,3.326786,3.341817,3.209046,3.224077,44355600
2017-06-08,3.201531,3.246623,3.183995,3.216562,27749200
2017-06-09,3.246624,3.281695,3.214057,3.219068,30382100
2017-06-12,3.249128,3.264159,3.199026,3.231592,30680700
2017-06-13,3.244118,3.261654,3.199026,3.241613,22891000
2017-06-14,3.241612,3.266664,3.158944,3.161449,67382800
2017-06-16,3.151429,3.153934,3.05874,3.076275,73551400
2017-06-19,3.083791,3.123873,3.061245,3.078781,45926200
2017-06-20,3.036194,3.038699,2.94601,2.971061,54014700
2017-06-21,2.993607,3.036194,2.903423,2.915949,58778300
2017-06-22,2.94601,3.016153,2.93599,3.016153,42284600
2017-06-23,3.033689,3.04371,2.973567,2.988597,33601000
2017-06-26,3.031183,3.081285,3.016152,3.07377,42731300
2017-06-27,3.091306,3.126378,3.038699,3.05874,45097600
2017-06-28,3.073772,3.086297,3.008639,3.026175,32077400
2017-06-29,3.071266,3.081286,3.028679,3.051225,24380300
2017-06-30,3.068761,3.126378,3.05373,3.098822,29687600
2017-07-03,3.076275,3.108842,3.061245,3.096316,31542500
2017-07-04,3.091307,3.113853,3.086296,3.113853,12523500
2017-07-05,3.101327,3.136398,3.036194,3.05874,41958400
2017-07-06,3.076276,3.096317,3.026174,3.04872,51976900
2017-07-07,3.0387,3.04872,2.968557,2.988597,42677000
2017-07-10,2.963546,3.008638,2.941,3.001122,21748800
2017-07-11,2.993607,3.118862,2.981081,3.088801,45500900
2017-07-12,3.16646,3.254139,3.133894,3.241613,66332200
2017-07-13,3.246623,3.266664,3.206541,3.224077,32983300
2017-07-14,3.246623,3.271674,3.234097,3.269169,35977500
2017-07-17,3.26416,3.269171,3.224078,3.229089,28118700
2017-07-18,3.256644,3.261654,3.214057,3.241613,19300700
2017-07-19,3.256644,3.324282,3.249129,3.314261,36513700
2017-07-20,3.329293,3.344324,3.26416,3.281696,30114300
2017-07-21,3.256644,3.266665,3.173976,3.178986,38738300
2017-07-24,3.214057,3.236603,3.199026,3.226583,16250400
2017-07-25,3.25915,3.319272,3.25915,3.311757,29930100
2017-07-26,3.331797,3.341818,3.251634,3.271675,29333000
2017-07-27,3.26917,3.299231,3.256644,3.256644,21825900
2017-07-28,3.251634,3.289211,3.234099,3.289211,20980200
2017-07-31,3.311756,3.334302,3.274179,3.329292,31397700
2017-08-01,3.331797,3.336807,3.276684,3.286705,22999400
2017-08-02,3.28921,3.409455,3.276685,3.384404,46342000
2017-08-03,3.399435,3.421981,3.334302,3.334302,31300700
2017-08-04,3.359353,3.376889,3.321777,3.356848,21560500
2017-08-07,3.344323,3.411961,3.339312,3.394425,29832200
2017-08-08,3.381899,3.429496,3.371879,3.379394,28907900
2017-08-09,3.384405,3.409456,3.366869,3.38691,26980300
2017-08-10,3.406951,3.421982,3.294221,3.304241,56194400
2017-08-11,3.291714,3.306745,3.241612,3.244117,43025100
2017-08-14,3.251633,3.311756,3.234097,3.276684,31607400
2017-08-15,3.276684,3.316766,3.269169,3.294219,24737300
2017-08-16,3.331798,3.351839,3.281696,3.289211,44946600
2017-08-17,3.286705,3.321776,3.261654,3.269169,23503300
2017-08-18,3.296725,3.40695,3.296725,3.40695,66263500
2017-08-21,3.41697,3.421981,3.326786,3.341817,40485900
2017-08-22,3.432002,3.474589,3.416971,3.454548,55240700
2017-08-23,3.452042,3.489619,3.419475,3.447032,47679700
2017-08-24,3.452042,3.479599,3.426991,3.457053,32300600
2017-08-25,3.474588,3.492124,3.459558,3.477093,24185600
2017-08-28,3.489619,3.51467,3.447032,3.474588,27208100
2017-08-29,3.447032,3.469578,3.426991,3.469578,27306400
2017-08-30,3.454547,3.482103,3.366868,3.369374,58871700
2017-08-31,3.389415,3.449538,3.374384,3.419476,82909400
2017-09-01,3.469578,3.554751,3.462062,3.512165,60260300
2017-09-04,3.497135,3.552247,3.492124,3.549742,18139300
2017-09-05,3.649947,3.669988,3.564774,3.609866,56476800
2017-09-06,3.669987,3.762676,3.634915,3.762676,68418200
2017-09-08,3.782717,3.795242,3.680007,3.685018,36337400
2017-09-11,3.727605,3.770192,3.710069,3.755161,34915900
2017-09-12,3.752655,3.797747,3.722594,3.725099,49702800
2017-09-13,3.742636,3.782718,3.71007,3.765182,37010200
2017-09-14,3.765181,3.822799,3.762676,3.767686,34413800
2017-09-15,3.775201,3.800253,3.755161,3.767686,47784700
2017-09-18,3.762676,3.805263,3.752655,3.767686,47601200
2017-09-19,3.782717,3.800252,3.737625,3.792737,35822100
2017-09-20,3.820293,3.978115,3.775201,3.97561,80267000
2017-09-21,3.9706,3.998156,3.902962,3.925508,46258800
2017-09-22,3.907973,3.958075,3.865386,3.930519,40928300
2017-09-25,3.95557,3.998157,3.933024,3.968095,36733200
2017-09-26,3.973105,3.983126,3.897952,3.897952,37874200
2017-09-27,3.933024,3.938035,3.785223,3.835325,41819300
2017-09-28,3.850355,3.882922,3.812779,3.84284,33829000
2017-09-29,3.882922,3.887932,3.832819,3.832819,28638300
2017-10-02,3.805264,3.857872,3.772698,3.857872,29826200
2017-10-03,3.907972,4.003166,3.887931,4.003166,50636700
2017-10-04,3.983125,3.993146,3.920498,3.923003,47798600
2017-10-05,3.978116,4.035734,3.970601,3.983126,55361300
2017-10-06,3.923004,3.95056,3.892943,3.930519,41741300
2017-10-09,3.910478,3.980621,3.905468,3.980621,27904700
2017-10-10,4.040743,4.055774,4.010682,4.055774,47066600
2017-10-11,4.050764,4.070805,4.010683,4.028218,40422100
2017-10-13,4.065795,4.080826,4.023208,4.028218,24210000
2017-10-16,4.048258,4.073309,4.008176,4.038238,44699700
2017-10-17,4.043249,4.06329,4.025713,4.040744,25524800
2017-10-18,4.063289,4.07832,4.040743,4.048258,25706200
2017-10-19,4.008177,4.048259,3.983126,4.045753,24672800
2017-10-20,4.055775,4.105877,4.050764,4.06329,32417500
2017-10-23,4.080824,4.080824,4.038237,4.058278,29389900
2017-10-24,4.080826,4.135938,4.038239,4.135938,46249500
2017-10-25,4.140948,4.19105,4.120908,4.188545,37608200
2017-10-26,4.203575,4.231131,4.173514,4.19105,37848300
2017-10-27,4.20107,4.281233,4.171008,4.266203,45640100
2017-10-30,4.251171,4.301274,4.193554,4.203575,55355600
2017-10-31,4.233637,4.246163,4.188545,4.201071,32249000
2017-11-01,4.256183,4.28374,4.228627,4.233637,38876600
2017-11-03,4.248668,4.261194,4.178526,4.243659,32605400
2017-11-06,4.271212,4.368912,4.253677,4.366407,46056100
2017-11-07,4.336346,4.346367,4.133432,4.133432,61098400
2017-11-08,4.181031,4.246164,4.135939,4.246164,41179600
2017-11-09,4.231132,4.243658,4.188545,4.188545,29399400
2017-11-10,4.18604,4.211091,4.135938,4.188545,35959400
2017-11-13,4.181029,4.20107,4.105876,4.168503,28697700
2017-11-14,4.168504,4.168504,3.827809,3.845345,88765600
2017-11-16,3.912982,4.018197,3.87791,3.960579,42703800
2017-11-17,3.988137,4.038239,3.960581,4.013188,38376900
2017-11-21,4.045754,4.085836,3.970601,3.983126,45817800
2017-11-22,4.030722,4.068299,3.990641,4.035733,37444900
2017-11-23,4.003167,4.07331,3.993146,4.055774,15403600
2017-11-24,4.070804,4.100866,4.018197,4.033228,18790700
2017-11-27,4.010682,4.013187,3.953064,3.97561,28445800
2017-11-28,3.990641,4.018198,3.96058,3.968095,30429600
2017-11-29,3.97561,3.988136,3.837829,3.840334,45973000
2017-11-30,3.832819,3.875406,3.75516,3.85286,52811400
2017-12-01,3.842839,3.950559,3.822798,3.910477,42703800
2017-12-04,3.920498,3.958075,3.872901,3.877911,43821500
2017-12-05,3.882922,3.965591,3.810274,3.835325,30228000
2017-12-06,3.812778,3.933023,3.792737,3.887932,39238500
2017-12-07,3.83282,3.880417,3.775202,3.822799,37281400
2017-12-08,3.885427,3.928014,3.845345,3.845345,39584500
2017-12-11,3.877911,3.900457,3.850355,3.85286,21281600
2017-12-12,3.84785,3.880417,3.802759,3.880417,36201200
2017-12-13,3.9205,3.928016,3.785224,3.80276,46828900
2017-12-14,3.782718,3.835325,3.757667,3.760172,37177300
2017-12-15,3.770192,3.817789,3.74514,3.74514,55668300
2017-12-18,3.797748,3.840335,3.790232,3.812778,42760400
2017-12-19,3.802757,3.820293,3.772696,3.792737,22639700
2017-12-20,3.810273,3.832819,3.800253,3.817789,20149700
2017-12-21,3.835325,3.975611,3.832819,3.973105,47219400
2017-12-22,3.945549,3.98062,3.930518,3.945549,18708500
2017-12-26,3.94555,4.005673,3.93052,4.000663,22173100
2017-12-27,4.005671,4.043248,4.003166,4.020702,23552200
2017-12-28,4.033228,4.040743,4.008177,4.033228,19011500
2018-01-02,4.055774,4.145958,4.055774,4.145958,33461800
2018-01-03,4.130928,4.188545,4.100866,4.183535,55940900
2018-01-04,4.203575,4.248667,4.163494,4.19105,37064900
2018-01-05,4.183535,4.223617,4.150969,4.216102,26958200
2018-01-08,4.193555,4.266203,4.186039,4.266203,28400000
2018-01-09,4.266203,4.298769,4.248667,4.266203,35070900
2018-01-10,4.238648,4.271214,4.201072,4.208587,28547700
2018-01-11,4.228627,4.333842,4.218607,4.321316,37921500
2018-01-12,4.26871,4.361399,4.2637,4.333843,45912100
2018-01-15,4.338851,4.368912,4.296264,4.346366,28945400
2018-01-16,4.346367,4.469117,4.333841,4.42152,58618300
2018-01-17,4.489157,4.599382,4.461601,4.599382,58488900
2018-01-18,4.596878,4.64197,4.491664,4.564312,48575800
2018-01-19,4.586858,4.614414,4.516715,4.574333,33470200
2018-01-22,4.574332,4.626939,4.531745,4.626939,33920000
2018-01-23,4.609403,4.624433,4.509199,4.569321,35567700
2018-01-24,4.614414,4.917532,4.614414,4.844884,89768200
2018-01-26,4.915027,5.005211,4.784761,4.992685,81989500
2018-01-29,4.927552,5.022746,4.902501,4.972644,55726200
2018-01-30,4.952605,4.952605,4.849895,4.882462,46203000
2018-01-31,4.945088,4.992686,4.930058,4.935068,41576600
2018-02-01,4.950099,5.165539,4.950099,5.140488,51950200
2018-02-02,5.085374,5.115436,4.972645,5.002706,50657800
2018-02-05,4.922542,5.002705,4.769731,4.769731,62268600
2018-02-06,4.674536,5.007716,4.664516,5.007716,74146500
2018-02-07,5.002706,5.065334,4.849895,4.869936,61910300
2018-02-08,4.89749,4.945087,4.709607,4.772234,51115100
2018-02-09,4.767226,4.857409,4.63696,4.702093,68727600
2018-02-14,4.762216,4.849895,4.749691,4.822339,43402800
2018-02-15,4.884966,4.894987,4.802297,4.859915,31978000
2018-02-16,4.874947,4.905008,4.83737,4.864926,34736300
2018-02-19,4.897491,5.035272,4.897491,5.022747,40925500
2018-02-20,4.98016,5.21564,4.965129,5.120446,67418700
2018-02-21,5.158024,5.230672,5.07285,5.07285,55678400
2018-02-22,5.158024,5.215641,5.145499,5.195601,38170900
2018-02-23,5.248208,5.295805,5.165539,5.290795,55755600
2018-02-26,5.360937,5.433585,5.355926,5.390998,48160500
2018-02-27,5.378473,5.473667,5.345907,5.385988,42912500
2018-02-28,5.418555,5.453627,5.305826,5.375968,66229400
2018-03-01,5.360937,5.375968,5.20061,5.268249,66380900
2018-03-02,5.185578,5.388492,5.137981,5.388492,52682900
2018-03-05,5.383482,5.553829,5.350916,5.541304,54242600
2018-03-06,5.636498,5.669065,5.476172,5.486192,57240800
2018-03-07,5.433585,5.503728,5.353421,5.428575,50956600
2018-03-08,5.473668,5.481183,5.340897,5.436091,36156800
2018-03-09,5.456131,5.608943,5.408534,5.608943,45560000
2018-03-12,5.64652,5.659045,5.568861,5.593912,32363900
2018-03-13,5.623973,5.646519,5.526273,5.538799,34732800
2018-03-14,5.586396,5.621468,5.533789,5.606437,31947600
2018-03-15,5.523768,5.556335,5.33839,5.33839,81097800
2018-03-16,5.378472,5.44611,5.318349,5.368452,57891900
2018-03-19,5.328372,5.350918,5.225662,5.243198,42218400
2018-03-20,5.305824,5.363441,5.288288,5.300814,30106800
2018-03-21,5.323361,5.533791,5.310836,5.52377,53106300
2018-03-22,5.476172,5.521264,5.406029,5.4411,50033300
2018-03-23,5.413544,5.5388,5.393503,5.448616,52815800
2018-03-26,5.528779,5.561346,5.471162,5.518759,30174900
2018-03-27,5.546315,5.556336,5.353422,5.370957,43568100
2018-03-28,5.325865,5.363441,5.258227,5.310834,38539300
2018-03-29,5.325866,5.401019,5.318351,5.363443,34318800
2018-04-02,5.350915,5.375966,5.203114,5.23568,37275000
2018-04-03,5.288287,5.308328,5.175557,5.188083,39245800
2018-04-04,5.087881,5.160529,5.037779,5.105416,58475700
2018-04-05,5.298309,5.343401,5.268248,5.298309,88599000
2018-04-06,5.255722,5.330876,5.218146,5.330876,47908900
2018-04-09,5.368451,5.370957,5.142992,5.142992,44248900
2018-04-10,5.238185,5.388492,5.200609,5.360936,58545100
2018-04-11,5.348413,5.486194,5.343402,5.461143,62378300
2018-04-12,5.458637,5.496213,5.43108,5.43108,36238700
2018-04-13,5.421059,5.44611,5.275763,5.310834,43347800
2018-04-16,5.273258,5.320855,5.160528,5.165538,48474200
2018-04-17,5.18558,5.280774,5.165539,5.268249,36570400
2018-04-18,5.348413,5.478679,5.338392,5.461143,65237400
2018-04-19,5.528778,5.611447,5.493707,5.561345,62475200
2018-04-20,5.526275,5.626479,5.486193,5.601429,61494800
2018-04-23,5.53379,5.631489,5.496213,5.631489,37023300
2018-04-24,5.661549,5.704136,5.56886,5.611447,46710300
2018-04-25,5.513748,5.543809,5.428574,5.443604,68160600
2018-04-26,5.511245,5.669066,5.503729,5.669066,56674700
2018-04-27,5.721675,5.744221,5.676583,5.689108,37858300
2018-04-30,5.694116,5.766765,5.669065,5.754239,23681500
2018-05-02,5.679084,5.744217,5.639002,5.661548,31778100
2018-05-03,5.646519,5.67157,5.503728,5.623973,48855700
2018-05-04,5.623975,5.671572,5.578883,5.578883,33599400
2018-05-07,5.654035,5.804341,5.633994,5.674076,47815100
2018-05-08,5.776785,5.799331,5.64151,5.739209,81198700
2018-05-09,5.836907,6.212674,5.816866,6.207664,118032300
2018-05-10,6.297848,6.636038,6.242736,6.45066,126907200
2018-05-11,6.4707,6.590945,6.367991,6.373001,72996400
2018-05-14,6.47571,6.633532,6.465689,6.573409,66938700
2018-05-15,6.600966,6.738747,6.485731,6.711191,75230200
2018-05-16,6.731232,6.896569,6.723716,6.861497,64486500
2018-05-17,6.851477,6.914105,6.380516,6.500762,112487000
2018-05-18,6.265279,6.555872,6.252754,6.425606,83206900
2018-05-21,6.538339,6.585937,6.247747,6.275302,75971900
2018-05-22,6.227609,6.348095,6.061941,6.202508,88109900
2018-05-23,6.082022,6.144775,5.841051,5.841051,74622500
2018-05-24,5.03279,5.208499,4.932386,5.040321,240343800
2018-05-25,5.1834,5.339028,4.934898,4.97004,131188100
2018-05-28,4.819433,4.819433,4.244615,4.244615,134504900
2018-05-29,4.518217,4.879675,4.417813,4.844533,181509800
2018-05-30,4.616112,5.012711,4.550848,4.764209,125430000
2018-06-01,4.909797,4.957489,3.74008,4.056355,216954700
2018-06-04,4.339999,4.427853,4.279756,4.400242,93547600
2018-06-05,4.357569,4.468014,4.16429,4.16429,67006400
2018-06-06,4.134169,4.186882,3.983562,4.099028,69496800
2018-06-07,4.016192,4.056354,3.74761,3.95595,118752700
2018-06-08,3.968501,4.063886,3.780242,3.827935,91461500
2018-06-11,3.890687,3.965991,3.797813,3.868096,44872500
2018-06-12,3.885668,3.935871,3.825425,3.880648,69592600
2018-06-13,3.870606,3.890687,3.699918,3.807853,72301200
2018-06-14,3.848014,3.903237,3.777731,3.790282,57324600
2018-06-15,3.772711,3.782751,3.632144,3.75765,75239300
2018-06-18,3.707449,3.73757,3.639675,3.639675,47363800
2018-06-19,3.579432,3.94591,3.556841,3.870606,97301500
2018-06-20,3.976032,4.136679,3.965991,4.068906,88397300
2018-06-21,4.038784,4.096516,3.790282,3.790282,67884300
2018-06-22,3.868095,3.935868,3.76769,3.792791,52184500
2018-06-25,3.815383,3.96348,3.780242,3.940889,60347200
2018-06-26,3.991094,4.046317,3.898219,4.026236,59595900
2018-06-27,4.041294,4.262184,4.031253,4.154249,78095000
2018-06-28,4.196921,4.284776,4.099027,4.1668,94960700
2018-06-29,4.229554,4.314898,4.199432,4.314898,75735100
2018-07-02,4.264696,4.387692,4.242105,4.385182,54545600
2018-07-03,4.452954,4.490606,4.38267,4.392711,57456700
2018-07-04,4.362589,4.631173,4.327448,4.420322,54211000
2018-07-05,4.668825,4.719028,4.430364,4.483077,76084700
2018-07-06,4.510688,4.540809,4.430364,4.503158,33878700
2018-07-10,4.603561,4.606071,4.405261,4.455463,70886200
2018-07-11,4.390201,4.538298,4.342509,4.37012,85806300
2018-07-12,4.422834,4.523239,4.397733,4.505668,49397900
2018-07-13,4.515708,4.5634,4.462995,4.545829,44951900
2018-07-16,4.505667,4.513197,4.417812,4.488095,62798900
2018-07-17,4.465505,4.618622,4.445424,4.591011,40884300
2018-07-18,4.580971,4.618623,4.503158,4.530769,40643800
2018-07-19,4.478055,4.618621,4.452953,4.618621,60404900
2018-07-20,4.811902,4.889716,4.751659,4.842024,98035200
2018-07-23,4.844533,4.887205,4.821942,4.834493,35231500
2018-07-24,4.912305,4.987609,4.902265,4.934896,39934600
2018-07-25,4.970038,5.020241,4.922346,5.0102,48759900
2018-07-26,5.007691,5.007691,4.862104,4.872144,48144300
2018-07-27,4.919837,4.972549,4.907286,4.962509,36509400
2018-07-30,5.007691,5.045343,4.944938,4.99263,37053900
2018-07-31,4.924857,4.96753,4.887205,4.949958,38641200
2018-08-01,4.917327,5.022752,4.904777,5.022752,39141700
2018-08-02,5.017731,5.216031,5.007691,5.123156,69008900
2018-08-03,5.371659,5.40931,5.293845,5.298865,86908000
2018-08-06,5.308904,5.389228,5.266232,5.281293,44528300
2018-08-07,5.354088,5.386719,5.163319,5.19846,69136700
2018-08-08,5.223559,5.288822,5.050361,5.055381,58211500
2018-08-09,5.085504,5.108095,4.970038,5.105585,51253100
2018-08-10,5.045343,5.057894,4.859594,4.917327,61789800
2018-08-13,4.894736,5.030283,4.837004,5.030283,58306700
2018-08-14,5.103257,5.110806,4.964855,5.027765,55180600
2018-08-15,4.942208,4.949757,4.79374,4.79374,65651700
2018-08-16,4.861682,4.869231,4.72328,4.768575,51201600
2018-08-17,4.718248,4.745928,4.630174,4.645272,68328400
2018-08-20,4.622626,4.657855,4.552166,4.620109,56315600
2018-08-21,4.597461,4.662887,4.441444,4.459058,68735300
2018-08-22,4.454027,4.625142,4.441445,4.617593,56623700
2018-08-23,4.617594,4.660373,4.499323,4.516938,56284100
2018-08-24,4.617593,4.64024,4.542101,4.605011,37893000
2018-08-27,4.632691,4.720765,4.60501,4.708182,35428000
2018-08-28,4.720765,4.743413,4.615076,4.617593,38079200
2018-08-29,4.655339,4.859167,4.642757,4.85665,71434300
2018-08-30,4.818905,4.917045,4.700634,4.730831,63981900
2018-08-31,4.768577,4.889364,4.758511,4.846585,75767400
2018-09-03,4.778642,4.813871,4.720764,4.781158,25401600
2018-09-04,4.813873,4.828971,4.685537,4.693086,39759800
2018-09-05,4.670437,4.730831,4.587396,4.718249,53967300
2018-09-06,4.778642,4.786192,4.650306,4.778642,54304300
2018-09-10,4.871749,4.932142,4.79374,4.846585,58578100
2018-09-11,4.748445,4.753478,4.637724,4.655338,56495200
2018-09-12,4.733345,4.836518,4.690566,4.768575,59695700
2018-09-13,4.788708,4.813871,4.685535,4.708182,36808700
2018-09-14,4.73083,4.771093,4.650306,4.728314,55756300
2018-09-17,4.688052,4.904463,4.688052,4.881815,71289500
2018-09-18,4.906979,5.095709,4.89943,5.095709,72959100
2018-09-19,5.015183,5.148552,4.990019,5.027765,60563700
2018-09-20,5.098224,5.120872,4.969888,5.000085,56206900
2018-09-21,5.070543,5.108288,5.020215,5.068026,58517300
2018-09-24,5.083126,5.13597,5.012667,5.032798,54332900
2018-09-25,4.957306,5.070543,4.914527,5.052928,54462300
2018-09-26,5.093193,5.108291,5.02525,5.080611,60060800
2018-09-27,5.158619,5.400193,5.151069,5.400193,104177300
2018-09-28,5.317151,5.52098,5.289471,5.307086,91254600
2018-10-01,5.347349,5.375029,5.23411,5.284439,56540400
2018-10-02,5.536079,5.742424,5.510915,5.742424,127231800
2018-10-03,6.353908,6.396686,5.903472,5.986514,152189200
2018-10-04,5.900956,6.170211,5.840562,6.044391,99743300
2018-10-05,6.162661,6.187826,5.9538,6.029292,104693400
2018-10-08,6.779179,6.786728,6.479728,6.693622,188109000
2018-10-09,6.663425,6.794278,6.613098,6.748983,90128800
2018-10-10,6.620646,6.640777,6.454564,6.55522,82688000
2018-10-11,6.681039,6.731368,6.306096,6.363974,119307500
2018-10-15,6.517471,6.572832,6.429397,6.484758,92331900
2018-10-16,6.592966,6.726335,6.565286,6.726335,74144800
2018-10-17,6.65336,6.701171,6.608064,6.655876,80990300
2018-10-18,6.615615,6.628197,6.467147,6.467147,56268900
2018-10-19,6.615611,6.628193,6.467144,6.522504,61858300
2018-10-22,6.610583,6.693624,6.610583,6.676009,63678000
2018-10-23,6.580384,6.663425,6.494827,6.592967,77457300
2018-10-24,6.64581,6.791761,6.462113,6.462113,93377100
2018-10-25,6.587933,6.703687,6.46463,6.623163,79732200
2018-10-26,6.706205,6.945263,6.572836,6.945263,110184900
2018-10-29,6.731369,6.862222,6.53509,6.648328,160890100
2018-10-30,6.718785,7.045917,6.648326,7.045917,107525500
2018-10-31,7.111344,7.128959,6.86977,6.950295,84131500
2018-11-01,6.985525,7.050951,6.821959,6.874803,98037100
2018-11-05,6.920098,7.086181,6.897451,7.086181,60389900
2018-11-06,6.869768,7.121408,6.79176,6.842088,95344400
2018-11-07,6.947779,6.957844,6.608065,6.61813,95817100
2018-11-08,6.74395,6.801827,6.379072,6.379072,119096300
2018-11-09,6.341325,6.472178,6.210472,6.406751,94206400
2018-11-12,6.426883,6.522506,6.363973,6.374038,63162600
2018-11-13,6.371522,6.371522,6.026775,6.099751,112776300
2018-11-14,6.099752,6.33881,6.016711,6.316163,104423900
2018-11-16,6.389137,6.552703,6.333776,6.492309,100628900
2018-11-19,6.431917,6.615614,6.399204,6.542638,79946400
2018-11-21,6.316161,6.411784,6.293514,6.333776,77228100
2018-11-22,6.386832,6.407043,6.333776,6.353988,31253600
2018-11-23,6.227666,6.265562,6.065974,6.156926,77961200
2018-11-26,6.265563,6.313565,6.07608,6.126609,62111600
2018-11-27,6.156927,6.492943,6.131662,6.449993,90759000
2018-11-28,6.442412,6.53589,6.328722,6.412095,92811300
2018-11-29,6.305986,6.442414,6.285775,6.359042,65584300
2018-11-30,6.343884,6.457574,6.333778,6.432309,90874500
2018-12-03,6.644529,6.702638,6.518207,6.553578,90530000
2018-12-04,6.631897,6.652109,6.401991,6.401991,66867500
2018-12-05,6.434833,6.497993,6.303458,6.457571,54183300
2018-12-06,6.313566,6.34641,6.141768,6.212508,99037200
2018-12-07,6.194824,6.434835,6.177139,6.257985,87994700
2018-12-10,6.257983,6.290826,5.921967,5.921967,73871100
2018-12-11,6.043237,6.081134,5.82849,5.884072,64017600
2018-12-12,5.997761,6.038184,5.861334,5.886598,63296400
2018-12-13,5.88407,5.924493,5.800697,5.901755,61946100
2018-12-14,5.831016,5.894177,5.800698,5.823436,45231700
2018-12-17,5.866385,5.879017,5.760274,5.77796,53832000
2018-12-18,5.755223,5.760275,5.55816,5.55816,74740000
2018-12-19,5.684484,5.823437,5.57332,5.621323,171157500
2018-12-20,5.636478,5.639005,5.393941,5.429311,141767000
2018-12-21,5.406574,5.553108,5.368678,5.444471,90384300
2018-12-26,5.380853,5.665706,5.336426,5.665706,77104200
2018-12-27,5.623894,5.744107,5.561174,5.663094,74083700
2018-12-28,5.778079,5.966239,5.770239,5.927039,61634700
2019-01-02,5.893066,6.324266,5.822506,6.287679,104534800
2019-01-03,6.261545,6.486292,6.219732,6.441865,95206400
2019-01-04,6.494131,6.517651,6.394824,6.460157,72119800
2019-01-07,6.494133,6.77376,6.454933,6.56208,121711900
2019-01-08,6.637865,6.643092,6.473225,6.522878,68761800
2019-01-09,6.611731,6.663998,6.572532,6.658772,70177600
2019-01-10,6.601279,6.640479,6.551625,6.601279,54763700
2019-01-11,6.572531,6.582985,6.491518,6.530718,53980700
2019-01-14,6.486292,6.556852,6.444479,6.494133,46577300
2019-01-15,6.488906,6.564693,6.454933,6.488906,53731500
2019-01-16,6.481067,6.5072,6.44448,6.486294,40425000
2019-01-17,6.468001,6.611734,6.449708,6.575148,50359400
2019-01-18,6.648322,6.679681,6.606508,6.637868,67021300
2019-01-21,6.614347,6.67184,6.559467,6.67184,45336500
2019-01-22,6.60128,6.664,6.53856,6.567307,61307000
2019-01-23,6.619572,6.674452,6.575145,6.645705,52931600
2019-01-24,6.637867,6.674454,6.61696,6.674454,40109000
2019-01-28,6.60912,6.67184,6.465387,6.473227,65079900
2019-01-29,6.598665,6.679678,6.562079,6.630025,59419200
2019-01-30,6.745013,6.776373,6.656159,6.69536,62607500
2019-01-31,6.760692,6.784212,6.679679,6.684906,63253600
2019-02-01,6.663998,6.755465,6.630025,6.742398,47957400
2019-02-04,6.752854,6.826027,6.690134,6.802507,53874900
2019-02-05,6.771146,6.820799,6.745012,6.815572,40989100
2019-02-06,6.742399,6.752853,6.616959,6.661386,64527000
2019-02-07,6.690133,6.755467,6.44448,6.556853,55614100
2019-02-08,6.481067,6.606507,6.462773,6.567307,40153900
2019-02-11,6.577759,6.577759,6.413119,6.491519,39617300
2019-02-12,6.61696,6.755467,6.59344,6.721493,72467200
2019-02-13,6.799893,6.849546,6.755466,6.807733,69042200
2019-02-14,6.839093,7.042933,6.794666,7.042933,81125500
2019-02-15,7.019412,7.061225,6.980211,7.014185,63841800
2019-02-18,6.948853,7.00112,6.901813,6.99328,43379000
2019-02-19,7.019413,7.160533,7.014187,7.155306,58041900
2019-02-20,7.186666,7.228479,7.022026,7.066453,55114500
2019-02-21,7.103039,7.184052,7.008959,7.160532,46559400
2019-02-22,7.199733,7.238934,7.089973,7.089973,36602000
2019-02-25,7.055998,7.063839,6.959305,6.977599,54190800
2019-02-26,6.993279,7.092586,6.943626,6.946239,46504200
2019-02-27,7.014186,7.121332,6.959306,7.076906,49131400
2019-02-28,7.24416,7.252,6.951467,7.07168,93065100
2019-03-01,7.092585,7.121332,6.959305,6.977599,41978700
2019-03-06,6.9384,6.99328,6.917493,6.99328,18423400
2019-03-07,7.003733,7.03248,6.922719,6.995893,32835300
2019-03-08,6.922718,6.990665,6.852158,6.969759,49564400
2019-03-11,7.061227,7.25984,7.058613,7.252,66742800
2019-03-12,7.262454,7.30688,7.121334,7.186667,64287300
2019-03-13,7.210186,7.351305,7.191893,7.343466,61057200
2019-03-14,7.356533,7.3696,7.293813,7.366986,42777800
2019-03-15,7.359145,7.419251,7.346078,7.382665,61041100
2019-03-18,7.408799,7.523786,7.385279,7.510719,91920600
2019-03-19,7.539468,7.709335,7.474135,7.630935,69423600
2019-03-20,7.630931,7.735464,7.552531,7.570824,68878000
2019-03-21,7.536852,7.570825,7.296425,7.463678,80121300
2019-03-22,7.301654,7.35392,7.056,7.056,104731100
2019-03-25,7.011572,7.210185,7.008958,7.144852,104772900
2019-03-26,7.249388,7.495042,7.244161,7.481975,91549100
2019-03-27,7.372211,7.372211,7.144852,7.144852,66415400
2019-03-28,7.121333,7.333013,7.042933,7.333013,69412700
2019-03-29,7.434933,7.45584,7.249386,7.333013,51587400
2019-04-01,7.421866,7.427093,7.28336,7.317333,42289800
2019-04-02,7.353921,7.395735,7.280748,7.393122,38460600
2019-04-03,7.45584,7.463679,7.19712,7.19712,55120900
2019-04-04,7.257225,7.440158,7.152692,7.440158,52248100
2019-04-05,7.458453,7.549919,7.372213,7.521173,54708900
2019-04-08,7.594348,7.680588,7.573441,7.644001,55270000
2019-04-09,7.586506,7.641386,7.492426,7.62048,43863700
2019-04-10,7.722399,7.727626,7.521173,7.521173,62005200
2019-04-11,7.500266,7.500266,7.28336,7.317333,56126400
2019-04-12,6.917492,7.048159,6.682292,6.750239,227307600
2019-04-15,6.886136,6.946242,6.677069,6.776376,117567200
2019-04-16,6.781601,7.071681,6.697974,6.982827,95149300
2019-04-17,7.087358,7.144852,6.852158,6.990665,103988400
2019-04-18,7.150081,7.288587,7.121334,7.212801,100942100
2019-04-22,7.236319,7.288585,7.139625,7.170986,45321900
2019-04-23,7.244157,7.317331,7.233704,7.233704,52199500
2019-04-24,7.24416,7.288587,7.11088,7.212801,57704700
2019-04-25,7.1736,7.335627,7.168374,7.265067,55201700
2019-04-26,7.23878,7.262317,7.07664,7.126328,52616600
2019-04-29,7.204786,7.223092,7.149867,7.157713,27689800
2019-04-30,7.19694,7.233552,7.05572,7.089718,39570700
2019-05-02,7.008647,7.013878,6.935423,6.990341,37820300
2019-05-03,7.034797,7.079255,7.021722,7.021722,33334800
2019-05-06,6.901425,7.000802,6.89358,7.000802,31715900
2019-05-07,6.969418,6.972034,6.830815,6.890964,52454400
2019-05-08,6.880505,7.183864,6.875275,7.157713,71780300
2019-05-09,7.087102,7.092332,6.966804,7.016492,46663300
2019-05-10,7.026953,7.040029,6.90927,6.977265,33336000
2019-05-13,6.854352,6.922346,6.75236,6.773282,43146100
2019-05-14,6.843893,6.859584,6.760208,6.799435,34968600
2019-05-15,6.73144,6.770668,6.710519,6.768053,37053900
2019-05-16,6.739286,6.809896,6.600682,6.608528,46502200
2019-05-17,6.550994,6.647755,6.399314,6.454233,67291200
2019-05-20,6.454233,6.673907,6.443772,6.673907,54472000
2019-05-21,6.72098,6.927577,6.647755,6.927577,57846700
2019-05-22,6.914451,6.948577,6.814698,6.901326,48439300
2019-05-23,6.798948,6.804198,6.699196,6.783198,49527400
2019-05-24,6.864574,6.919701,6.806822,6.848824,35915100
2019-05-27,6.903953,6.966955,6.869827,6.888202,33892000
2019-05-28,6.859324,7.035204,6.859324,7.035204,60774600
2019-05-29,6.953828,7.01158,6.893452,6.956453,43124400
2019-05-30,6.959079,7.050957,6.822575,6.864576,71847200
2019-05-31,6.770072,6.896076,6.672944,6.70707,63137200
2019-06-03,6.793697,6.9092,6.785822,6.822573,53470600
2019-06-04,6.901329,6.92233,6.833077,6.877703,37331100
2019-06-05,6.87245,6.901326,6.709695,6.788447,65282100
2019-06-06,6.869826,6.990579,6.751697,6.898702,87836900
2019-06-07,7.006329,7.043079,6.922326,7.024704,52235500
2019-06-10,6.982705,7.058832,6.961705,6.995831,39666800
2019-06-11,7.058831,7.163834,7.011579,7.129708,52437000
2019-06-12,7.092958,7.119208,6.993204,7.048331,43392200
2019-06-13,7.127083,7.190085,7.108708,7.134959,48981600
2019-06-14,7.140209,7.153334,7.061456,7.103457,42802400
2019-06-17,7.108708,7.200586,7.077207,7.116583,49290000
2019-06-18,7.166458,7.22421,7.153333,7.205834,31332800
2019-06-19,7.179585,7.242587,7.145459,7.224212,33286300
2019-06-21,7.337089,7.452592,7.337089,7.423717,58424700
2019-06-24,7.434217,7.449967,7.381716,7.415842,27365000
2019-06-25,7.386965,7.392216,7.187459,7.221586,56472100
2019-06-26,7.232088,7.331841,7.224213,7.263589,48901500
2019-06-27,7.203211,7.232087,7.090333,7.148084,55219200
2019-06-28,7.205835,7.247836,7.116582,7.195334,40262000
2019-07-01,7.308214,7.358091,7.142834,7.15596,46759100
2019-07-02,7.155961,7.155961,6.995831,7.040457,57954200
2019-07-03,7.098208,7.140209,7.058831,7.134959,29291800
2019-07-04,7.187459,7.239961,7.171709,7.190084,28577400
2019-07-05,7.158585,7.242587,7.121834,7.192711,27414700
2019-07-08,7.21896,7.276712,7.20321,7.258337,25318200
2019-07-10,7.350214,7.421092,7.342339,7.36859,50715800
2019-07-11,7.402717,7.484094,7.392217,7.455218,48206900
2019-07-12,7.491968,7.544469,7.457842,7.489343,40908900
2019-07-15,7.505093,7.520843,7.397465,7.397465,36592400
2019-07-16,7.423718,7.436843,7.245213,7.305589,54789300
2019-07-17,7.347591,7.350216,7.255713,7.266214,28923500
2019-07-18,7.287213,7.300338,7.200585,7.221586,35830700
2019-07-19,7.218961,7.245212,7.184835,7.20321,28418900
2019-07-22,7.250461,7.284586,7.182209,7.216334,22304400
2019-07-23,7.221587,7.253087,7.192711,7.224212,21124400
2019-07-24,7.242586,7.255711,7.166458,7.179584,27939600
2019-07-25,7.211087,7.218962,7.037832,7.058832,26892300
2019-07-26,7.035205,7.035205,6.85145,6.86195,75644000
2019-07-29,6.882949,6.940701,6.814697,6.924951,26493300
2019-07-30,6.917078,6.953829,6.872452,6.888202,38201600
2019-07-31,6.927576,6.956452,6.830448,6.846199,39890200
2019-08-01,6.90395,6.972202,6.604691,6.890825,91345800
2019-08-02,6.922327,7.05883,6.898701,6.961703,64112900
2019-08-05,6.772697,6.859324,6.699195,6.70707,48277000
2019-08-06,6.798947,6.88295,6.741196,6.793697,44208100
2019-08-07,6.678195,6.754322,6.562691,6.720196,67698500
2019-08-08,6.85145,6.917077,6.788448,6.917077,50256700
2019-08-09,6.903951,7.00633,6.85145,6.898702,36641500
2019-08-12,6.804197,6.804197,6.704445,6.73332,36122000
2019-08-13,6.70951,6.913229,6.675116,6.823276,45330500
2019-08-14,6.683052,6.7148,6.556058,6.593098,54401100
2019-08-15,6.611619,6.614265,6.386734,6.410545,53894500
2019-08-16,6.540186,6.553415,6.320592,6.325884,56782000
2019-08-19,6.429064,6.481979,6.310008,6.357631,50699300
2019-08-20,6.325883,6.399963,6.265032,6.354986,37141700
2019-08-21,6.442293,6.876189,6.397316,6.733321,87840800
2019-08-22,6.746549,6.804754,6.656595,6.672469,40808800
2019-08-23,6.556059,6.712156,6.410545,6.423774,58032300
2019-08-26,6.503146,6.529603,6.288844,6.339112,39688800
2019-08-27,6.394673,6.566643,6.299427,6.43965,70475200
2019-08-28,6.402611,6.534896,6.381445,6.505793,41981500
2019-08-29,6.587806,6.746548,6.5296,6.746548,61008800
2019-08-30,6.754485,6.796817,6.65924,6.746548,54958200
2019-09-02,6.717447,6.767715,6.680407,6.693635,19049900
2019-09-03,6.643366,6.78888,6.6222,6.773005,47829600
2019-09-04,6.921167,6.976727,6.878836,6.947624,56179000
2019-09-05,7.037576,7.087845,6.968788,6.982016,48586800
2019-09-06,6.984663,7.106365,6.931749,7.016411,48502200
2019-09-09,7.077263,7.148697,7.064035,7.124886,37303000
2019-09-10,7.156632,7.236003,7.085198,7.16986,44109400
2019-09-11,7.236005,7.236005,7.098428,7.109011,51540400
2019-09-12,7.106365,7.180444,7.048159,7.159278,41028300
2019-09-13,7.175154,7.196319,7.095782,7.111656,24709400
2019-09-16,7.439723,7.471471,7.325957,7.423848,167634600
2019-09-17,7.318021,7.341833,7.185736,7.325959,67414800
2019-09-18,7.241297,7.273045,7.201611,7.201611,40567100
2019-09-19,7.362999,7.36829,7.201611,7.220131,42155100
2019-09-20,7.236005,7.25717,7.143405,7.143405,51946900
2019-09-23,7.143405,7.273044,7.122239,7.270399,32643100
2019-09-24,7.254525,7.286274,7.183091,7.214839,36643400
2019-09-25,7.151343,7.236005,7.0852,7.233359,29038400
2019-09-26,7.249233,7.328604,7.204256,7.328604,33705900
2019-09-27,7.288918,7.394747,7.280982,7.318021,31886800
2019-09-30,7.291566,7.312732,7.249235,7.28892,23143400
2019-10-01,7.302148,7.336542,7.238651,7.278337,32423200
2019-10-02,7.201611,7.212194,7.040223,7.069325,51261200
2019-10-03,7.077263,7.093137,6.952915,7.074617,46076300
2019-10-04,7.103722,7.122242,6.950271,7.013768,47951600
2019-10-07,6.976726,7.037577,6.905292,6.923812,26252500
2019-10-08,6.923812,6.995246,6.865606,6.884126,30418900
2019-10-09,6.971434,7.066679,6.91852,7.016411,35141400
2019-10-10,7.034931,7.111657,7.021703,7.074617,31056500
2019-10-11,7.124887,7.238653,7.124887,7.212195,37055300
2019-10-14,7.153988,7.230713,7.127531,7.225421,20809900
2019-10-15,7.225422,7.376227,7.225422,7.302148,30455300
2019-10-16,7.28892,7.40004,7.238652,7.389457,31381300
2019-10-17,7.389455,7.407975,7.299501,7.318021,31405400
2019-10-18,7.378873,7.40533,7.302148,7.302148,36070900
2019-10-21,7.341834,7.357708,7.302148,7.347125,43337700
2019-10-22,7.355063,7.587886,7.347126,7.558783,64228700
2019-10-23,7.548197,7.693711,7.527032,7.659317,45930600
2019-10-24,7.712232,7.738689,7.468827,7.492639,60529900
2019-10-25,7.725461,7.81806,7.675192,7.738689,74476900
2019-10-28,7.730753,7.847164,7.704296,7.83129,37461800
2019-10-29,7.778375,7.921243,7.741335,7.889494,49994200
2019-10-30,7.876265,7.960928,7.796894,7.958282,63001200
2019-10-31,7.900078,8.05882,7.841872,8.0403,67070400
2019-11-01,8.093214,8.262539,7.894786,8.050882,101210200
2019-11-04,8.172584,8.259892,7.926533,8.032362,81023400
2019-11-05,8.045591,8.095859,7.825997,7.844517,92980900
2019-11-06,7.950345,8.122316,7.434433,7.860391,154003100
2019-11-07,7.937118,8.220209,7.815416,8.175232,96329000
2019-11-08,8.056174,8.146128,7.918597,7.942409,61567700
2019-11-11,7.897433,8.056175,7.881559,8.056175,30570500
2019-11-12,8.000491,8.152298,7.992501,7.995164,41655600
2019-11-13,7.976521,8.02446,7.88597,7.963204,41827700
2019-11-14,7.957878,8.016471,7.795419,7.803408,44595200
2019-11-18,7.909941,7.94989,7.742154,7.744818,54468100
2019-11-19,7.790093,7.854012,7.651603,7.664919,33740200
2019-11-21,7.704868,7.94989,7.691551,7.94989,53033100
2019-11-22,7.925921,8.080392,7.872656,7.984513,34786000
2019-11-25,7.968534,8.016473,7.891299,7.917932,29868400
2019-11-26,7.888634,7.91793,7.750144,7.774113,54147800
2019-11-27,7.816724,7.896622,7.760795,7.811397,33072500
2019-11-28,7.808736,7.867329,7.672909,7.864666,46602800
2019-11-29,7.854012,7.872655,7.726175,7.763461,37699000
2019-12-02,7.830041,7.856674,7.742153,7.742153,31353600
2019-12-03,7.768788,7.774115,7.651603,7.718185,29194000
2019-12-04,7.792758,7.899289,7.752808,7.899289,44960000
2019-12-05,7.893963,8.093709,7.862004,8.003158,50447000
2019-12-06,8.029789,8.146973,8.024462,8.083055,44348600
2019-12-09,8.069737,8.117676,8.021799,8.045768,34694100
2019-12-10,8.016471,8.107022,7.963205,8.107022,27532700
2019-12-11,8.125665,8.17893,8.059083,8.096369,38458300
2019-12-12,8.160289,8.269484,8.117677,8.248178,47797800
2019-12-13,8.226872,8.248178,7.955218,7.984513,105004400
2019-12-16,8.003155,8.035114,7.832705,7.832705,68871000
2019-12-17,7.893961,7.963206,7.838032,7.94989,40679900
2019-12-18,7.923257,8.141646,7.909941,8.133657,64201600
2019-12-19,8.109686,8.189585,8.101696,8.152299,39696000
2019-12-20,8.149635,8.149635,7.995165,8.059084,93064900
2019-12-23,8.040441,8.123003,7.997829,8.123003,21970200
2019-12-26,8.146973,8.237524,8.123003,8.232198,24810500
2019-12-27,8.286726,8.348829,8.178721,8.240824,24995100
2019-12-30,8.248922,8.292124,8.140917,8.149017,22111600
2020-01-02,8.23812,8.289423,8.184117,8.289423,37774500
2020-01-03,8.338026,8.435232,8.221921,8.221921,71595600
2020-01-06,8.216521,8.354228,8.086915,8.319126,81844000
2020-01-07,8.321826,8.338026,8.227321,8.286724,32822000
2020-01-08,8.286725,8.308326,8.165218,8.235422,48215600
2020-01-09,8.22732,8.267822,8.167917,8.208419,36102700
2020-01-10,8.205719,8.21922,8.135516,8.173318,25397500
2020-01-13,8.194918,8.216519,8.157116,8.189518,30676800
2020-01-14,8.162518,8.173319,8.038312,8.100415,39796500
2020-01-15,8.073414,8.081515,7.976209,7.978909,34405700
2020-01-16,7.992411,8.019412,7.919507,7.970809,28997400
2020-01-17,8.024811,8.059913,7.976209,8.059913,34908000
2020-01-20,8.019411,8.127417,8.00591,8.100415,31241400
2020-01-21,8.046413,8.084215,7.978909,7.997811,28577400
2020-01-22,8.027511,8.049113,7.903305,7.908706,32491500
2020-01-23,7.8547,8.03561,7.781797,8.005908,53752100
2020-01-24,7.981608,8.041011,7.868202,7.911404,36898700
2020-01-27,7.730495,7.733195,7.471282,7.568487,66105300
2020-01-28,7.676493,7.868202,7.673793,7.776398,47259100
2020-01-29,7.8304,7.852001,7.741296,7.789898,42297500
2020-01-30,7.635992,7.841202,7.60899,7.814201,44266800
2020-01-31,7.730497,7.7872,7.644092,7.681895,55446700
2020-02-03,7.700795,7.757498,7.60359,7.608991,39452800
2020-02-04,7.735896,7.841202,7.711595,7.730496,57658400
2020-02-05,7.843901,7.889803,7.665692,7.665692,67994500
2020-02-06,7.749397,7.968108,7.592789,7.879004,126114000
2020-02-07,7.8304,7.924905,7.757496,7.811499,54514600
2020-02-10,7.800701,7.865504,7.733198,7.865504,45328100
2020-02-11,7.938406,8.000509,7.900604,7.960007,37518200
2020-02-12,8.00321,8.17602,8.00051,8.135517,64851000
2020-02-13,8.038311,8.157117,8.003209,8.02481,55277100
2020-02-14,8.062614,8.089615,7.922207,7.943808,30399900
2020-02-17,8.000511,8.038313,7.914107,7.927608,38684900
2020-02-18,7.846603,8.038313,7.816901,8.032912,33890900
2020-02-19,8.065313,8.248922,8.035612,8.248922,44181800
2020-02-20,8.316426,8.340728,8.032912,8.078815,73522900
2020-02-21,7.968107,8.014009,7.8385,7.868201,47805100
2020-02-26,7.301175,7.39568,7.028461,7.077063,89207100
2020-02-27,6.944756,7.163467,6.720644,6.83135,100112100
2020-02-28,6.793546,6.901551,6.647739,6.842148,89095300
2020-03-02,6.885353,7.222871,6.879953,7.163468,71596400
2020-03-03,7.174268,7.41998,6.955556,7.03386,86855700
2020-03-04,7.266072,7.274172,7.085162,7.260671,42320500
2020-03-05,7.109465,7.201269,6.672042,6.82865,69722300
2020-03-06,6.507334,6.515434,6.088812,6.164416,138597600
2020-03-09,4.808946,4.922352,4.160913,4.333722,254813800
2020-03-10,5.035758,5.035758,4.420127,4.741443,170478000
2020-03-11,4.509232,4.625337,4.050208,4.27972,132482400
2020-03-12,3.688388,3.742391,2.991753,3.402174,151535900
2020-03-13,4.077209,4.158213,3.429175,4.158213,174972600
2020-03-16,3.485878,3.807194,3.388673,3.53448,126432800
2020-03-17,3.672188,3.736992,3.51018,3.51018,149228500
2020-03-18,3.183464,3.313071,2.935051,3.048457,162515200
2020-03-19,2.989053,3.529081,2.92965,3.296869,157065200
2020-03-20,3.539881,3.645186,3.194263,3.240166,149029900
2020-03-23,3.269867,3.288769,3.045756,3.105159,107092400
2020-03-24,3.394074,3.655987,3.31577,3.577683,114259200
2020-03-25,3.574983,3.993504,3.464277,3.866597,158286200
2020-03-26,3.888199,4.10151,3.728891,3.885499,130618400
2020-03-27,3.591184,3.696489,3.577683,3.591184,101405900
2020-03-30,3.550682,3.70999,3.464277,3.612785,110947200
2020-03-31,3.672189,3.926002,3.672189,3.777494,156116500
2020-04-01,3.631686,3.928701,3.596584,3.861197,114455000
2020-04-02,4.158213,4.468728,4.052907,4.187914,234951200
2020-04-03,4.401226,4.417427,4.031307,4.142013,142898700
2020-04-06,4.333722,4.347223,4.09881,4.258118,123934200
2020-04-07,4.484929,4.609135,4.412025,4.428226,140498900
2020-04-08,4.455228,4.733342,4.428226,4.676639,116151600
2020-04-09,4.844048,5.046559,4.455228,4.541633,185771300
2020-04-13,4.541634,4.614537,4.409327,4.571335,93724000
2020-04-14,4.595635,4.671239,4.48493,4.517331,91017200
2020-04-15,4.331022,4.447127,4.282419,4.422826,86749600
2020-04-16,4.501131,4.525432,4.193315,4.244618,115633300
2020-04-17,4.252719,4.355324,4.201416,4.355324,116733000
2020-04-20,4.179814,4.409326,4.142012,4.30672,133739400
2020-04-22,4.279719,4.522731,4.260817,4.522731,114967100
2020-04-23,4.644238,4.706341,4.48763,4.576734,94759000
2020-04-24,4.506531,4.533532,4.125811,4.30672,161188800
2020-04-27,4.358023,4.463329,4.260818,4.441728,85944900
2020-04-28,4.601035,4.657738,4.490329,4.657738,91613600
2020-04-29,4.806246,4.989856,4.733343,4.914252,94528400
2020-04-30,4.854848,4.973655,4.779245,4.873749,80263900
2020-05-04,4.706341,4.757643,4.638837,4.69284,60268400
2020-05-05,4.833248,4.989856,4.825148,4.844049,75043400
2020-05-06,4.825148,4.87645,4.66584,4.66584,67937500
2020-05-07,4.792745,4.825147,4.68474,4.709041,81265100
2020-05-08,4.790045,5.016857,4.781945,4.989855,83232700
2020-05-11,4.941252,5.111361,4.88995,4.90075,65061500
2020-05-12,5.003356,5.08436,4.89535,4.89805,71837200
2020-05-13,4.930451,4.954753,4.730641,4.749542,87222300
2020-05-14,4.698241,4.717142,4.514632,4.698241,119653200
2020-05-15,4.857548,4.911551,4.630736,4.630736,133733100
2020-05-18,4.887251,5.006057,4.838648,5.006057,116999500
2020-05-19,4.997956,5.111362,4.970955,5.043859,80131600
2020-05-20,5.154564,5.249069,5.146463,5.211267,74595100
2020-05-21,5.265269,5.338173,5.149163,5.181565,81327000
2020-05-22,5.07626,5.103261,4.954754,5.041158,71259400
2020-05-25,5.25987,5.281471,5.200467,5.25987,38033000
2020-05-26,5.394877,5.424578,5.219368,5.311172,68716900
2020-05-27,5.346273,5.381375,5.170764,5.381375,74790800
2020-05-28,5.316572,5.421877,5.251769,5.338173,65023000
2020-05-29,5.27877,5.492081,5.211267,5.492081,128832600
2020-06-01,5.440778,5.551484,5.400276,5.489381,86579500
2020-06-02,5.602788,5.778296,5.562286,5.778296,77235100
2020-06-03,5.902501,5.916002,5.780995,5.797195,86219700
2020-06-04,5.775595,5.8809,5.68109,5.786396,107401400
2020-06-05,6.018608,6.218419,5.956505,5.967306,114137700
2020-06-08,6.088813,6.099613,5.943005,6.083413,82444400
2020-06-09,5.948404,5.951105,5.843099,5.8647,96488300
2020-06-10,5.910603,5.913303,5.670291,5.778296,102551100
2020-06-12,5.567685,5.716193,5.427278,5.562285,116746700
2020-06-15,5.348974,5.694592,5.27607,5.589286,99931000
2020-06-16,5.821498,5.916003,5.716193,5.770195,94510600
2020-06-17,5.799896,5.899801,5.710792,5.789096,63268700
2020-06-18,5.718892,5.878201,5.691891,5.832298,56893300
2020-06-19,5.940303,5.999706,5.729692,5.797195,91139800
2020-06-22,5.832297,5.832297,5.643287,5.656788,45419000
2020-06-23,5.729693,5.959205,5.708092,5.845799,78950900
2020-06-24,5.802597,5.821498,5.591986,5.67029,65162400
2020-06-25,5.645988,5.797195,5.597385,5.797195,47263500
2020-06-26,5.726993,5.797197,5.610887,5.627088,55499300
2020-06-29,5.697292,5.848499,5.651389,5.848499,59809600
2020-06-30,5.762094,5.886301,5.694591,5.818797,65010600
2020-07-01,5.8728,6.007807,5.810697,5.861999,78983900
2020-07-02,5.967305,5.997006,5.902501,5.956504,56345900
2020-07-03,5.926804,5.988907,5.886301,5.934904,24060000
2020-07-06,6.045611,6.172517,6.024009,6.078012,58070900
2020-07-07,6.032109,6.067211,5.978106,6.002408,46591300
2020-07-08,6.061811,6.145515,6.04831,6.115814,49136300
2020-07-09,6.150915,6.159015,5.956504,5.978106,57151500
2020-07-10,5.991608,6.115814,5.956506,6.078012,57428300
2020-07-13,6.105012,6.115812,5.983506,5.983506,55425500
2020-07-14,5.975405,6.199517,5.902502,6.183316,89380500
2020-07-15,6.264322,6.326425,6.169817,6.302124,58390600
2020-07-16,6.25352,6.285922,6.080712,6.134714,69698700
2020-07-17,6.164417,6.21842,6.096914,6.140116,49927600
2020-07-20,6.129315,6.186018,6.080713,6.140116,48679800
2020-07-21,6.25082,6.372326,6.24812,6.310223,101769600
2020-07-22,6.291323,6.321024,6.213019,6.223819,43085500
2020-07-23,6.253645,6.272546,6.086233,6.094334,64072100
2020-07-24,6.086233,6.226642,6.05383,6.137536,43380300
2020-07-27,6.175341,6.277948,6.061933,6.264447,56539600
2020-07-28,6.221244,6.296849,6.156439,6.156439,48353000
2020-07-29,6.218544,6.277948,6.188841,6.256346,44011500
2020-07-30,6.188841,6.188841,6.075432,6.161839,57859000
2020-07-31,6.188841,6.248245,5.983626,5.994427,75397300
2020-08-03,6.086233,6.088933,5.864817,5.886418,63598500
2020-08-04,5.794611,5.953922,5.737907,5.881017,63011900
2020-08-05,6.002527,6.286047,6.002527,6.259045,137214700
2020-08-06,6.286049,6.353554,6.213144,6.269847,56375100
2020-08-07,6.172639,6.18614,6.088932,6.153738,56040200
2020-08-10,6.18344,6.331951,6.113235,6.331951,52390100
2020-08-11,6.402154,6.448057,6.226642,6.232042,66342300
2020-08-12,6.30765,6.394056,6.232045,6.340052,67008500
2020-08-13,6.33195,6.367052,6.132135,6.167238,44588200
2020-08-14,6.148338,6.205042,6.083534,6.121336,38422000
2020-08-17,6.124037,6.16724,5.980926,6.102435,52064300
2020-08-18,6.191541,6.275247,6.148338,6.215843,49361300
2020-08-19,6.19694,6.296847,6.142936,6.180739,51982100
2020-08-20,6.080832,6.175339,6.034929,6.137536,55251700
2020-08-21,6.086234,6.110535,6.03493,6.091634,38668300
2020-08-24,6.17264,6.245545,6.156438,6.202342,51841900
2020-08-25,6.234742,6.250943,6.126735,6.175338,37981400
2020-08-26,6.151038,6.18344,5.951224,5.999827,69925300
2020-08-27,6.026829,6.067332,5.951224,5.980926,35489800
2020-08-28,6.007929,6.086235,5.956625,6.086235,31071000
2020-08-31,6.026829,6.056531,5.910721,5.910721,48539700
2020-09-01,5.994425,6.180738,5.972824,6.175338,66299700
2020-09-02,6.191542,6.237445,6.080834,6.156439,53618000
2020-09-03,6.105137,6.242847,6.094336,6.178042,87642400
2020-09-04,6.210443,6.218544,6.097035,6.188842,52351100
2020-09-08,6.075434,6.075434,5.916122,6.010629,74490200
2020-09-09,6.072732,6.148337,6.072732,6.137536,42143500
2020-09-10,6.097035,6.097035,5.970126,5.972826,58350000
2020-09-11,5.972826,6.010628,5.872918,5.90802,71013700
2020-09-14,5.924222,5.935022,5.786512,5.854017,46453300
2020-09-15,5.935021,5.962023,5.818913,5.851315,58546700
2020-09-16,5.89992,5.937722,5.832415,5.867517,50379500
2020-09-17,5.808113,5.986326,5.794612,5.980926,60432200
2020-09-18,5.937723,5.980926,5.818914,5.845916,64243500
2020-09-21,5.748711,5.794614,5.619102,5.643404,73300000
2020-09-22,5.659603,5.764911,5.602899,5.6164,47207700
2020-09-23,5.616399,5.659602,5.454388,5.462488,57106300
2020-09-24,5.46519,5.592099,5.416586,5.508393,76310000
2020-09-25,5.440888,5.470591,5.365283,5.435488,40150400
2020-09-28,5.48949,5.551594,5.300477,5.300477,48797400
2020-09-29,5.300477,5.362582,5.19787,5.214071,52878100
2020-09-30,5.265375,5.411185,5.246473,5.295077,69505000
2020-10-01,5.303178,5.416586,5.165468,5.359882,77537300
2020-10-02,5.327481,5.330181,5.135767,5.135767,85306000
2020-10-05,5.227573,5.443588,5.19517,5.408485,73288500
2020-10-06,5.527293,5.589398,5.381483,5.381483,77064600
2020-10-07,5.400384,5.413884,5.281575,5.34368,53521000
2020-10-08,5.411186,5.559696,5.362582,5.519193,78070400
2020-10-09,5.492191,5.505692,5.346381,5.346381,67962300
2020-10-13,5.376084,5.435488,5.32748,5.435488,55330600
2020-10-14,5.424687,5.500293,5.392284,5.392284,44584300
2020-10-15,5.297779,5.338281,5.249175,5.332881,56952100
2020-10-16,5.311279,5.32208,5.216772,5.219472,49929000
2020-10-19,5.241074,5.384184,5.197871,5.270776,107419300
2020-10-20,5.311278,5.47329,5.289677,5.448988,68407700
2020-10-21,5.443586,5.48949,5.35448,5.443586,60594900
2020-10-22,5.427386,5.627201,5.413885,5.627201,98926900
2020-10-23,5.654203,5.708206,5.546195,5.554296,61711200
2020-10-26,5.489491,5.543495,5.408485,5.467889,58229100
2020-10-27,5.47059,5.500292,5.349081,5.367982,48978400
2020-10-28,5.224872,5.249174,5.041259,5.041259,79247400
2020-10-29,4.976456,5.230274,4.790142,5.208673,86794800
2020-10-30,5.168168,5.276176,5.095264,5.114165,64185100
2020-11-03,5.268074,5.373382,5.219471,5.305877,66292400
2020-11-04,5.403085,5.419286,5.203271,5.324779,65777600
2020-11-05,5.386884,5.397684,5.324779,5.370682,40874800
2020-11-06,5.278877,5.386885,5.276177,5.332881,37273300
2020-11-09,5.700105,6.126736,5.681204,5.835115,164904100
2020-11-10,5.910719,6.250944,5.889118,6.232042,163732600
2020-11-11,6.304951,6.307652,6.048433,6.178042,93072900
2020-11-12,6.140236,6.161838,5.878318,5.916121,77275000
2020-11-13,5.945825,6.156439,5.910722,6.110536,66065200
2020-11-16,6.264446,6.380554,6.245545,6.288748,101583300
2020-11-17,6.223943,6.518264,6.205042,6.396756,94082100
2020-11-18,6.477761,6.515564,6.358953,6.358953,68540400
2020-11-19,6.358952,6.46426,6.310349,6.431857,65382100
2020-11-23,6.493962,6.777483,6.491263,6.777483,125649000
2020-11-24,6.923293,7.201413,6.923293,7.079905,153293500
2020-11-25,7.074504,7.155509,6.931393,7.088005,73971200
2020-11-26,7.0043,7.007,6.901693,6.971898,41935900
2020-11-27,6.998898,7.0367,6.871989,6.885489,49863500
2020-11-30,6.820686,6.988098,6.707278,6.723479,90207700
2020-12-01,6.858488,6.958395,6.828786,6.912492,58866000
2020-12-02,6.912493,7.155511,6.839588,6.996199,88093300
2020-12-03,7.061003,7.260817,7.034001,7.193313,62424500
2020-12-04,7.341823,7.44443,7.306721,7.43363,61652400
2020-12-07,7.363425,7.503835,7.201413,7.29052,72664200
2020-12-08,7.239216,7.328322,7.144709,7.198713,46276700
2020-12-09,7.190611,7.282418,7.128507,7.274318,52448300
2020-12-10,7.341823,7.614542,7.325621,7.511935,97537100
2020-12-11,7.422828,7.517335,7.366125,7.44443,48334300
2020-12-14,7.56864,7.633445,7.457932,7.457932,53159500
2020-12-15,7.457932,7.557839,7.457932,7.520036,47208200
2020-12-16,7.520035,7.625342,7.417427,7.611841,59399200
2020-12-17,7.641544,7.665846,7.57944,7.625343,39297700
2020-12-18,7.587539,7.646943,7.565938,7.587539,44707900
2020-12-21,7.341821,7.422827,7.160908,7.295918,99988800
2020-12-22,7.344522,7.417427,7.304019,7.366124,46513200
2020-12-23,7.406628,7.628044,7.385027,7.547039,49038900
2020-12-28,7.657746,7.700949,7.609143,7.609143,36313300
2020-12-29,7.663147,7.676648,7.557839,7.633445,29891100
2020-12-30,7.655046,7.692848,7.614543,7.652346,36968200
2021-01-04,7.736049,7.879159,7.703647,7.806254,74719700
2021-01-05,7.803556,8.149181,7.625344,8.111379,95181100
2021-01-06,8.143781,8.343595,8.114078,8.12758,96562500
2021-01-07,8.192383,8.411099,8.192383,8.370596,56171300
2021-01-08,8.494803,8.575809,8.195082,8.402997,67136300
2021-01-11,8.265289,8.386798,8.208585,8.332794,48744700
2021-01-12,8.402998,8.521806,8.270688,8.270688,65691900
2021-01-13,8.28419,8.332794,7.830558,7.87106,93826600
2021-01-14,7.876461,8.01147,7.754952,7.952066,50745400
2021-01-15,7.844061,7.852161,7.568641,7.592943,80673300
2021-01-18,7.644245,7.790056,7.56324,7.579441,68855700
2021-01-19,7.690147,7.792755,7.463331,7.746851,61656000
2021-01-20,7.817058,7.862961,7.590241,7.617243,60306200
2021-01-21,7.565939,7.668546,7.428229,7.43903,41284900
2021-01-22,7.271618,7.355324,7.171711,7.314821,51181900
2021-01-26,7.358025,7.552438,7.241916,7.29052,64514600
2021-01-27,7.239216,7.606442,7.163611,7.398527,68337800
2021-01-28,7.376926,7.682048,7.374225,7.495734,67827000
2021-01-29,7.43093,7.474133,7.206814,7.206814,67555300
2021-02-01,7.360725,7.474133,7.244616,7.43363,44449500
2021-02-02,7.668545,7.86836,7.614542,7.73875,91663000
2021-02-03,7.825158,7.868361,7.738752,7.814358,47486800
2021-02-04,7.784655,7.827858,7.617242,7.781954,41444100
2021-02-05,7.825157,8.124879,7.646945,7.787355,121098700
2021-02-08,7.698249,7.911563,7.506535,7.590241,98821700
2021-02-09,7.574039,7.660446,7.393126,7.43633,63662200
2021-02-10,7.490333,7.571339,7.322921,7.506534,52949900
2021-02-11,7.59834,7.695547,7.525435,7.582139,61158600
2021-02-12,7.509235,7.692848,7.455231,7.679347,47801100
2021-02-17,7.700949,7.992569,7.595641,7.989869,54973400
2021-02-18,8.203184,8.348995,7.841359,7.903463,105539200
2021-02-19,7.56864,7.692849,7.336423,7.379626,215834800
2021-02-22,6.156437,6.264445,5.77841,5.851315,490230400
2021-02-23,6.223944,6.550667,6.132137,6.496663,293503100
2021-02-24,6.628971,6.75048,6.483161,6.588468,155246400
2021-02-25,6.750481,6.817985,6.237444,6.261746,170233000
2021-02-26,6.264446,6.32385,5.932322,6.005227,159881000
2021-03-01,6.156438,6.221243,5.918821,5.940423,90330100
2021-03-02,5.897219,6.029529,5.581297,5.937722,147772300
2021-03-03,5.886418,5.91072,5.529993,5.721707,185688500
2021-03-04,5.751409,6.04843,5.702806,5.999827,127843200
2021-03-05,6.059232,6.269847,6.01873,6.045731,126306300
2021-03-08,5.924222,6.016028,5.659602,5.697405,141142800
2021-03-09,5.767611,5.926923,5.632602,5.829716,122648000
2021-03-10,5.924221,6.032229,5.827014,6.032229,111744100
2021-03-11,6.107835,6.342752,6.105135,6.288748,130577500
2021-03-12,6.250946,6.31305,6.17264,6.256346,68123200
2021-03-15,6.240145,6.391355,6.237444,6.385955,68295000
2021-03-16,6.380554,6.394056,6.272547,6.286048,43407900
2021-03-17,6.248245,6.515564,6.240145,6.502063,77966400
2021-03-18,6.448059,6.453459,6.229343,6.275247,77198900
2021-03-19,6.283347,6.491262,6.259045,6.480461,90244500
2021-03-22,6.396754,6.421056,6.272545,6.350851,44129300
2021-03-23,6.256346,6.380555,6.156439,6.156439,57124700
2021-03-24,6.261746,6.356253,6.161839,6.161839,63338300
2021-03-25,6.129438,6.291449,5.983627,6.264447,79214500
2021-03-26,6.340052,6.448059,6.240145,6.334651,60918600
2021-03-29,6.302249,6.434559,6.286048,6.434559,50099700
2021-03-30,6.383255,6.477762,6.364354,6.434559,41959100
2021-03-31,6.426457,6.542565,6.421057,6.507463,68609400
2021-04-01,6.558766,6.585767,6.421056,6.450758,47232900
2021-04-05,6.515564,6.534466,6.394056,6.491263,40454400
2021-04-06,6.529065,6.580369,6.456159,6.485862,45934300
2021-04-07,6.46426,6.572268,6.46156,6.480461,55892200
2021-04-08,6.475062,6.491263,6.31035,6.399457,63231300
2021-04-09,6.345452,6.421058,6.31035,6.385955,47494400
2021-04-12,6.469659,6.580367,6.421056,6.450758,50592900
2021-04-13,6.47506,6.510163,6.396755,6.47236,53612300
2021-04-14,6.534465,6.637072,6.475061,6.574968,90836500
2021-04-15,6.614835,6.651118,6.425042,6.444579,64193600
2021-04-16,6.455743,6.486444,6.366428,6.405504,59567300
2021-04-19,6.405504,6.946971,6.355265,6.776716,196519100
2021-04-20,6.790672,6.86324,6.631581,6.648327,94965400
2021-04-22,6.737641,6.751596,6.600878,6.617625,46600100
2021-04-23,6.665075,6.681822,6.561806,6.612045,60341000
2021-04-26,6.656701,6.712522,6.589715,6.637164,33281000
2021-04-27,6.648327,6.746014,6.44737,6.44737,76684900
2021-04-28,6.531102,6.723686,6.519938,6.68182,66374200
2021-04-29,6.73206,6.779509,6.536685,6.592507,49775900
2021-04-30,6.531103,6.67903,6.49761,6.592507,61039200
2021-05-03,6.642744,6.645535,6.503191,6.539475,49039900
2021-05-04,6.570178,6.598088,6.385967,6.388758,44765000
2021-05-05,6.466908,6.684611,6.452953,6.651118,75611900
2021-05-06,6.617624,6.656699,6.531101,6.559012,54091600
2021-05-07,6.598087,6.824164,6.547848,6.804626,74118200
2021-05-10,6.921853,6.972092,6.860449,6.893942,73804500
2021-05-11,6.821373,7.025121,6.78788,7.019538,73729900
2021-05-12,6.963719,7.125601,6.891151,6.916271,89980700
2021-05-13,6.910687,7.005584,6.818582,6.974882,77282100
2021-05-14,7.200959,7.362841,7.131182,7.340512,196135500
2021-05-17,7.340511,7.44099,7.312601,7.44099,83512600
2021-05-18,7.452153,7.480064,7.332137,7.354466,63510600
2021-05-19,7.214916,7.354469,7.20096,7.298647,84700500
2021-05-20,7.298647,7.334931,7.17863,7.237243,71371100
2021-05-21,7.27911,7.343304,7.240035,7.242826,82884500
2021-05-24,7.334931,7.401916,7.253989,7.365632,63029600
2021-05-25,7.390752,7.429827,7.195377,7.212123,63672000
2021-05-26,7.23166,7.307019,7.159092,7.281899,46646900
2021-05-27,7.279107,7.326555,7.192584,7.231659,48877800
2021-05-28,7.312601,7.541468,7.298645,7.533095,129526400
2021-05-31,7.524723,7.591709,7.474484,7.499604,46298900
2021-06-01,7.647529,7.731262,7.538678,7.616828,90744900
2021-06-02,7.633575,7.834532,7.608455,7.778711,103985100
2021-06-04,7.831741,7.988041,7.792666,7.954548,102757300
2021-06-07,7.954547,7.968502,7.817784,7.895935,74548900
2021-06-08,7.862442,8.038279,7.80383,7.999205,88398600
2021-06-09,8.015951,8.11643,7.96013,7.999205,60724200
2021-06-10,8.046652,8.102474,7.974085,8.004786,35871000
2021-06-11,8.038279,8.052235,7.887562,7.974085,54894400
2021-06-14,8.06619,8.191789,7.98525,8.024324,64286600
2021-06-15,8.082935,8.110846,7.99083,8.102473,42597100
2021-06-16,8.11643,8.175042,8.029907,8.133176,77432900
2021-06-17,8.096892,8.149922,7.789874,7.851277,95264600
2021-06-18,7.814993,7.932218,7.714515,7.904307,115250700
2021-06-21,7.926636,8.0941,7.926636,8.080145,50709600
2021-06-22,8.094101,8.16946,8.001996,8.122012,41602700
2021-06-23,8.163877,8.239236,8.0941,8.177832,57278500
2021-06-24,8.230863,8.27552,8.155504,8.27552,51447000
2021-06-25,8.286685,8.314596,8.080146,8.122012,84950900
2021-06-28,8.14434,8.16946,8.001996,8.108056,40341200
2021-06-29,8.119222,8.144341,8.021534,8.144341,43215200
2021-06-30,8.102476,8.253194,8.071774,8.214119,71367600
2021-07-01,8.300639,8.339714,8.071772,8.110847,65084000
2021-07-02,8.177834,8.200163,8.018743,8.144341,37336700
2021-07-05,8.096892,8.138758,7.918263,8.052235,56028600
2021-07-06,8.010369,8.03828,7.722889,7.722889,97839700
2021-07-07,7.856859,7.856859,7.65032,7.828948,73793500
2021-07-08,7.647529,7.725679,7.611245,7.672648,80574200
2021-07-12,7.697769,7.753591,7.614037,7.739635,53001200
2021-07-13,7.692187,7.806621,7.641948,7.787084,41594300
2021-07-14,7.842905,7.870816,7.686605,7.722889,51654600
2021-07-15,7.672651,7.711726,7.51356,7.558218,67982600
2021-07-16,7.600083,7.641949,7.418664,7.446575,69024100
2021-07-19,7.248407,7.382379,7.217706,7.323766,80087700
2021-07-20,7.30981,7.519141,7.23166,7.421453,63408800
2021-07-21,7.477275,7.602873,7.421454,7.524723,51116600
2021-07-22,7.535887,7.59729,7.454946,7.507976,37736500
2021-07-23,7.563798,7.583336,7.446574,7.46332,34025500
2021-07-26,7.46332,7.667068,7.457737,7.667068,46802600
2021-07-27,7.633574,7.647529,7.507975,7.577752,51901800
2021-07-28,7.655904,7.787084,7.59171,7.734054,46727100
2021-07-29,7.759172,7.792665,7.67544,7.761963,43916600
2021-07-30,7.703352,7.767546,7.488439,7.510768,74150400
2021-08-02,7.591709,7.650321,7.36005,7.371214,70528800
2021-08-03,7.357258,7.499603,7.198167,7.49402,71850400
2021-08-04,7.41029,7.471694,7.242826,7.334931,87970600
2021-08-05,8.024323,8.088518,7.831739,7.912681,223915900
2021-08-06,7.954548,7.965712,7.820576,7.923846,51106100
2021-08-09,7.80104,7.873607,7.72289,7.868025,75381900
2021-08-10,7.898725,8.032697,7.881979,7.893143,84380900
2021-08-11,7.859651,8.09131,7.806621,8.001996,97863500
2021-08-12,7.999205,8.147132,7.954548,8.122012,95319300
2021-08-13,8.110847,8.264357,8.099683,8.191789,85201800
2021-08-16,8.149923,8.161087,7.88198,7.993623,101262100
2021-08-17,7.937407,8.171034,7.822072,7.993596,93623700
2021-08-18,7.993594,8.076398,7.881216,7.922618,86103100
2021-08-19,7.765883,7.946279,7.727438,7.87826,80808200
2021-08-20,7.807287,7.875305,7.739269,7.866433,88445600
2021-08-23,7.966979,8.076399,7.916705,7.990637,70161500
2021-08-24,8.070487,8.171034,8.0557,8.156248,49831400
2021-08-25,8.171034,8.23018,8.097102,8.200607,46031200
2021-08-26,8.156247,8.244966,8.123716,8.129631,41061300
2021-08-27,8.191734,8.425361,8.182862,8.425361,76465300
2021-08-30,8.398747,8.490423,8.357345,8.369174,61054000
2021-08-31,8.339602,8.348474,7.981768,8.040915,110574300
2021-09-01,8.079358,8.085273,7.786585,7.996554,69430400
2021-09-02,7.984725,8.088231,7.82503,7.866433,56052000
2021-09-03,7.881219,7.919664,7.718567,7.786585,58182700
2021-09-06,7.751098,7.898963,7.733354,7.82503,26770700
2021-09-08,7.774755,7.792499,7.331159,7.38439,80378400
2021-09-09,7.416921,7.653506,7.138934,7.541128,156617100
2021-09-10,7.694908,7.730395,7.490854,7.493811,78379900
2021-09-13,7.629847,7.804328,7.58253,7.757011,63317900
2021-09-14,7.674207,7.762926,7.606188,7.653505,65497300
2021-09-15,7.688994,7.82503,7.650549,7.786585,67274100
2021-09-16,7.712652,7.759969,7.544086,7.718567,65567700
2021-09-17,7.680122,7.694909,7.325246,7.372562,131694100
2021-09-20,7.121191,7.289758,7.03543,7.289758,80260600
2021-09-21,7.416923,7.479027,7.254271,7.455368,64570200
2021-09-22,7.550001,7.754054,7.547043,7.644634,70231800
2021-09-23,7.674209,7.969939,7.662379,7.937409,84480600
2021-09-24,7.851644,8.002466,7.827985,7.95515,44821500
2021-09-27,8.026127,8.120761,7.836859,8.026127,89178700
2021-09-28,8.040913,8.247924,7.901919,7.972895,117874300
2021-09-29,8.046827,8.141461,7.931492,8.100059,58731700
2021-09-30,8.141462,8.156249,8.034999,8.052743,65744000
2021-10-01,8.020211,8.280454,8.005424,8.280454,60983200
2021-10-04,8.209478,8.519995,8.197649,8.514081,106937000
2021-10-05,8.576185,8.715178,8.546612,8.700392,100469100
2021-10-06,8.561399,8.626459,8.419448,8.469722,84599400
2021-10-07,8.487467,8.570272,8.354389,8.457894,60551100
2021-10-08,8.576185,8.756581,8.490423,8.611673,84170500
2021-10-11,8.724053,8.827559,8.620547,8.670821,76466700
2021-10-13,8.62646,8.783198,8.599844,8.762496,55605400
2021-10-14,8.830512,8.936975,8.724049,8.777281,76172700
2021-10-15,8.812769,8.824598,8.727007,8.753623,72479900
2021-10-18,8.694479,8.765454,8.573229,8.709266,68971300
2021-10-19,8.647159,8.670818,8.239052,8.283411,111484000
2021-10-20,8.360302,8.517039,8.265668,8.42832,56063300
2021-10-21,8.239052,8.333686,7.961065,8.117803,101567700
2021-10-22,8.014298,8.20948,7.620976,8.037956,138384700
2021-10-25,8.209481,8.667863,8.176951,8.588017,135830600
2021-10-26,8.517037,8.644201,8.457891,8.505208,57865600
2021-10-27,8.525912,8.593929,8.419448,8.484509,57579200
2021-10-28,8.437191,8.650117,8.354387,8.564355,89578000
2021-10-29,8.61463,8.632374,7.975852,8.029083,157340000
2021-11-01,8.194692,8.375087,8.094144,8.280454,102157200
2021-11-03,8.194692,8.236095,7.925577,7.940364,83475800
2021-11-04,7.990638,8.055698,7.644633,7.688993,92603400
2021-11-05,7.774756,7.848688,7.623933,7.644634,86264000
2021-11-08,7.632804,7.884175,7.606188,7.724481,59704100
2021-11-09,7.748139,7.969937,7.748139,7.87826,73021700
2021-11-10,7.866433,7.964024,7.736311,7.816159,68176300
2021-11-11,7.949235,7.949235,7.759968,7.822072,60848900
2021-11-12,7.780669,8.03204,7.688993,7.981766,85962500
2021-11-16,8.061614,8.150333,7.875303,8.064571,60978200
2021-11-17,8.100059,8.114846,7.833902,7.860518,82106800
2021-11-18,7.89305,7.910793,7.703782,7.84869,63993000
2021-11-19,7.718567,7.771798,7.623933,7.718567,85893800
2021-11-22,7.777713,8.023169,7.774756,7.795457,59195200
2021-11-23,7.869389,8.29524,7.836858,8.221308,108382300
2021-11-24,8.215394,8.410576,8.135547,8.389875,64263300
2021-11-25,8.590971,8.809812,8.446063,8.759538,104052200
2021-11-26,8.395789,8.623501,8.301155,8.419447,108871800
2021-11-29,8.682648,8.818683,8.519995,8.715178,84672200
2021-11-30,8.664905,8.765453,8.534784,8.70335,129384600
2021-12-01,8.824598,9.070055,8.718135,8.753623,135078600
2021-12-02,8.966401,9.464719,8.703954,9.421532,191410300
2021-12-03,9.461395,9.614213,9.37502,9.554415,105133000
2021-12-06,9.561061,9.723845,9.52784,9.597604,66142300
2021-12-07,9.727165,9.823506,9.567703,9.753742,98989300
2021-12-08,9.753741,9.989611,9.707231,9.750419,71167700
2021-12-09,9.667368,9.796931,9.564383,9.730489,67668200
2021-12-10,9.800253,9.99958,9.793608,9.850084,38517500
2021-12-13,9.856729,9.982969,9.730488,9.790286,45448700
2021-12-14,9.836798,9.916529,9.637471,9.674014,56833800
2021-12-15,9.667367,9.733809,9.497939,9.733809,55085100
2021-12-16,9.84012,9.959716,9.800254,9.863375,56545700
2021-12-17,9.740454,9.846762,9.56106,9.630824,93593700
2021-12-20,9.44811,9.484653,9.195629,9.35509,106282500
2021-12-21,9.484651,9.541127,9.341801,9.368378,40454500
2021-12-22,9.434821,9.434821,9.29197,9.35509,33734500
2021-12-23,9.411566,9.441465,9.351768,9.411566,28713600
2021-12-27,9.408243,9.561061,9.351767,9.551094,44227900
2021-12-28,9.637467,9.727164,9.534481,9.561058,30688100
2021-12-29,9.534483,9.600925,9.441463,9.481329,35508400
2021-12-30,9.484651,9.534483,9.431497,9.45143,43229100
2022-01-03,9.481329,9.707233,9.478007,9.664045,52704700
2022-01-04,9.687302,9.767033,9.604249,9.700591,51739200
2022-01-05,9.697266,9.723843,9.282001,9.325189,78459800
2022-01-06,9.398275,9.517871,9.248779,9.318543,61163100
2022-01-07,9.338479,9.398277,9.242137,9.361733,47507600
2022-01-10,9.298611,9.381664,9.208913,9.305255,37455200
2022-01-11,9.335158,9.657403,9.252105,9.580995,73623800
2022-01-12,9.617537,9.93646,9.617537,9.87334,81378200
2022-01-13,9.810218,10.175651,9.800252,10.072665,76717500
2022-01-14,10.059378,10.497897,10.046089,10.448066,96458800
2022-01-17,10.431456,10.567662,10.381624,10.464677,35675900
2022-01-18,10.484611,10.62414,10.288605,10.511188,78198800
2022-01-19,10.597562,10.700548,10.444745,10.461355,77480200
2022-01-20,10.464677,10.630783,10.335115,10.537764,85353100
2022-01-21,10.487931,10.590917,10.474643,10.554374,61345400
2022-01-24,10.527798,10.713836,10.31186,10.614173,79117100
2022-01-25,10.531119,11.039403,10.491253,10.959673,98358500
2022-01-26,11.062656,11.384902,11.062656,11.252017,98679900
2022-01-27,11.378259,11.507821,11.019469,11.255341,90631000
2022-01-28,11.228763,11.41148,10.703869,10.810177,117400500
2022-01-31,10.796888,10.962994,10.654037,10.747056,62450300
2022-02-01,10.747056,11.069302,10.614172,10.962995,57315200
2022-02-02,11.099204,11.125782,10.750382,10.803535,36271700
2022-02-03,10.747056,10.936417,10.504542,10.654037,51087800
2022-02-04,10.76699,11.039404,10.590918,10.840077,59346800
2022-02-07,10.813499,10.889908,10.673971,10.680615,48868100
2022-02-08,10.597561,10.614172,10.384946,10.574306,62590000
2022-02-09,10.544408,10.860009,10.514509,10.614173,50960500
2022-02-10,10.730448,10.929776,10.610852,10.776958,49534600
2022-02-11,10.886587,11.265308,10.840077,11.215476,88013400
2022-02-14,11.248697,11.275273,10.903196,10.962995,55687000
2022-02-15,10.85004,10.856685,10.594237,10.790242,65689000
2022-02-16,10.90652,11.195545,10.886587,10.939741,65811600
2022-02-17,10.913162,11.059337,10.813499,10.896552,43255200
2022-02-18,10.820143,10.992894,10.72048,10.962995,60304700
2022-02-21,10.979603,11.295204,10.962992,11.245372,51263800
2022-02-22,11.368294,11.521112,11.03276,11.208833,80206700
2022-02-23,11.355004,11.494532,11.228763,11.368293,86530100
2022-02-24,11.560976,11.72376,10.856687,11.092557,139674100
2022-02-25,11.11249,11.295206,10.929773,11.295206,86189100
2022-03-02,11.713792,11.723759,11.424768,11.517787,58071800
2022-03-03,11.567619,11.604163,11.348359,11.374937,69237400
2022-03-04,11.321784,11.521111,11.235409,11.371615,55418000
2022-03-07,11.46131,11.494531,10.507862,10.564338,110954100
2022-03-08,10.630783,10.953029,10.467999,10.7836,111633500
2022-03-09,10.830109,10.903196,10.544407,10.816821,87779300
2022-03-10,10.83011,11.494534,10.803534,11.195544,136437700
2022-03-11,11.265309,11.421449,10.654039,10.793569,92153700
2022-03-14,10.773634,10.926452,10.471322,10.587596,52274100
2022-03-15,10.345082,10.477967,10.1225,10.331794,66272000
2022-03-16,10.464676,10.477965,10.089277,10.242094,72034900
2022-03-17,10.381624,10.431455,9.800253,9.969681,178319300
2022-03-18,9.996258,10.238772,9.919849,10.169008,93097100
2022-03-21,10.268673,10.660683,10.178975,10.551053,67700800
2022-03-22,10.627463,10.664006,10.414848,10.504545,56128600
2022-03-23,10.607527,10.786922,10.527796,10.647392,52956100
2022-03-24,10.647392,10.830109,10.521152,10.77031,49402800
2022-03-25,10.680616,10.8135,10.604207,10.730447,51780100
2022-03-28,10.650714,10.657358,10.291925,10.497896,68610500
2022-03-29,10.673971,10.883264,10.604207,10.730447,93809000
2022-03-30,10.796889,10.959673,10.757023,10.959673,69648400
2022-03-31,10.820142,11.152354,10.796887,11.112489,94269500
2022-04-01,11.145714,11.225445,10.933098,10.966319,72545400
2022-04-04,10.929771,10.929771,10.713832,10.863328,56053000
2022-04-05,10.850044,10.982929,10.760346,10.760346,45847200
2022-04-06,10.830112,10.88991,10.644074,10.750381,56947100
2022-04-07,10.8434,11.315142,10.796891,11.308497,118469400
2022-04-08,11.318463,11.431415,11.245376,11.364972,60772700
2022-04-11,11.261987,11.328428,11.22212,11.278597,48125400
2022-04-12,11.428089,11.521108,11.228761,11.245372,68522800
2022-04-13,11.418126,11.560977,11.328429,11.484569,101438800
2022-04-14,11.484657,11.655473,11.324744,11.364722,119382100
2022-04-18,11.324744,11.408335,11.073972,11.164831,76350600
2022-04-19,11.324746,11.630034,11.310209,11.502831,88494100
2022-04-20,11.502828,11.61186,11.386528,11.557343,34694700
2022-04-22,11.28477,11.375629,11.019459,11.106685,74560900
2022-04-25,10.892253,11.06307,10.735975,10.943135,66413900
2022-04-26,10.943136,11.113952,10.863179,10.924964,48764100
2022-04-27,11.03763,11.106683,10.884986,10.924964,41881300
2022-04-28,11.066704,11.128488,10.994016,10.99765,43298500
2022-04-29,11.175736,11.481024,11.00492,11.00492,76243900
2022-05-02,10.964942,11.023092,10.659653,10.895888,72456200
2022-05-03,10.946769,11.044897,10.837737,10.994016,52531000
2022-05-04,11.121219,11.691817,11.048531,11.655474,109417000
2022-05-05,11.560981,11.811753,11.273865,11.633668,99439900
2022-05-06,11.880807,12.037086,11.593691,12.015281,129570200
2022-05-09,11.884441,12.00801,11.65184,11.688184,92314500
2022-05-10,11.760874,11.938958,11.702724,11.789948,60330600
2022-05-11,11.913513,12.324199,11.880804,12.20063,108895400
2022-05-12,12.087966,12.385987,12.087966,12.295127,114415900
2022-05-13,12.393252,12.516821,12.320565,12.455037,67000100
2022-05-16,12.447769,12.676735,12.360543,12.578607,92075300
2022-05-17,12.720348,12.77123,12.407791,12.41506,90914700
2022-05-18,12.422329,12.560436,12.14975,12.211534,80986200
2022-05-19,12.18246,12.462308,12.113407,12.418694,63983100
2022-05-20,12.57134,12.658566,12.44777,12.658566,79589900
2022-05-23,12.785768,13.196454,12.774865,13.156475,93807400
2022-05-24,12.636241,12.996697,12.437786,12.798244,154453100
2022-05-25,12.838744,13.073648,12.660541,12.980496,69991900
2022-05-26,12.968343,13.187047,12.939992,13.012894,78303600
2022-05-27,13.020999,13.020999,12.381086,12.393236,118295600
2022-05-30,12.490435,12.502585,11.793822,12.146178,98110100
2022-05-31,12.316283,12.401335,12.073278,12.17453,83598000
2022-06-01,12.10973,12.283883,12.08948,12.158331,46353200
2022-06-02,12.138079,12.17048,11.967976,12.053028,50738300
2022-06-03,12.032776,12.328432,11.959875,12.263631,60396900
2022-06-06,12.352733,12.364884,12.113779,12.271731,39213900
2022-06-07,12.227181,12.676739,12.21503,12.417534,80333700
2022-06-08,12.320334,12.615989,12.283883,12.356785,65923900
2022-06-09,12.356784,12.417535,12.14213,12.17858,53879000
2022-06-10,12.15428,12.15428,11.769523,12.008477,63101700
2022-06-13,11.753322,11.980126,11.611569,11.854574,64507100
2022-06-14,12.012527,12.251482,11.842424,11.988227,68816900
2022-06-15,12.150229,12.15833,11.68042,11.777622,72785700
2022-06-17,11.409065,11.522468,10.582849,11.060759,184606500
2022-06-20,10.5383,11.441467,10.493749,11.186313,92581800
2022-06-21,11.259214,11.405017,10.809656,10.963558,85179500
2022-06-22,10.765105,11.157962,10.688153,10.931158,57874700
2022-06-23,10.927106,11.089109,10.5788,10.728652,69262300
2022-06-24,10.838007,10.971659,10.603102,10.647654,53413400
2022-06-27,10.862305,11.368565,10.797504,11.332114,90417700
2022-06-28,11.575119,11.676371,11.348315,11.473867,51388000
2022-06-29,11.53462,11.672322,11.275415,11.372617,52048800
2022-06-30,11.198461,11.364515,11.09721,11.311864,49910100
2022-07-01,11.372616,11.684472,11.145812,11.55487,64948200
2022-07-04,11.558922,11.858627,11.558922,11.801926,37324200
2022-07-05,11.704719,11.72497,11.157958,11.352363,78428500
2022-07-06,11.405016,11.534618,10.898756,11.206562,57617200
2022-07-07,11.340216,11.712823,11.340216,11.534619,52147300
2022-07-08,11.554866,11.733069,11.490065,11.664218,43097800
2022-07-11,11.469816,11.660171,11.441466,11.607519,39577600
2022-07-12,11.461716,11.514368,11.328064,11.433366,46462000
2022-07-13,11.392864,11.534617,11.332113,11.441465,35497200
2022-07-14,11.340213,11.340213,11.032407,11.133659,47151000
2022-07-15,11.218712,11.360464,11.13366,11.324014,38610800
2022-07-18,11.498168,11.619671,11.461718,11.58322,46782300
2022-07-19,11.562967,11.842422,11.502216,11.818122,48562300
2022-07-20,11.773573,11.834324,11.676371,11.814074,43520800
2022-07-21,11.737121,11.797872,11.421216,11.753322,58843200
2022-07-22,11.761426,11.935578,11.684474,11.878878,55676200
2022-07-25,11.992278,12.453987,11.992278,12.433737,79106600
2022-07-26,12.636239,12.806342,12.389184,12.559287,78360100
2022-07-27,12.676739,12.74559,12.401335,12.69699,56097200
2022-07-28,12.794191,13.215399,12.72939,13.077697,114996500
2022-07-29,13.608259,14.037568,13.296405,13.831015,181480600
2022-08-01,13.770262,13.831013,13.454356,13.640659,81365100
2022-08-02,13.677108,13.972764,13.559656,13.701409,69147100
2022-08-03,13.774309,13.835061,13.592057,13.709508,65544500
2022-08-04,13.802661,13.932263,13.600157,13.85531,54387500
2022-08-05,13.831014,14.199571,13.818863,14.122619,77882600
2022-08-08,14.231969,14.892132,14.22792,14.835431,109484600
2022-08-09,14.989333,15.171587,14.924532,15.078435,79051200
2022-08-10,15.248539,15.248539,14.827331,15.029835,78369600
2022-08-11,15.167538,15.333591,14.681528,14.681528,128896500
2022-08-12,14.473626,15.831461,14.463678,15.771775,171288300
2022-08-15,15.358953,16.03041,15.194819,15.776749,96759000
2022-08-16,15.776751,15.950832,15.667328,15.920989,64218800
2022-08-17,15.741934,16.323863,15.717065,16.29402,72924700
2022-08-18,16.463126,16.741657,16.34873,16.622286,84552500
2022-08-19,16.373601,16.487999,15.582775,15.781725,125178200
2022-08-22,15.786694,16.204491,15.160001,16.119936,92400300
2022-08-23,16.229365,16.662082,16.224391,16.632238,73215800
2022-08-24,16.681976,16.970452,16.537736,16.731712,61067900
2022-08-25,16.960502,17.089821,16.249255,16.552654,99511600
2022-08-26,16.552657,16.746633,16.199521,16.731712,63545400
2022-08-29,16.686946,17.447932,16.637209,17.149506,73339500
2022-08-30,16.910768,17.020191,16.050309,16.129889,99361100
2022-08-31,15.950831,16.632235,15.826487,16.527786,114235400
2022-09-01,16.592448,16.885899,16.294021,16.836161,69184700
2022-09-02,17.129609,17.194268,16.542706,16.622286,81792300
2022-09-05,16.836159,16.965478,16.487998,16.582499,76337600
2022-09-06,16.050306,16.209465,15.6723,15.965751,111813500
2022-09-08,16.070199,16.303965,15.617587,15.816537,63159800
2022-09-09,16.159731,16.249256,15.766803,15.811567,49871900
2022-09-12,15.990624,16.2791,15.647433,15.657381,71374500
2022-09-13,15.388798,15.637485,15.1799,15.244558,88327800
2022-09-14,15.294296,15.632512,15.234611,15.478326,49039700
2022-09-15,15.378849,15.533035,15.319164,15.448482,45553200
2022-09-16,15.349007,15.393771,15.090372,15.309217,107303600
2022-09-19,15.169951,15.607641,14.861577,15.55293,65559900
2022-09-20,15.627539,15.717066,15.339061,15.463405,67798200
2022-09-21,15.592724,15.652408,15.36393,15.503196,58812200
2022-09-22,15.657381,15.955807,15.433563,15.886174,69764300
2022-09-23,15.577798,15.612614,14.806867,14.89142,138630800
2022-09-26,14.782,14.961056,14.558182,14.56813,42934600
2022-09-27,14.752155,14.861577,14.712365,14.757129,71087600
2022-09-28,14.757129,14.831735,14.21499,14.558179,104670700
2022-09-29,14.418915,14.622839,14.224939,14.578075,87536500
2022-09-30,14.533309,15.164976,14.423887,14.821787,121637100
2022-10-03,15.871251,16.234335,15.746907,16.005543,179694100
2022-10-04,16.363652,16.403441,15.453454,15.602667,115917200
2022-10-05,15.622564,16.323863,15.518115,16.189571,92893700
2022-10-06,16.413391,16.806319,16.13486,16.741659,82671900
2022-10-07,16.701866,17.069922,16.52281,16.726734,73500100
2022-10-10,16.736684,16.856053,16.413389,16.537733,52222600
2022-10-11,16.35868,16.577526,16.219415,16.413391,58332400
2022-10-13,16.164702,17.15448,16.119938,16.880922,91143900
2022-10-14,16.895844,16.980397,16.562601,16.622286,62246100
2022-10-17,16.532761,16.985373,16.33381,16.607367,100936400
2022-10-18,16.861032,17.025165,16.492973,17.015217,82313200
2022-10-19,16.975426,17.686673,16.920714,17.617039,113700900
2022-10-20,17.955254,18.179073,17.791121,18.139284,114347400
2022-10-21,18.129333,19.09424,18.09949,18.761,139601400
2022-10-24,18.154203,18.313363,17.025161,17.035109,142110900
2022-10-25,16.930663,17.159455,16.51784,16.677,113161200
2022-10-26,16.21444,16.676999,15.866278,16.269152,121334800
2022-10-27,16.318892,16.681976,16.249258,16.393497,111008800
2022-10-28,16.264178,16.473074,15.846382,16.199518,129745400
2022-10-31,15.224664,15.717066,14.503469,14.826763,262409400
2022-11-01,15.204766,15.254504,14.702417,14.85163,115944200
2022-11-03,14.821787,15.115238,14.642732,14.896394,139062100
2022-11-04,15.319162,15.3689,14.016039,14.075724,195361000
2022-11-07,13.906616,14.075724,13.463952,13.503742,117206600
2022-11-08,13.458981,13.692748,13.304794,13.60322,94745400
2022-11-09,13.503745,13.901646,13.250083,13.379401,103303500
2022-11-10,12.971552,13.374426,12.737786,12.991447,145470100
2022-11-11,12.83229,13.608197,12.782554,13.424168,146365800
2022-11-14,13.558453,14.016039,13.4739,13.777299,66639500
2022-11-16,13.83201,13.981223,13.39432,13.503742,85549900
2022-11-17,13.429137,13.578349,13.205317,13.508717,101525800
2022-11-18,13.628087,13.727562,13.041183,13.279924,127683500
2022-11-21,13.488822,13.712641,12.95663,13.319715,164898100
2022-11-22,12.238821,12.467634,11.866334,12.414421,164261300
2022-11-23,12.238821,12.5847,12.132396,12.472955,77317300
2022-11-24,12.515522,13.106178,12.371849,12.903972,94233800
2022-11-25,12.909293,12.946542,12.558093,12.696445,58635900
2022-11-28,12.584697,13.063607,12.526164,12.962504,56067400
2022-11-29,13.090215,13.771331,13.02636,13.50527,96151500
2022-11-30,13.622337,14.186387,13.569125,14.186387,120774700
2022-12-01,14.143818,14.255564,13.601053,13.617017,71259400
2022-12-02,13.670229,14.074642,13.468022,13.787295,66301000
2022-12-05,13.835186,14.143818,13.595731,13.63298,56065400
2022-12-06,13.739408,14.042717,13.526559,13.643625,74991200
2022-12-07,13.483985,13.872434,13.446737,13.489306,57008400
2022-12-08,13.595731,13.723441,13.111499,13.185997,55567700
2022-12-09,13.297743,13.32967,13.031682,13.148748,61586200
2022-12-12,13.079572,13.122142,12.307994,12.72305,111293100
2022-12-13,12.824156,12.877368,12.403778,12.4091,102533100
2022-12-14,11.972759,12.025971,11.052187,11.424672,319501600
2022-12-15,11.174576,11.903585,11.084115,11.727984,132385600
2022-12-16,11.685411,11.76523,11.445956,11.733302,90767300
2022-12-19,11.759908,11.978078,11.515131,11.908901,63074100
2022-12-20,11.914225,12.36653,11.818443,12.276069,71875500
2022-12-21,12.50488,12.621947,12.159001,12.542129,74252800
2022-12-22,12.717728,13.068929,12.611304,12.765619,81894800
2022-12-23,12.840118,13.420132,12.840118,13.36692,68387900
2022-12-26,13.36692,13.462702,13.207283,13.271138,28765200
2022-12-27,13.436096,13.468023,13.06361,13.361599,50803200
2022-12-28,13.356276,13.473343,13.170033,13.196639,57293500
2022-12-29,13.297742,13.329669,12.999753,13.037002,57901800
2023-01-02,12.526163,12.669835,12.132391,12.196246,78424700
2023-01-03,12.20689,12.292029,11.77587,11.887616,96750300
2023-01-04,11.685412,12.552772,11.616236,12.265426,129504000
2023-01-05,12.419741,12.792227,12.318637,12.707087,73886000
2023-01-06,12.739013,12.941219,12.531485,12.632588,51851500
2023-01-09,12.504878,12.77094,12.371848,12.701764,46385200
2023-01-10,12.744337,12.829477,12.435706,12.818834,52741100
2023-01-11,12.850761,13.100859,12.797548,12.919937,53536500
2023-01-12,12.925257,13.11682,12.829474,13.106177,58130000
2023-01-13,13.005074,13.12214,12.90397,13.074249,40002700
2023-01-16,12.989112,13.037003,12.680481,12.792227,31973700
2023-01-17,12.829475,13.632981,12.829475,13.579768,91797500
2023-01-18,13.750047,13.85115,13.303064,13.340312,69692900
2023-01-19,13.303065,13.808581,13.191319,13.776653,75553300
2023-01-20,13.776652,14.154459,13.526554,14.032071,114219500
2023-01-23,13.978859,14.686582,13.904361,14.255563,87678100
2023-01-24,14.617409,14.649337,14.032075,14.154463,65794000
2023-01-25,14.127856,14.409881,13.84051,14.335384,51832900
2023-01-26,14.415198,14.473732,13.728759,13.968215,73344800
2023-01-27,13.930969,13.957574,13.537198,13.63298,47681900
2023-01-30,13.755369,13.872435,13.574447,13.702156,40683200
2023-01-31,13.638299,13.94693,13.579767,13.872434,54048900
2023-02-01,13.872436,14.090607,13.542521,13.680872,56349200
2023-02-02,13.574446,13.734082,12.994432,13.047645,83823000
2023-02-03,13.058288,13.50527,12.994433,13.191319,71170700
2023-02-06,13.233885,13.766008,13.17003,13.718117,82794500
2023-02-07,13.787295,13.909683,13.54784,13.63298,55311800
2023-02-08,13.728763,13.915006,13.601054,13.861794,48713100
2023-02-09,13.861792,14.005466,13.723442,13.797938,38198300
2023-02-10,13.824543,14.255563,13.797937,14.218313,54683100
2023-02-13,14.202351,14.308775,14.032072,14.260884,36726900
2023-02-14,14.287491,14.399237,14.154461,14.207673,35839000
2023-02-15,14.143816,14.260882,13.994821,14.228955,72554100
2023-02-16,14.154461,14.340704,14.095927,14.287492,44115700
2023-02-17,14.191709,14.191709,14.032072,14.069321,61085700
2023-02-22,13.835186,13.89372,13.670228,13.707477,38608500
2023-02-23,13.712798,14.255564,13.712798,14.127853,73913400
2023-02-24,14.191708,14.207672,13.766011,13.781974,64409100
2023-02-27,13.750048,14.228958,13.734084,13.915006,76250600
2023-02-28,13.946933,14.324741,13.430775,13.430775,130248100
2023-03-01,13.468022,13.531877,12.872045,13.462701,109257700
2023-03-02,13.526556,13.659586,12.967827,13.1115,124516200
2023-03-03,13.212602,13.696834,13.010396,13.67555,87591800
2023-03-06,13.675548,13.89904,13.499948,13.813899,50227400
2023-03-07,13.686193,13.718121,13.265817,13.356277,59052500
2023-03-08,13.382881,13.792615,13.372238,13.526554,66220400
2023-03-09,13.489308,13.957575,13.452059,13.468022,68042300
2023-03-10,13.3882,13.611691,13.271133,13.292418,48118600
2023-03-13,13.063607,13.228566,12.824153,12.872044,58605500
2023-03-14,12.919934,13.159389,12.558091,12.64323,58916700
2023-03-15,12.41442,12.494238,12.132395,12.419742,93708800
2023-03-16,12.451666,12.515522,12.222854,12.37717,66821000
2023-03-17,12.292033,12.510203,12.164324,12.510203,93502700
2023-03-20,12.510201,12.584697,12.180284,12.20157,57575200
2023-03-21,12.345242,12.558091,12.281387,12.451666,43391200
2023-03-22,12.446348,12.568737,12.260106,12.414421,46435600
2023-03-23,12.435706,12.595342,12.02065,12.132395,74711200
2023-03-24,12.084503,12.307995,11.962116,12.127074,52556800
2023-03-27,12.297353,12.430384,12.148358,12.334601,39148700
2023-03-28,12.355885,12.579376,12.318636,12.552771,29091100
2023-03-29,12.616625,12.792226,12.488916,12.717729,49148600
2023-03-30,12.903974,12.919938,12.600664,12.754979,56116900
2023-03-31,12.770942,12.888009,12.350565,12.478275,59547800
2023-04-03,12.818833,13.037003,12.664517,13.031682,73931200
2023-04-04,13.106178,13.175355,12.824154,12.914615,57505700
2023-04-05,12.872044,13.052966,12.382492,12.957184,93626400
2023-04-06,12.951863,12.994433,12.744336,12.770942,29565400
2023-04-10,12.786905,13.122141,12.786905,13.042323,41455900
2023-04-11,13.143426,13.675549,13.106177,13.654263,80565000
2023-04-12,13.824544,13.915005,13.398846,13.755368,71563400
2023-04-13,13.755368,13.883078,13.728762,13.851151,38852800
2023-04-14,13.728761,14.048035,13.686191,13.994823,38421100
2023-04-17,13.962897,14.260886,13.946933,14.212995,49427100
2023-04-18,14.212995,14.697228,14.111893,14.574839,99478800
2023-04-19,14.452449,14.532267,14.074642,14.106569,73217800
2023-04-20,14.111889,14.356665,13.989501,14.20235,54738400
2023-04-24,14.154462,14.505663,14.10125,14.473736,43820900
2023-04-25,14.45245,14.633371,14.218315,14.415201,53854100
2023-04-26,14.431163,14.484374,14.234277,14.234277,40249400
2023-04-27,14.287491,14.463091,13.787296,13.888399,115632700
2023-04-28,14.146247,14.415984,13.876509,14.206189,81138500
2023-05-02,14.20619,14.230166,13.570807,13.630749,67911100
2023-05-03,13.546829,13.780601,13.438933,13.582793,51133700
2023-05-04,13.720662,14.014376,13.552826,13.798587,57854400
2023-05-05,13.966419,14.487912,13.894489,14.386011,83365200
2023-05-08,14.655751,14.763645,14.511889,14.691715,59352300
2023-05-09,14.631776,14.865549,14.529875,14.739672,33978200
2023-05-10,14.739667,14.877532,14.583818,14.703702,41500700
2023-05-11,14.463939,15.273153,14.344056,15.243182,136878100
2023-05-12,15.333087,16.028411,15.273145,15.734696,117237500
2023-05-15,15.620812,15.67476,15.225197,15.381045,81996700
2023-05-16,15.650785,16.202249,15.632802,15.764673,117782700
2023-05-17,15.944498,16.040404,15.291133,15.381045,107129200
2023-05-18,15.339087,15.494936,15.195227,15.470959,63010500
2023-05-19,15.632798,15.692739,15.369054,15.446979,69245500
2023-05-22,15.512917,15.590842,15.285139,15.35707,38010200
2023-05-23,15.375046,15.842592,15.297122,15.734696,58285300
2023-05-24,15.7347,16.124321,15.614816,15.974466,54796400
2023-05-25,16.064378,16.088355,15.698734,15.854583,49182700
2023-05-26,16.070373,16.130315,15.902537,16.064379,39866600
2023-05-29,16.034409,16.076368,15.92052,15.998445,17977100
2023-05-30,16.016426,16.06438,15.740695,15.818619,45736700
2023-05-31,15.746689,15.800636,15.506922,15.656776,49207600
2023-06-01,15.764674,16.184267,15.680756,16.16029,63148200
2023-06-02,16.442014,16.543915,16.250201,16.29216,39919300
2023-06-05,16.50795,16.519938,16.32213,16.46599,39321700
2023-06-06,16.454003,16.933536,16.310141,16.813652,75426600
2023-06-07,17.173301,17.419062,17.04143,17.305174,82330400
2023-06-09,17.44304,18.216288,17.395087,18.150352,80442400
2023-06-12,18.114386,18.575938,18.006492,18.468042,119350400
2023-06-13,18.674705,18.674705,18.25957,18.432011,79174900
2023-06-14,18.483102,19.223959,18.444781,19.223959,98326000
2023-06-15,19.287825,19.70296,18.700249,18.770502,120579500
2023-06-16,18.668316,19.108998,18.546969,18.93017,94572000
2023-06-19,18.92378,19.453876,18.872686,19.428329,34573900
2023-06-20,19.351693,19.639094,19.096225,19.524134,55605300
2023-06-21,19.754053,20.437429,19.702959,20.341629,89294300
2023-06-22,20.092548,20.239443,19.849854,20.086163,43455800
2023-06-23,19.926499,19.977592,19.08984,19.262281,76023400
2023-06-26,19.236733,19.830695,19.236733,19.696575,53635000
2023-06-27,19.754056,19.926497,19.377241,19.543295,48399600
2023-06-28,19.530523,19.913725,19.511362,19.72851,36794600
2023-06-29,19.79876,19.875401,19.64548,19.817921,32071800
2023-06-30,19.798763,19.849856,18.725797,18.859919,104262900
2023-07-03,18.981264,19.275053,18.981264,19.211185,31266900
2023-07-04,19.134542,19.40917,19.134542,19.25589,18308000
2023-07-05,19.26228,19.51136,18.942945,19.230347,53585500
2023-07-06,19.064288,19.160089,18.617219,18.936554,47685700
2023-07-07,19.006808,19.287823,18.75134,18.840754,55533500
2023-07-10,18.591673,18.949327,18.527805,18.872686,25590200
2023-07-11,18.859915,18.859915,18.52142,18.61722,40877000
2023-07-12,18.649156,19.013197,18.610835,18.629995,40181800
2023-07-13,18.566124,18.981259,18.546965,18.923779,35886500
2023-07-14,18.840752,18.891846,18.432004,18.55335,34451100
2023-07-17,18.144607,18.578903,17.85082,18.515036,52160800
2023-07-18,18.521419,18.649154,18.336205,18.412846,35640400
2023-07-19,18.400069,18.604443,18.246788,18.585283,46517700
2023-07-20,18.566127,18.744955,18.444779,18.604446,33177100
2023-07-21,18.617222,19.070678,18.604448,18.955717,52059200
2023-07-24,19.032355,19.421944,19.006809,19.35169,45268100
2023-07-25,19.479425,19.830692,19.287824,19.798759,56261000
2023-07-26,19.766826,19.939266,19.562451,19.798759,45880200
2023-07-27,19.70296,19.728507,18.764115,18.770502,86471900
2023-07-28,18.79605,19.128159,18.725796,19.006811,43608600
2023-07-31,19.35169,19.894559,19.35169,19.869013,91290800
2023-08-01,19.856243,19.856243,19.12816,19.543295,75752400
2023-08-02,19.485813,19.53052,19.032357,19.498587,62068400
2023-08-03,19.754054,19.881787,19.556067,19.747667,57304400
2023-08-04,19.607159,19.888173,18.994035,19.160089,120685800
2023-08-07,19.070678,19.479426,19.070678,19.281439,44984900
2023-08-08,19.102613,19.409174,18.981265,19.3006,34771300
2023-08-09,19.294213,19.619935,19.26228,19.45388,48561500
2023-08-10,19.351693,19.709349,19.236734,19.562454,54020200
2023-08-11,19.549682,19.82431,19.26228,19.517748,39403200
2023-08-14,19.466651,19.632705,19.332531,19.568838,27992700
2023-08-15,20.469365,20.533233,19.702962,19.709349,87366200
2023-08-16,19.798764,20.42466,19.722123,20.143646,74461000
2023-08-17,20.277764,20.558778,19.996749,20.079777,57570600
2023-08-18,20.060615,20.233056,19.913721,20.130869,45579700
2023-08-21,20.245829,20.456589,19.779599,19.99036,42236900
2023-08-22,20.221959,20.294891,20.049575,20.294891,31372200
2023-08-23,20.686068,21.375605,20.613136,21.375605,95507400
2023-08-24,21.395494,21.693851,21.110397,21.342451,49332300
2023-08-25,21.468422,21.528093,21.083872,21.196585,34079000
2023-08-28,21.282778,21.441903,21.123656,21.435274,24956100
2023-08-29,21.481684,21.547984,21.209846,21.481684,40607500
2023-08-30,21.48831,21.680585,21.415378,21.627542,34637900
2023-08-31,21.687219,21.740262,21.136917,21.176699,48971500
2023-09-01,21.355709,21.673956,21.189955,21.634176,50089200
2023-09-04,21.667326,21.693847,21.355708,21.408751,21667400
2023-09-05,21.395488,22.204367,21.362338,22.124804,75082900
2023-09-06,22.111545,22.409902,22.025354,22.224258,57856500
2023-09-08,22.197741,22.323713,22.051877,22.144701,39074100
2023-09-11,22.191107,22.336968,22.098285,22.124804,30276200
2023-09-12,22.244149,22.396642,22.20437,22.230888,31963000
2023-09-13,22.310451,22.343601,21.89938,21.89938,47685700
2023-09-14,21.945789,22.542503,21.945789,22.45631,46502100
2023-09-15,22.456315,22.535879,22.283933,22.469576,54801500
2023-09-18,22.542508,23.013248,22.443054,22.6287,52363400
2023-09-19,22.681744,22.95358,22.588922,22.681744,43247200
2023-09-20,22.64196,22.946946,22.549135,22.734781,39102300
2023-09-21,22.542511,22.734786,22.297196,22.383387,60109400
2023-09-22,22.555768,22.668479,22.416535,22.562397,31020500
2023-09-25,22.509354,22.7613,22.496093,22.708258,26767200
2023-09-26,22.542509,22.602181,22.184481,22.184481,60687500
2023-09-27,22.449684,22.887274,22.396642,22.887274,53708700
2023-09-28,22.840862,22.900534,22.681738,22.840862,30765000
2023-09-29,22.874013,22.999985,22.70826,22.966835,40227600
2023-10-02,22.907163,23.053027,22.496095,22.622066,34403400
2023-10-03,22.522615,22.694998,22.29719,22.522615,37947300
2023-10-04,22.277297,22.350229,21.475049,21.627542,88895900
2023-10-05,21.554615,21.839712,21.408754,21.70048,35342000
2023-10-06,21.614283,22.423162,21.435271,22.217627,48132800
2023-10-09,22.641963,23.258567,22.60881,23.172375,77528400
2023-10-10,23.139222,23.430948,23.03314,23.344755,48326500
2023-10-11,23.298346,23.371278,22.867388,23.285086,41578500
2023-10-13,23.729308,24.107226,23.722676,24.054184,66943700
2023-10-16,24.133744,24.398949,23.842016,24.319387,49626600
2023-10-17,24.332644,24.975767,24.286234,24.975767,68814800
2023-10-18,25.187942,25.599011,25.134899,25.539339,85931700
2023-10-19,25.433249,25.506181,25.141521,25.419989,56016600
2023-10-20,25.652044,25.764758,24.790126,25.095112,66242400
2023-10-23,24.259714,24.398946,23.377903,23.437574,104499100
2023-10-24,23.636482,23.994508,23.318232,23.788975,78634900
2023-10-25,23.921577,24.054178,23.702781,23.914946,32846500
2023-10-26,23.769085,23.822127,23.304976,23.669634,47858600
2023-10-27,24.007768,24.173521,23.318231,23.497246,45843100
2023-10-30,23.590071,23.682893,23.1127,23.258564,31346900
2023-10-31,23.212148,23.324862,22.867383,23.033136,36965200
2023-11-01,23.218785,23.563553,23.139224,23.285086,46335300
2023-11-03,23.729307,23.795607,23.238674,23.563553,30959700
2023-11-06,23.696155,23.95473,23.543659,23.543659,33583600
2023-11-07,23.251934,23.483989,22.980098,23.152481,48919900
2023-11-08,22.940315,23.072918,22.482835,22.655218,59742900
2023-11-09,22.874013,23.304974,22.781191,23.125959,56231100
2023-11-10,22.980097,23.245304,22.880643,23.019878,40004800
2023-11-13,22.99336,23.702786,22.986728,23.663004,44120000
2023-11-14,23.663002,24.027663,23.530401,23.987881,50888600
2023-11-16,23.855276,24.193415,23.537029,23.570179,72361200
2023-11-17,23.75582,24.478504,23.749189,24.339272,87666300
2023-11-20,24.379059,24.677416,24.047551,24.359169,67796900
2023-11-21,24.226563,24.226563,23.808863,24.10722,49597800
2023-11-22,24.046075,24.225214,23.598225,24.225214,58578300
2023-11-23,24.204543,24.287223,23.984064,24.232101,24068100
2023-11-24,24.10119,24.67995,23.91516,24.301001,53456200
2023-11-27,24.114971,24.390571,23.942721,24.1632,36996000
2023-11-28,24.232102,24.542152,24.218324,24.528372,36875900
2023-11-29,24.735074,24.824642,24.073633,24.273443,37528600
2023-11-30,24.43191,24.748849,24.280332,24.741961,58808800
2023-12-01,24.611055,24.803974,24.480143,24.576603,36388100
2023-12-04,24.418128,24.493918,24.011619,24.052959,35601900
2023-12-05,24.059853,24.232103,23.894494,23.942724,43234200
2023-12-06,23.804923,23.977173,23.081474,23.081474,64179200
2023-12-07,23.184824,23.549993,22.764534,23.026352,64723900
2023-12-08,23.226163,23.798034,23.067693,23.763584,53290700
2023-12-11,23.742912,23.901382,23.591334,23.674013,30613300
2023-12-12,23.804924,23.839374,23.288175,23.481096,30371500
2023-12-13,23.570661,23.85315,23.522431,23.818701,38992900
2023-12-14,24.114977,24.624838,24.004737,24.335457,57950000
2023-12-15,24.30789,24.659281,24.114971,24.390572,56570100
2023-12-18,24.631721,25.01067,24.514593,24.693731,44474300
2023-12-19,24.776407,24.976217,24.673059,24.976217,32183000
2023-12-20,25.058906,25.313838,25.003788,25.065798,38947900
2023-12-21,25.265598,25.27249,24.8522,25.07268,30511900
2023-12-22,25.14847,25.35517,25.0589,25.313831,31234700
2023-12-26,25.396518,25.747906,25.375849,25.720348,23466800
2023-12-27,25.713448,25.789238,25.582539,25.741009,19588500
2023-12-28,25.651439,25.74101,25.520531,25.658331,21421900
2024-01-02,25.79613,26.10618,25.768572,26.03039,24043800
2024-01-03,26.04417,26.953648,25.954599,26.843409,52300200
2024-01-04,26.953645,27.112115,26.533356,26.616037,45344900
2024-01-05,26.781399,26.967429,26.46446,26.678051,35783700
2024-01-08,26.443793,26.478243,25.913264,26.478243,35158100
2024-01-09,26.643599,26.69872,26.20264,26.25087,27279000
2024-01-10,26.250867,26.367998,25.844357,26.009718,27382000
2024-01-11,26.168194,26.285325,25.975275,26.230204,26564400
2024-01-12,26.526474,26.684943,26.299103,26.299103,24479500
2024-01-15,26.175079,26.609147,26.085509,26.581589,13818300
2024-01-16,26.602261,26.726281,26.237092,26.25087,31277700
2024-01-17,26.161303,26.285323,26.057952,26.099293,27577300
2024-01-18,26.278431,26.278431,25.878813,25.995941,22987200
2024-01-19,26.051061,26.113071,25.65144,25.858139,31745200
2024-01-22,25.837471,26.051062,25.651441,25.975271,22753700
2024-01-23,26.071734,26.436903,25.789245,26.299103,32498500
2024-01-24,26.381782,26.554032,26.023502,26.099293,25415300
2024-01-25,26.361107,27.063887,26.271539,27.063887,48655300
2024-01-26,26.93987,27.62198,26.808961,27.53241,41378200
2024-01-29,27.55997,27.96648,27.442842,27.9527,30547500
2024-01-30,27.677096,28.069828,27.594417,27.780447,34829000
2024-01-31,27.71844,28.414331,27.68399,28.083609,57978900
2024-02-01,28.097385,28.855286,28.021595,28.641695,61629200
2024-02-02,28.648584,28.786382,28.262744,28.269632,36485600
2024-02-05,28.255857,28.717488,28.200739,28.393658,27703000
2024-02-06,28.559018,29.179116,28.434998,28.655478,35474600
2024-02-07,28.607253,29.075773,28.538352,29.075773,30648100
2024-02-08,29.144666,29.248017,28.841507,28.841507,25589100
2024-02-09,29.034429,29.16534,28.455669,28.455669,30388000
2024-02-14,28.317868,28.52457,28.15251,28.242081,18315300
2024-02-15,28.255859,29.144669,28.145619,29.144669,33246400
2024-02-16,28.999979,29.551178,28.97931,29.413378,37268900
2024-02-19,29.461607,29.585627,29.323809,29.558069,12826700
2024-02-20,29.468492,29.502941,29.006861,29.248013,42375400
2024-02-21,29.24801,29.43404,29.027531,29.289349,20873800
2024-02-22,29.399594,29.406485,28.800165,29.068874,32162800
2024-02-23,29.034432,29.103334,28.669263,28.869074,43924500
2024-02-26,28.86907,29.440938,28.820841,29.413378,25885700
2024-02-27,29.420264,29.502943,29.199784,29.372034,27678100
2024-02-28,29.296246,29.585624,27.442839,27.856237,112322000
2024-02-29,27.966476,28.414326,27.456615,27.656425,61899800
2024-03-01,27.801119,28.145619,27.65643,27.68399,31248500
2024-03-04,27.745998,28.076718,27.573749,27.615089,21988000
2024-03-05,27.628869,27.814899,27.291261,27.53241,30293300
2024-03-06,27.697766,28.138725,27.635756,28.138725,45481000
2024-03-07,28.000928,28.207627,27.752888,27.828678,50199800
2024-03-08,24.735073,25.534312,24.183872,25.286272,230369800
2024-03-11,24.576602,26.002833,24.321673,24.562824,127528700
2024-03-12,25.045121,25.651441,24.914212,25.368952,76139100
2024-03-13,25.424078,25.720348,25.017568,25.065798,45140600
2024-03-14,25.313835,25.437852,24.907325,24.955555,39983400
2024-03-15,25.010674,25.114025,24.762634,25.024454,59362500
2024-03-18,25.086459,25.300049,24.45947,25.038229,35326100
2024-03-19,25.072679,25.389618,24.500811,24.8522,48540800
2024-03-20,24.962442,25.313833,24.673063,25.286272,39017900
2024-03-21,25.38962,25.534312,24.583493,24.597273,47220200
2024-03-22,24.735073,24.955552,24.411242,24.838421,34426800
2024-03-25,24.927991,25.375841,24.91421,25.217369,26951500
2024-03-26,25.265602,25.265602,24.921102,24.983112,24837800
2024-03-27,24.99689,25.258711,24.886651,25.18292,19995700
2024-03-28,25.148469,25.851249,25.1278,25.741009,31958200
2024-04-01,25.837475,25.982165,25.637665,25.940826,23697800
2024-04-02,26.057953,26.629824,26.023503,26.609152,45930700
2024-04-03,26.664267,26.877856,26.333548,26.471346,31437200
2024-04-04,26.505801,27.201689,25.789241,26.16819,165566800
2024-04-05,26.113072,26.5747,25.6101,26.25087,65469200
2024-04-08,26.202636,26.912307,25.995937,26.616037,36384400
2024-04-09,26.802073,26.967432,26.223314,26.684942,36989300
2024-04-10,26.684938,27.373937,26.636708,27.277477,55821500
2024-04-11,27.28437,27.39461,27.008772,27.077671,33195300
2024-04-12,27.367051,27.594419,26.664272,26.82963,39613500
2024-04-15,26.829631,27.181022,26.616043,27.084562,28692000
2024-04-16,26.877852,27.360152,26.836514,27.208574,37303000
2024-04-17,27.208582,27.525521,27.105231,27.40839,39221700
2024-04-18,27.55997,27.96648,27.318822,27.456619,45078800
2024-04-19,27.594421,28.297201,27.449732,27.92514,80546900
2024-04-22,28.083609,28.65548,27.918251,28.59347,51775500
2024-04-23,28.524566,28.683035,28.221404,28.538343,35456900
2024-04-24,28.627914,28.931075,28.393654,28.407434,45388300
2024-04-25,28.524569,29.268687,28.304089,29.089548,66372400
2024-04-26,29.245388,29.59245,29.089563,29.500374,31899100
2024-04-29,29.379964,29.854521,29.266637,29.854521,27886000
2024-04-30,29.748275,29.897016,29.479124,29.762442,36635400
2024-05-02,29.925351,30.01743,29.634951,29.875771,33244700
2024-05-03,30.087264,30.087264,29.170377,29.495724,45114200
2024-05-06,29.480935,29.843256,29.370023,29.69537,22977200
2024-05-07,29.687973,30.057686,29.577058,30.057686,23808600
2024-05-08,29.835857,30.560497,29.806282,30.51613,25352000
2024-05-09,30.360844,30.937595,30.272111,30.811892,27206400
2024-05-10,30.937603,31.12246,30.686198,30.745354,27968700
2024-05-13,30.863662,31.03373,30.693592,30.774929,18394300
2024-05-14,30.139017,30.538308,29.695362,30.220354,53613200
2024-05-15,27.802429,28.697137,27.728488,28.393972,131281100
2024-05-16,28.32003,28.578831,27.53624,27.565815,83168500
2024-05-17,27.617576,27.669336,26.996458,27.129555,67207900
2024-05-20,27.159133,27.536242,27.085191,27.173922,40400400
2024-05-21,27.203497,27.425325,27.040823,27.12216,27967400
2024-05-22,26.989065,27.698913,26.922516,27.491875,36528800
2024-05-23,27.684125,27.883771,27.040825,27.218288,47987800
2024-05-24,27.41054,27.49927,27.040826,27.070404,23684700
2024-05-27,27.151734,27.417928,27.129549,27.366165,13623300
2024-05-28,27.684125,28.312639,27.661943,27.950319,46437700
2024-05-29,27.883768,28.039046,27.684122,27.913345,29246800
2024-05-31,28.046447,28.756295,28.024265,28.682354,53929400
2024-06-03,28.711928,28.785869,28.423549,28.527071,43454500
2024-06-04,28.393976,28.416158,27.876377,28.20912,34090200
2024-06-05,28.290456,28.41616,28.149966,28.246092,18627100
2024-06-06,28.305242,28.630592,28.297849,28.379187,25944100
2024-06-07,28.260875,28.445732,27.255255,27.314407,46003600
2024-06-10,27.499268,28.142571,27.447508,27.728491,32560900
2024-06-11,27.957711,28.098201,27.728488,27.846796,31131300
2024-06-12,28.10023,28.176278,27.081169,27.240871,52182400
2024-06-13,27.30171,27.52225,26.503189,26.967091,46233500
2024-06-14,26.989908,26.997511,25.970847,26.373907,53534900
2024-06-17,26.168576,26.716132,26.062107,26.472775,40941800
2024-06-18,26.533614,27.484231,26.48038,27.301714,36180700
2024-06-19,27.30171,27.469017,27.050746,27.324524,20776200
2024-06-20,27.545066,28.054595,27.529856,27.758003,39442900
2024-06-21,27.79603,28.107832,27.666747,27.902498,43340200
2024-06-24,28.016572,28.183882,27.742794,28.183882,24599400
2024-06-25,28.176278,28.229512,27.955734,28.161068,18572600
2024-06-26,27.98615,28.229508,27.917705,28.206694,25553200
2024-06-27,28.526099,28.868321,28.381606,28.678198,37731000
2024-06-28,28.746646,29.028028,28.678202,28.936769,22019700
2024-07-01,29.134503,29.476723,29.035638,29.377861,24963500
2024-07-02,29.529957,29.735287,29.233362,29.286596,33346200
2024-07-03,29.431094,29.499538,28.716228,28.777069,38509400
2024-07-04,28.822702,28.86833,28.229515,28.381615,32698800
2024-07-05,28.480474,28.632574,28.221906,28.533709,32758800
2024-07-08,28.503291,29.294205,28.358798,29.233364,48845900
2024-07-09,29.24097,29.431093,29.104081,29.22576,34832500
2024-07-10,29.271385,29.32462,28.883532,28.951977,32899700
2024-07-11,29.020426,29.24097,28.982402,29.149712,17229400
2024-07-12,29.225762,29.2866,29.005218,29.012825,15779100
2024-07-15,29.126896,29.453909,29.050848,29.278996,22969200
2024-07-16,29.164917,29.278992,28.9824,29.202944,19637000
2024-07-17,29.225759,29.423486,29.157315,29.355042,24606100
2024-07-18,29.27899,29.400669,29.164915,29.301804,21315500
2024-07-19,29.278992,29.484326,29.195337,29.423485,30593100
2024-07-22,29.34744,29.34744,28.80749,28.837908,25807800
2024-07-23,28.837907,28.898748,28.465267,28.465267,25284700
2024-07-24,28.640177,28.898744,28.518498,28.693411,23863800
2024-07-25,28.564129,28.708622,28.343586,28.655388,19562600
2024-07-26,28.647783,28.997613,28.45766,28.624969,32043200
2024-07-29,28.526102,28.685808,27.697164,28.046993,39790000
2024-07-30,27.765606,27.963336,27.674348,27.872078,16040700
2024-07-31,28.176276,28.450054,28.107832,28.450054,28561100
2024-08-01,28.708624,28.769465,27.978551,28.016575,29756300
2024-08-02,27.92532,27.986158,27.17243,27.17243,36483900
2024-08-05,26.465169,27.149614,26.31307,27.149614,44765900
2024-08-06,27.073559,27.879683,26.875832,27.621115,36009000
2024-08-07,27.91011,27.948134,27.377764,27.583097,25020500
2024-08-08,27.643933,28.100231,27.49944,28.024179,29870300
2024-08-09,27.476624,28.100229,27.058354,27.76561,66082100
2024-08-12,27.986151,28.754251,27.986151,28.396818,39655100
2024-08-13,28.541314,28.617365,28.11544,28.221909,28557200
2024-08-14,28.282747,28.898748,28.259934,28.716228,37955500
2024-08-15,28.936771,29.324624,28.898746,29.157314,33409000
2024-08-16,29.028031,29.484329,28.921563,29.278996,35472700
2024-08-19,29.355043,29.499539,29.202947,29.233364,28138200
2024-08-20,29.278992,29.415881,28.815091,29.119289,27322600
2024-08-21,29.415885,29.49954,28.853119,28.94438,38491900
2024-08-22,29.158057,29.1737,28.829561,29.032915,26334300
2024-08-23,29.228447,29.353589,28.853022,28.853022,29239000
2024-08-26,29.611697,30.980436,29.494375,30.94915,102270300
2024-08-27,30.698863,30.792718,30.464222,30.534615,35073100
2024-08-28,30.456402,31.17597,30.331261,30.972612,43284500
2024-08-29,31.01172,31.152505,30.722327,30.761436,25356600
2024-08-30,30.6754,31.011719,30.409474,30.792719,84437200
2024-09-02,30.761437,30.816186,30.417295,30.50333,15288400
2024-09-03,30.33908,30.362543,30.018404,30.135723,35866300
2024-09-04,30.299975,30.440757,30.127904,30.143547,28851300
2024-09-05,30.229581,30.417292,29.955832,29.955832,26206600
2024-09-06,30.010584,30.073156,29.306663,29.369232,32971700
2024-09-09,29.596052,29.916727,29.41616,29.689907,30521800
2024-09-10,29.65862,29.65862,28.939056,29.197163,37263500
2024-09-11,29.533481,29.588233,28.837379,29.165878,32907000
2024-09-12,29.165878,29.189342,28.743524,28.837379,22103300
2024-09-13,29.02509,29.369229,28.618379,28.704414,34729600
2024-09-16,29.126774,29.502199,29.064201,29.103308,22614800
2024-09-17,29.072016,29.087659,28.704414,28.970341,23443700
2024-09-18,28.868667,28.88431,28.274244,28.274244,38777000
2024-09-19,28.602742,28.76699,28.305529,28.368101,25059700
2024-09-20,28.368098,28.469777,28.21167,28.360275,48336200
2024-09-23,28.461956,28.907773,28.328994,28.64967,28218500
2024-09-24,29.118951,29.181523,28.720062,28.766989,35104100
2024-09-25,29.017271,29.275377,28.907772,28.978165,38655300
2024-09-26,28.876483,28.876483,28.133456,28.352453,58048200
2024-09-27,28.454133,28.454133,28.102171,28.242956,34537400
2024-09-30,28.282065,28.375921,28.094351,28.164743,21146300
2024-10-01,28.164737,29.345765,28.023955,28.91559,49748200
2024-10-02,29.525661,29.666446,29.212805,29.314484,32014500
2024-10-03,29.283197,29.75248,29.103305,29.674265,31033000
2024-10-04,29.838516,29.877622,29.463087,29.596052,22526800
2024-10-07,29.752478,30.018405,29.64298,30.010582,36418000
2024-10-08,29.306661,29.525658,29.291018,29.408337,34142000
2024-10-09,29.228448,29.34577,28.946879,29.11113,30789800
2024-10-10,29.251911,29.517837,29.189338,29.447445,20630100
2024-10-11,29.408338,29.447447,29.18934,29.423981,16343000
2024-10-14,29.30666,29.642979,29.212802,29.494371,22279000
2024-10-15,29.103309,29.259737,28.98599,29.251917,28204600
2024-10-16,29.369234,29.3927,29.087665,29.103308,23041200
2024-10-17,29.103309,29.103309,28.696598,28.884312,22174300
2024-10-18,28.923412,28.993804,28.477594,28.806093,32000800
2024-10-21,28.939056,28.978162,28.313347,28.352453,28390000
2024-10-22,28.313349,28.391561,28.149101,28.242956,29144300
2024-10-23,28.086527,28.10999,27.820601,27.890993,30769100
2024-10-24,28.039599,28.180384,27.812782,28.078709,23058900
2024-10-25,28.125636,28.540171,28.039601,28.274244,32585900
2024-10-28,27.758039,28.258606,27.640717,28.22732,27507100
2024-10-29,28.41503,28.485419,28.000495,28.164743,26090200
2024-10-30,28.250776,28.44631,28.039598,28.039598,26144700
2024-10-31,28.055241,28.196026,27.86753,28.086527,25597000
2024-11-01,28.31335,28.446312,27.609426,27.703281,30605300
2024-11-04,28.07871,28.117816,27.671998,27.765854,24003600
2024-11-05,27.765851,27.844063,27.398246,27.679815,23990600
2024-11-06,27.413893,27.734569,27.406073,27.687643,28440800
2024-11-07,27.75803,28.070883,27.585959,27.77367,34081200
2024-11-08,28.0396,28.407205,27.79714,28.297707,49865100
2024-11-11,28.149099,28.485415,28.078707,28.352453,21446300
2024-11-12,28.438494,29.025097,28.422851,28.884312,39412300
2024-11-13,28.899951,28.993806,28.571452,28.845201,34090000
2024-11-14,28.876486,29.197165,28.82956,29.150236,30262100
2024-11-18,29.095486,29.955835,29.095486,29.877623,39004100
2024-11-19,29.799402,29.95583,29.447443,29.564762,26002700
2024-11-21,29.69773,29.822872,29.369231,29.650801,36048400
2024-11-22,30.276513,31.152508,30.088802,30.831829,85234900
2024-11-25,30.800543,31.175969,30.620652,30.644115,41119500
2024-11-26,30.784892,30.902211,30.550252,30.605001,35188200
2024-11-27,30.659756,30.784898,30.307794,30.495508,30600700
2024-11-28,30.354726,30.737972,30.018407,30.182655,33113500
2024-11-29,30.112262,30.675401,30.041869,30.425117,44011700
2024-12-02,30.425121,30.816189,30.323442,30.620655,31711800
2024-12-03,30.816183,30.894396,30.5659,30.894396,22536200
2024-12-04,30.894402,31.175972,30.487691,30.698868,31584400
2024-12-05,30.808364,31.136863,30.66758,31.003899,25214200
2024-12-06,31.003898,31.050828,30.472045,30.526794,31118500
2024-12-09,30.800547,31.418433,30.784904,31.316757,28548700
2024-12-10,31.520108,31.621787,31.371503,31.434072,21837600
2024-12-11,31.559211,31.879887,31.246358,31.746925,46900900
2024-12-12,31.488115,31.626362,31.000178,31.179089,38310600
2024-12-13,31.390525,31.496245,30.837531,30.983912,23235400
2024-12-16,31.057104,31.11403,30.764346,30.853798,21349400
2024-12-17,30.853791,31.301068,30.764339,31.146553,39617200
2024-12-18,31.130292,31.227882,30.341465,30.341465,58126400
2024-12-19,30.626095,30.845667,30.073101,30.219482,43268400
2024-12-20,30.219484,30.373996,29.853531,29.967382,59277400
2024-12-23,30.089363,30.130023,29.86166,29.975512,43785600
2024-12-26,30.082649,30.395042,30.057318,30.200851,22920700
2024-12-27,30.395039,30.395039,30.06576,30.107975,24167200
2024-12-30,30.209291,30.707432,30.200849,30.555456,22355600
2025-01-02,30.749645,31.315332,30.555455,31.045155,30046800
2025-01-03,31.138029,31.273118,30.665216,30.715876,23314200
2025-01-06,30.901625,30.977613,30.445702,30.572346,23760200
2025-01-07,30.859408,31.450423,30.648331,31.22246,37753300
2025-01-08,31.230906,31.340663,30.758093,30.96917,24483500
2025-01-09,30.986057,31.21402,30.986057,31.104259,11526600
2025-01-10,31.450423,31.678386,31.154917,31.188686,40328800
2025-01-13,31.492639,31.686829,31.214019,31.298449,22897100
2025-01-14,31.332223,31.34911,30.884742,31.087374,29173100
2025-01-15,31.180247,31.509526,31.070486,31.484198,32512700
2025-01-16,31.416652,31.441983,31.045158,31.281563,26733200
2025-01-17,31.24779,31.577073,31.112701,31.408211,39941100
2025-01-20,31.425096,31.6024,31.332222,31.484198,13912800
2025-01-21,31.323778,31.534854,31.002943,31.49264,23612200
2025-01-22,31.543298,31.771261,31.264675,31.315334,21832200
2025-01-23,31.34066,31.58551,30.986053,31.095814,26725700
2025-01-24,31.138033,31.15492,30.732766,30.935398,16216500
2025-01-27,30.876294,31.492637,30.791864,31.391321,29809700
2025-01-28,31.577069,31.653057,31.138029,31.349106,27621700
2025-01-29,31.408212,31.517973,31.036715,31.154921,18204400
2025-01-30,31.273117,31.669938,31.070482,31.568623,30916000
2025-01-31,31.568627,32.396047,31.450425,31.821918,37044800
2025-02-03,31.881021,31.923239,31.560187,31.661503,24877600
2025-02-04,31.492636,31.534851,31.08737,31.349106,34290300
2025-02-05,31.28156,31.298447,31.028269,31.121143,20539800
2025-02-06,31.104255,31.34066,30.986053,31.06204,17512400
2025-02-07,31.121144,31.264674,30.707432,30.884739,21438700
2025-02-10,31.078927,31.264672,31.00294,31.095814,17483300
2025-02-11,31.247786,31.315332,30.969166,31.095814,16624300
2025-02-12,30.943839,31.028268,30.487912,30.631443,37364500
2025-02-13,30.563901,30.673661,30.411925,30.665216,15351300
2025-02-14,30.766539,31.729051,30.732769,31.610846,40322000
2025-02-17,31.779705,32.016109,31.636174,31.805033,22615200
2025-02-18,31.847256,32.455154,31.838811,32.387611,44062600
2025-02-19,32.176531,32.640899,31.973896,32.455151,32648200
2025-02-20,32.438264,32.564911,32.345393,32.50581,26641200
2025-02-21,32.53114,32.53114,32.227189,32.412937,30115200
2025-02-24,32.505804,32.514246,31.914789,32.184967,27830300
2025-02-25,32.18497,32.455148,31.940123,32.041439,31960900
2025-02-26,32.29473,32.29473,31.872577,32.041439,27420200
2025-02-27,30.698996,31.019833,29.956005,30.910072,129693500
2025-02-28,30.80875,30.859407,30.234622,30.335938,55476800
2025-03-05,29.567617,29.643604,29.170792,29.229893,48552000
2025-03-06,29.390318,29.652051,28.731757,28.925947,47749600
2025-03-07,28.95128,29.491636,28.90062,29.238344,28074700
2025-03-10,29.196123,29.229893,28.706424,29.229893,35037200
2025-03-11,29.339656,29.466303,28.630438,28.790855,28805400
2025-03-12,28.841515,29.04415,28.672653,28.790855,20149100
2025-03-13,28.858403,29.162354,28.7402,29.077921,19263600
2025-03-14,29.213012,30.192407,29.018821,29.972889,41529400
2025-03-17,30.065766,30.741211,30.057321,30.530134,31175900
2025-03-18,30.555456,30.741205,30.319051,30.555456,15086400
2025-03-19,30.623008,30.673668,30.420373,30.530134,21180500
2025-03-20,30.530131,30.800309,30.192407,30.597677,46921900
2025-03-21,30.580794,31.26468,30.547021,31.07049,61175700
2025-03-24,30.986056,31.188688,30.817194,31.028271,20348000
2025-03-25,31.112701,31.678388,30.926955,31.273121,28036100
2025-03-26,31.365991,31.771258,31.365991,31.568623,26870300
2025-03-27,31.602401,32.058327,31.568628,31.805033,28444400
2025-03-28,31.78815,31.98234,31.315337,31.602402,22057700
2025-03-31,31.534856,31.779706,31.306896,31.374439,26049400
2025-04-01,31.49264,32.058327,31.40821,31.49264,19075600
2025-04-02,31.467312,31.49264,31.095818,31.408211,16959200
2025-04-03,30.52169,30.648334,30.065763,30.395042,65896000
2025-04-04,29.331216,29.559176,28.54601,29.170795,87263200
2025-04-07,28.63888,29.170795,27.954994,28.014095,85724900
2025-04-08,28.453135,28.655766,26.916495,27.017813,62128500
2025-04-09,26.435242,28.35182,26.20728,28.115412,106391600
2025-04-10,27.862124,27.87901,26.342372,26.367701,71250600
2025-04-11,26.595659,27.271104,25.987759,26.891167,65329400
2025-04-14,27.524396,27.760804,26.545002,26.78985,56015200
2025-04-15,26.789849,26.908053,26.156619,26.173506,58276900
2025-04-16,26.418355,26.570329,26.04686,26.173506,73227700
2025-04-17,26.535268,26.976513,26.353578,26.691002,65752700
2025-04-22,26.647741,27.037075,26.241104,26.751564,41683900
2025-04-23,27.123594,27.495624,26.388185,26.448748,71566500
2025-04-24,26.656393,26.68235,26.007504,26.327623,61589200
2025-04-25,26.249755,26.587177,26.12863,26.405489,35581500
2025-04-28,26.440098,26.63044,26.171891,26.301668,27362000
2025-04-29,26.215147,26.656393,26.08537,26.440096,33041100
2025-04-30,26.31032,26.457402,25.920985,25.946941,52798300
2025-05-02,26.128632,26.656395,25.929638,26.656395,33146600
2025-05-05,26.448752,26.492012,25.661432,25.661432,59011700
2025-05-06,26.050763,26.293014,25.920983,26.085369,52751300
2025-05-07,26.21515,26.21515,25.869075,26.206499,35050400
2025-05-08,26.466054,26.846737,26.344929,26.569876,44665000
2025-05-09,26.907296,26.976511,26.50931,26.74291,25075600
2025-05-12,27.599447,27.833046,27.38315,27.38315,53493600
2025-05-13,27.486973,27.902262,27.123595,27.798441,56165300
2025-05-14,27.685966,27.789787,27.426411,27.608099,28060100
2025-05-15,27.426412,27.763834,27.331241,27.573494,32468300
2025-05-16,27.547536,27.824396,27.391802,27.70327,48111800
2025-05-19,27.547536,27.772483,27.42641,27.668661,30200500
2025-05-20,27.729223,28.040691,27.642706,27.781136,33485800
2025-05-21,27.867654,28.023388,27.417759,27.469669,28724100
2025-05-22,27.374498,27.38315,27.002468,27.106291,42207300
2025-05-23,26.898648,27.166855,26.708307,27.166855,25732400
2025-05-26,27.218765,27.27933,26.941906,27.080336,21277100
2025-05-27,27.270677,27.400455,27.132248,27.279329,34361500
2025-05-28,27.400453,27.443711,27.192808,27.192808,30516200
2025-05-29,27.23607,27.253374,26.864039,27.028425,20778800
2025-05-30,26.950559,27.054382,26.734262,26.734262,45127700
2025-06-02,27.3745,27.383152,26.829433,26.889996,35111000
2025-06-03,26.630786,27.005115,26.19407,26.898165,59828700
2025-06-04,26.95164,27.138805,26.08712,26.158421,41952900
2025-06-05,26.292109,26.416885,26.033644,26.167334,23774000
2025-06-06,26.247546,26.586224,26.167333,26.443623,28069300
2025-06-09,26.042556,26.26537,25.721704,25.997993,43834800
2025-06-10,26.211895,26.933813,26.15842,26.782299,46241800
2025-06-11,27.005114,27.771596,27.005114,27.673557,52432400
2025-06-12,27.450744,28.440041,27.388356,28.29744,51729500
2025-06-13,29.50955,29.563023,28.671765,28.992619,74902600
2025-06-16,28.992619,29.349123,28.582641,28.707417,45972200
2025-06-17,28.858932,29.491724,28.850017,29.358034,57633400
2025-06-18,29.375863,29.598677,28.956974,29.331301,49342900
2025-06-20,29.170872,29.554113,29.081747,29.251085,85062700
2025-06-23,29.669978,29.71454,28.350915,28.520254,54592400
2025-06-24,27.887463,28.377654,27.753772,27.958763,48728300
2025-06-25,27.914199,28.110277,27.81616,27.81616,23127700
2025-06-26,27.940936,28.16375,27.905285,28.038973,17227000
2025-06-27,27.976587,28.030064,27.753772,27.81616,16482100
2025-06-30,27.816158,28.065711,27.718121,27.967672,23091100
2025-07-01,28.030061,28.137011,27.860721,28.06571,17014100
2025-07-02,28.145925,28.734157,28.056799,28.564816,28311600
2025-07-03,28.520252,28.867842,28.466777,28.662853,14322300
2025-07-04,28.520253,28.796544,28.493515,28.627203,9356900
2025-07-07,28.627204,28.751979,28.431128,28.57373,17938800
2025-07-08,28.582643,29.046097,28.546991,28.983709,28778300
2025-07-09,29.028271,29.081747,28.573731,28.805456,22338900
2025-07-10,28.529165,28.903495,28.270701,28.734158,23102800
2025-07-11,28.698508,29.144137,28.653946,29.081749,23946700
2025-07-14,29.081747,29.206522,28.627203,28.698505,24106300
2025-07-15,28.734158,28.858934,28.350915,28.475693,18688300
2025-07-16,28.431127,28.475691,28.047886,28.33309,27588900
2025-07-17,28.315264,28.315264,27.985498,28.047886,27497600
2025-07-18,27.985498,28.163751,27.272493,27.620083,57635000
2025-07-21,27.530956,27.878548,27.424006,27.673557,16412000
2025-07-22,27.673557,28.145924,27.620082,27.940935,24557100
2025-07-23,27.940937,28.546991,27.896373,28.511341,27418600
2025-07-24,28.457867,28.53808,28.208314,28.46678,17856300
2025-07-25,28.511341,28.68068,28.44004,28.502428,13341000
2025-07-28,28.662854,28.903494,28.23505,28.538078,27972800
2025-07-29,28.689592,29.055008,28.511342,28.912407,33284000
2025-07-30,28.78763,29.259999,28.760893,29.206522,27110400
2025-07-31,28.921319,29.188695,28.894578,29.090656,23544900
2025-08-01,29.233259,29.331298,28.555904,28.707417,24191800
2025-08-04,28.707415,28.760892,28.484601,28.662853,15215600
2025-08-05,28.636118,28.885669,28.54699,28.796545,20635500
2025-08-06,29.055006,29.358034,28.68959,28.832191,32854600
2025-08-07,29.090657,29.277821,28.903494,28.992619,21111400
2025-08-08,28.074627,28.564819,27.210108,27.210108,107235300
2025-08-11,27.370531,27.655735,27.254669,27.379444,28045800
2025-08-12,27.441834,27.869637,27.317056,27.450745,37973300
2025-08-13,27.450743,27.50422,27.103153,27.245754,38340700
2025-08-14,27.388356,27.388356,26.755564,26.898165,43087500
2025-08-15,26.826862,26.933812,26.506009,26.88925,55416100
2025-08-18,26.960553,27.22793,26.755564,27.058592,31498100
2025-08-19,26.915989,26.942726,26.604048,26.773388,39294300
2025-08-20,26.844691,27.058592,26.826865,26.933815,23706600
2025-08-21,26.933813,27.120978,26.74665,26.996202,23327000
2025-08-22,27.244052,27.772709,27.162019,27.772709,49813600
2025-08-25,27.772711,28.05527,27.727138,27.936777,21075300
2025-08-26,27.781827,27.872975,27.553958,27.736254,21789700
2025-08-27,27.754481,27.96412,27.672448,27.94589,16349100
2025-08-28,28.055271,28.374286,27.991466,28.191992,25802500
2025-08-29,28.191992,28.574812,28.119074,28.346943,27713400
2025-09-01,28.438089,28.59304,28.301366,28.410744,9889700
2025-09-02,28.255794,28.656845,28.255794,28.556581,19812000
2025-09-03,28.365172,28.574811,28.182876,28.310482,29788800
2025-09-04,28.255794,28.547466,28.191991,28.310482,24816500
2025-09-05,28.328711,28.337826,27.517497,27.882088,46121900
2025-09-08,28.100845,28.228451,27.809172,27.991467,18164200
2025-09-09,28.128189,28.392517,28.082614,28.210222,31283900
2025-09-10,28.219334,28.747993,28.182876,28.720648,35949600
2025-09-11,28.529236,28.693302,28.501893,28.611269,17607900
2025-09-12,28.665958,28.893827,28.401629,28.419859,19318400
2025-09-15,28.529237,28.757107,28.310483,28.66596,21978400
2025-09-16,28.802681,28.875599,28.565697,28.738878,19154700
2025-09-17,28.747993,28.975863,28.675074,28.912058,29148100
2025-09-18,28.957632,29.003205,28.428975,28.629499,25702900
2025-09-19,28.647729,28.665959,28.173761,28.310482,48871300
2025-09-22,28.255795,28.684189,28.109959,28.593042,22016100
2025-09-23,28.702417,29.249303,28.675072,29.076122,39895300
2025-09-24,29.313107,29.741502,29.221961,29.732386,36414400
2025-09-25,29.805308,29.896454,29.386029,29.495405,29556300
2025-09-26,29.613898,29.841767,29.303995,29.395142,27819700
2025-09-29,29.404253,29.659469,28.921171,28.994089,35720000
2025-09-30,28.884715,29.076124,28.401631,28.675074,48611500
2025-10-01,28.665961,28.757107,28.529238,28.602156,24817000
2025-10-02,28.602157,28.629502,28.274026,28.328714,25497100
2025-10-03,28.401629,28.55658,28.255793,28.255793,19756800
2025-10-06,28.43809,28.465433,27.982352,28.00058,21245400
2025-10-07,28.00058,28.128188,27.663335,28.100843,29068800
2025-10-08,28.328713,28.328713,27.800056,27.936777,17687400
2025-10-09,27.94589,28.109956,27.517496,27.535725,22879700
2025-10-10,27.435467,27.490155,27.225828,27.289631,50214400
2025-10-13,27.481039,27.590417,27.316973,27.553957,13890500
2025-10-14,27.298742,27.763594,27.234937,27.362545,28138200
2025-10-15,27.38989,27.499268,27.043529,27.116447,40261000
2025-10-16,27.107332,27.171135,26.806544,26.843004,28660900
2025-10-17,26.888578,27.298743,26.715397,27.098217,36238600
2025-10-20,27.070874,27.253169,26.870348,27.116447,31442800
2025-10-21,27.307857,27.335202,26.861234,26.897694,25509900
2025-10-22,27.125561,27.37166,26.997955,27.207594,27088800
2025-10-23,27.818285,28.00058,27.44458,27.517498,40060800
2025-10-24,27.617759,27.754482,27.171136,27.198481,24370300
2025-10-27,27.490151,27.490151,27.061757,27.344315,24771400
2025-10-28,27.253168,27.663334,27.125562,27.335201,25324800
2025-10-29,27.426348,27.490151,27.162019,27.362545,24854900
2025-10-30,27.271396,27.49015,27.12556,27.244051,22657200
2025-10-31,27.344317,27.42635,26.934151,27.116447,29516300
2025-11-03,27.234939,27.77271,27.162021,27.435465,54977300
2025-11-04,27.344316,27.5813,27.262283,27.572186,35035200
2025-11-05,27.572185,28.21022,27.535725,28.119072,40375900
2025-11-06,28.237565,28.511009,28.164647,28.26491,43435700
2025-11-07,28.456316,29.331335,28.119071,29.331335,97315600
2025-11-10,29.440715,29.668585,29.10347,29.495405,41064200
2025-11-11,29.659471,30.479798,29.577438,30.261045,68221300
2025-11-12,30.31573,30.31573,29.24019,29.486286,67646400
2025-11-13,29.495404,30.024059,29.458944,29.613897,38517200
2025-11-14,29.714154,30.233695,29.695927,29.805304,27371300
2025-11-17,29.859992,30.151668,29.832649,29.969372,63708200
2025-11-18,29.805304,30.233696,29.777958,30.069633,26520500
2025-11-19,29.896452,30.060519,29.65947,29.914682,48719300
2025-11-21,29.677698,29.841764,29.495402,29.686811,40869300
2025-11-24,29.6777,29.850879,29.495403,29.65947,38665600
2025-11-25,29.486287,29.56832,29.249304,29.422483,28431100
2025-11-26,29.513636,29.540979,29.25842,29.376913,25042100
2025-11-27,29.422484,29.531864,29.349568,29.531864,16087400
2025-11-28,29.413371,29.449831,28.520124,28.975863,60420500
2025-12-01,29.121698,29.322221,28.775336,29.03055,29489100
2025-12-02,29.103465,29.231071,28.656842,29.231071,25574100
2025-12-03,29.303993,29.623009,29.303993,29.449829,36630000
2025-12-04,29.613898,29.85088,29.577438,29.641241,33009700
2025-12-05,29.623011,29.996716,28.593042,28.593042,74495100
2025-12-08,28.775335,29.158156,28.702417,28.857368,30271600
2025-12-09,28.811796,29.076123,28.556582,29.039665,23863000
2025-12-10,29.057893,29.158156,28.747993,29.112583,22123700
2025-12-11,29.057893,29.076123,28.483663,28.629499,64927900
2025-12-12,28.6295,28.912057,28.565696,28.793566,39659900
2025-12-15,28.875597,29.076122,28.793564,28.893827,31898900
2025-12-16,28.738876,28.738876,27.900317,28.018808,52661900
2025-12-17,28.12819,28.328714,28.09173,28.328714,39337100
2025-12-18,28.43809,28.511008,28.100843,28.164646,34311000
2025-12-19,28.319598,28.474549,28.22845,28.26491,45807700
2025-12-22,28.483664,28.738878,28.346943,28.346943,35896900
2025-12-23,28.725047,28.743853,28.395956,28.499384,35703900
2025-12-26,28.499384,28.612216,28.320735,28.59341,20178600
2025-12-29,28.73445,28.969516,28.69684,28.894295,20588100
2025-12-30,28.960114,29.110556,28.819075,28.97892,16880600
2026-01-02,29.110556,29.110556,28.546399,28.87549,21625200
2026-01-05,28.866088,28.931906,27.954031,28.395956,48211400
2026-01-06,28.555801,28.612217,27.850604,27.869408,38095000
2026-01-07,27.897616,28.048058,27.765979,28.048058,28132900
2026-01-08,28.123279,28.527592,28.010448,28.395956,34125800
2026-01-09,28.367747,28.903697,28.339539,28.489981,27982800
2026-01-12,28.489981,28.743853,28.405357,28.546398,18947400
2026-01-13,28.546398,29.44905,28.546398,29.279802,54097100
2026-01-14,29.477259,30.586769,29.33622,30.079027,82309300
2026-01-15,29.618299,30.022612,29.561883,29.890976,26456600
2026-01-16,30.041418,30.276483,29.975598,30.126041,70947300
2026-01-19,30.050817,30.285883,30.003805,30.248272,12852900
2026-01-20,30.248273,30.577367,30.032014,30.361107,26300000
2026-01-21,30.558563,31.545839,30.492745,31.433008,93270900
2026-01-22,31.385994,32.091191,31.273159,31.574047,71516300
2026-01-23,31.921947,33.360549,31.856129,32.946835,68642600
2026-01-26,33.257116,33.567405,32.946831,33.247715,39869600
2026-01-27,33.388752,34.272602,33.257116,33.971718,47268200
2026-01-28,34.366627,35.203461,34.319615,35.109436,46054700
2026-01-29,35.730012,36.275366,35.325698,35.447933,58722800
2026-01-30,35.006006,35.711204,34.808552,35.504345,45794700
2026-02-02,34.582887,35.015411,34.432445,35.015411,38505600
2026-02-03,35.26928,36.030895,34.921384,35.335102,57152800
2026-02-04,35.212865,35.429125,34.761539,35.278683,37955800
2026-02-05,35.165852,35.363307,34.69572,34.789745,35933100
2026-02-06,34.9872,35.043618,34.272602,34.460655,27681100
2026-02-09,34.47006,35.212869,34.36663,35.090633,27089800
2026-02-10,35.090633,35.335103,34.705125,35.118839,24585300
2026-02-11,35.476139,36.162531,35.438527,35.805233,55863800
2026-02-12,35.777019,35.777019,34.60169,34.893173,39856000
2026-02-13,34.940189,34.940189,34.347822,34.686317,27507000
2026-02-18,34.855565,35.156449,34.648706,34.968395,32276700
2026-02-19,35.259878,35.955675,35.203461,35.551361,48355000
2026-02-20,35.419719,35.701801,35.212864,35.701801,51949800
2026-02-23,35.701805,36.905341,35.588971,36.284767,55061500
2026-02-24,36.53864,37.29085,36.53864,37.206226,43263600
2026-02-25,37.554123,37.582333,36.698483,37.206226,26012300
2026-02-26,36.952352,37.422484,36.642067,37.243835,29919100
2026-02-27,37.535312,37.864407,36.98056,36.98056,38799000
2026-03-02,38.832878,39.049138,38.099473,38.673035,83817000
2026-03-03,39.208986,39.491064,38.315735,38.503788,93893800
2026-03-04,38.503789,38.710644,37.54472,38.080669,50915600
2026-03-05,38.108877,38.334542,37.591733,38.259319,53107600
2026-03-06,39.397039,40.544158,38.94571,39.641506,87228000
2026-03-09,40.666396,41.625465,40.121041,40.581772,107124400
2026-03-10,39.782547,40.525352,39.519271,40.365509,56706200
2026-03-11,40.666395,42.199025,40.647589,42.123802,73234300
2026-03-12,42.678561,43.336747,41.559649,42.311859,86124400
2026-03-13,41.945154,42.631546,41.64427,42.001568,42520400
2026-03-16,42.199026,43.242719,42.123803,43.120483,40474100
2026-03-17,43.111075,44.436846,43.064062,43.609417,51025600
2026-03-18,43.910301,44.33342,43.76926,44.192379,55074700
2026-03-19,44.380436,45.254881,43.900899,43.985523,84865000
2026-03-20,43.994923,44.427444,42.236628,42.941826,78125700
2026-03-23,41.766502,43.421368,41.672477,43.280327,65252400
2026-03-24,43.628227,45.085634,43.600016,44.446255,57455300
2026-03-25,43.722247,44.709522,43.534193,44.66251,40532900
2026-03-26,44.756535,45.574567,44.681316,45.151447,59986800
2026-03-27,45.602776,46.486623,45.25488,46.458416,54170900
2026-03-30,46.778104,47.66195,46.533637,46.702881,51454300
2026-03-31,47.078989,47.530315,44.803553,45.762619,78931700
2026-04-01,44.850564,45.198461,43.976119,44.540276,66488400
2026-04-02,46.354986,46.505428,45.085632,45.273685,38536900
2026-04-06,45.123244,46.072908,45.019814,46.016491,27848100
2026-04-07,46.157533,46.599458,45.508753,45.612179,33362800
2026-04-08,42.029777,43.853887,41.86993,43.82568,87580500
2026-04-09,44.700125,45.649789,44.220588,45.03862,58206500
2026-04-10,44.690721,46.101116,44.690721,46.101116,42860900
2026-04-13,46.778102,47.238833,46.30797,46.806309,60941100
2026-04-14,46.646469,46.68408,44.822355,45.019814,58646800
2026-04-15,45.085636,45.226673,43.938513,44.088955,61852100
2026-04-16,44.465057,45.772022,43.966715,45.677998,54484300
2026-04-17,43.722249,43.769262,42.189619,43.458977,105186900
2026-04-20,44.418048,44.64371,43.731653,44.211189,41904500
2026-04-22,44.794147,45.113836,44.427444,44.822353,51063000
2026-04-23,45.159049,45.84559,44.720428,45.549995,38666800
2026-04-24,45.292545,45.311616,44.291342,44.968346,34880200
2026-04-27,45.025556,45.931404,44.977877,45.168583,31543600
2026-04-28,45.435578,45.807453,45.254406,45.311619,29389700
2026-04-29,45.864662,47.008896,45.769311,46.684696,47685000
2026-04-30,46.541665,47.085175,46.045831,46.799118,36666100
2026-05-04,46.989826,47.533336,46.646556,47.047039,41319600
2026-05-05,46.608417,46.751444,46.083978,46.39864,28066500
2026-05-06,44.539258,45.283012,44.424836,45.073235,62009100
2026-05-07,44.243668,44.48205,43.099435,44.072033,71214500
2026-05-08,44.234129,44.386693,43.547588,43.547588,32914200
2026-05-11,44.062493,44.34855,43.52852,44.27227,50622200
2026-05-12,44.100635,44.100635,43.290139,43.557125,81072700
2026-05-13,43.642944,43.700157,42.298471,42.498711,57251900
2026-05-14,42.39382,43.26153,42.31754,42.908726,47760000
2026-05-15,43.2806,43.423631,42.889654,43.356884,59380500
2026-05-18,43.00408,44.300878,42.403361,44.281807,57388200
2026-05-19,43.852723,44.148314,43.471311,43.948074,40943000
2026-05-20,43.642946,44.253203,42.470108,42.527317,52780200
2026-05-21,43.00408,43.528523,42.431965,42.861053,57725900
2026-05-22,42.660811,42.670344,41.831239,42.412891,39634300
2026-05-25,41.468901,41.783563,40.973066,41.383083,26720900
2026-05-26,41.344942,41.764493,41.154236,41.421223,36040500
2026-05-27,40.286526,41.18284,40.191175,40.830036,53745400
2026-05-28,41.097024,41.173308,40.286527,40.534443,37534800
2026-05-29,40.238851,40.381878,39.87651,40.048145,73281800
2026-06-01,40.429556,41.020742,40.010002,40.400948,73925300
2026-06-02,40.624895,40.702458,40.178891,40.304935,27318300
2026-06-03,40.382503,40.595806,39.994675,39.994675,42895100
2026-06-05,39.781369,40.169197,39.412936,39.64563,34730900
2026-06-08,39.9462,40.062547,39.587461,39.965591,34043600
2026-06-09,39.635935,40.111021,39.461412,39.917107,56680400
2026-06-10,39.955891,40.760634,39.761977,40.382504,44953200
2026-06-11,40.382505,40.867289,39.907416,40.489155,52321500
2026-06-12,39.81046,40.266155,39.577762,39.926807,34082200
2026-06-15,38.627584,38.705148,37.871323,37.871323,54174000
2026-06-16,37.279888,37.599844,37.037496,37.367149,36250100
2026-06-17,37.531972,37.677408,37.105363,37.396233,66882000
2026-06-18,37.134448,37.900407,36.271533,37.667709,53332600
2026-06-19,37.677408,37.9198,37.44471,37.619232,44775800
2026-06-22,37.570757,38.016758,37.308973,37.977974,35488200
2026-06-23,37.774363,38.3658,37.658016,38.133106,27398600
2026-06-24,37.716193,37.793756,36.969625,37.124756,59191400
2026-06-25,36.959929,37.493191,36.766015,37.279888,25152300
2026-06-26,36.91145,37.085973,36.775711,36.901756,23383000
2026-06-29,37.037496,37.202321,36.766014,36.979321,14924800
2026-06-30,37.008405,37.018103,36.591494,36.649666,31974300
2026-07-01,36.358798,36.688451,36.261842,36.678757,21094300
2026-07-02,36.736929,37.289582,36.504234,36.804798,21888800
2026-07-03,36.911449,37.085972,36.707841,37.085972,10369500
2026-07-06,36.795101,36.862971,36.465448,36.620579,20811400
2026-07-07,36.843579,37.590147,36.766012,37.270187,39823600
2026-07-08,38.443367,38.540322,37.813146,38.443367,40215300
2026-07-09,38.530631,38.763326,37.706497,38.016758,33386500
2026-07-10,38.433669,38.753628,38.1428,38.443367,27316800
2026-07-13,39.277194,39.674716,39.015414,39.42263,43045700
2026-07-14,39.946198,40.052851,38.889369,39.42263,32649500
2026-07-15,39.180237,39.558368,39.005714,39.354759,25608800
2026-07-16,39.151153,39.616546,38.676064,38.676064,20551700
2026-07-17,39.180237,39.858935,39.180237,39.655327,32168300
2026-07-20,39.946198,40.178892,39.238414,39.89772,26987600
2026-07-21,39.95589,40.43098,39.878327,40.392197,38631400
2026-07-22,40.818807,41.439333,40.692766,41.284203,38292200
2026-07-23,42.079247,42.166508,41.555679,41.642941,25257900
2026-07-24,41.080592,41.604159,40.867289,40.925461,29151600
2026-07-27,39.946198,40.217676,39.577762,39.761978,32902600
2026-07-28,39.771674,40.49885,39.645629,39.955891,29946800
2026-07-29,40.876982,41.10968,40.479459,40.721851,31465400
2026-07-30,40.721852,41.536289,40.54733,41.536289,25268900
2026-07-31,41.69142,42.224681,41.555681,42.098637,24997300
2026-08-03,41.109682,41.778682,41.0612,41.739899,24400900
2026-08-04,41.77868,41.77868,40.49885,41.206635,27216700
2026-08-05,41.235719,41.681724,40.479458,40.65398,32365700
2026-08-06,40.741244,41.17755,40.644285,40.847897,46662600
2026-08-07,41.594465,41.652637,39.58746,39.62624,97926700
2026-08-10,40.062544,41.177549,39.810458,40.944851,74915200
2026-08-11,41.109678,41.206634,39.761976,40.392197,53988900
2026-08-12,40.237069,40.692767,39.897721,40.188591,63890300
2026-08-13,39.897721,40.683069,39.820154,40.624897,37063800
2026-08-14,40.363112,41.167852,40.363112,40.809113,34127900
2026-08-17,41.0612,41.458723,40.450375,41.177551,47636500
2026-08-18,41.497507,41.885336,41.12907,41.303593,36838100
2026-08-19,41.536289,42.631902,41.536289,41.798073,49580800
2026-08-20,42.418595,43.271816,42.147117,42.971249,44893400
2026-08-21,42.990642,43.26212,42.81612,42.951859,52792400
2026-08-24,42.599998,42.639999,41.619999,42.110001,49502500
2026-08-25,41.18,41.91,41.009998,41.349998,85920800
2026-08-26,41.139999,42.27,40.970001,41.450001,74631000
2026-08-27,41.450001,42.889999,41.0,42.700001,43197800
2026-08-28,42.720001,43.599998,42.619999,43.549999,46135600
2026-08-31,44.619999,45.34,44.330002,45.02,68431400
2026-09-01,45.5,46.939999,45.5,46.869999,49726600
2026-09-02,46.82,48.25,46.560001,48.200001,54091600
2026-09-03,48.459999,49.189999,47.450001,47.560001,51488400
2026-09-04,47.32,47.450001,46.720001,47.110001,28838000
2026-09-08,48.099998,48.5,47.529999,48.09,34388500
2026-09-09,48.740002,48.950001,48.189999,48.419998,40391600
2026-09-10,48.91,49.599998,48.540001,49.119999,43955800
2026-09-11,48.5,49.119999,48.09,49.0,27610000
2026-09-14,49.509998,49.73,48.610001,48.919998,32098300
2026-09-15,49.060001,50.700001,49.029999,50.43,46559600
2026-09-16,49.939999,49.98,48.619999,48.650002,52457100
2026-09-17,48.029999,49.200001,47.959999,48.610001,32429800
2026-09-18,48.400002,48.830002,48.25,48.5,52733500
2026-09-21,48.209999,48.400002,47.799999,48.0,28757300
2026-09-22,47.560001,48.540001,47.299999,48.349998,48852400
2026-09-23,48.549999,50.060001,48.52,49.599998,43570600
2026-09-24,49.700001,50.240002,49.189999,49.259998,34675400
2026-09-25,48.799999,48.869999,47.919998,48.07,34445400
2026-09-28,48.560001,49.27,48.279999,48.720001,46903600
2026-09-29,48.119999,49.099998,47.889999,49.099998,24110900
2026-09-30,49.799999,50.029999,49.119999,49.119999,31859600
2026-10-01,49.66,50.029999,49.130001,49.900002,34127800
2026-10-02,49.740002,51.349998,49.400002,51.169998,57295600
